DEPTH = 32768;
WIDTH = 32;
ADDRESS_RADIX = HEX;
DATA_RADIX = HEX;
CONTENT
BEGIN
00000000 : 0000000a;
00000001 : ff100000;
00000002 : ff112c00;
00000003 : 00000000;
00000004 : 00000000;
00000005 : 00000000;
00000006 : 00000000;
00000007 : 00000000;
00000008 : 00000000;
00000009 : 00000000;
0000000a : 00000000;
0000000b : 00000000;
0000000c : 00000000;
0000000d : 00000000;
0000000e : 00000000;
0000000f : 00000000;
00000010 : 00000000;
00000011 : 00000000;
00000012 : 00000000;
00000013 : 00000000;
00000014 : 00000000;
00000015 : 00000000;
00000016 : 00000000;
00000017 : 00000000;
00000018 : 00000000;
00000019 : 00000000;
0000001a : 00000000;
0000001b : 00000000;
0000001c : 00000000;
0000001d : 00000000;
0000001e : 00000000;
0000001f : 00000000;
00000020 : 00000000;
00000021 : 00000000;
00000022 : 00000000;
00000023 : 00000000;
00000024 : 00000000;
00000025 : 00000000;
00000026 : 00000000;
00000027 : 00000000;
00000028 : 00000000;
00000029 : 00000000;
0000002a : 00000000;
0000002b : 00000000;
0000002c : 00000000;
0000002d : 00000000;
0000002e : 00000000;
0000002f : 00000000;
00000030 : 00000000;
00000031 : 00000000;
00000032 : 00000000;
00000033 : 00000000;
00000034 : 00000000;
00000035 : 00000000;
00000036 : 00000000;
00000037 : 00000000;
00000038 : 00000000;
00000039 : 00000000;
0000003a : 00000000;
0000003b : 00000000;
0000003c : 00000000;
0000003d : 00000000;
0000003e : 00000000;
0000003f : 00000000;
00000040 : 00000000;
00000041 : 00000000;
00000042 : 00000000;
00000043 : 00000000;
00000044 : 00000000;
00000045 : 00000000;
00000046 : 00000000;
00000047 : 00000000;
00000048 : 00000000;
00000049 : 00000000;
0000004a : 00000000;
0000004b : 00000000;
0000004c : 00000000;
0000004d : 00000000;
0000004e : 00000000;
0000004f : 00000000;
00000050 : 00000000;
00000051 : 00000000;
00000052 : 00000000;
00000053 : 00000000;
00000054 : 00000000;
00000055 : 00000000;
00000056 : 00000000;
00000057 : 00000000;
00000058 : 00000000;
00000059 : 00000000;
0000005a : 00000000;
0000005b : 00000000;
0000005c : 00000000;
0000005d : 00000000;
0000005e : 00000000;
0000005f : 00000000;
00000060 : 00000000;
00000061 : 00000000;
00000062 : 00000000;
00000063 : 00000000;
00000064 : 00000000;
00000065 : 00000000;
00000066 : 00000000;
00000067 : 00000000;
00000068 : 00000000;
00000069 : 00000000;
0000006a : 00000000;
0000006b : 00000000;
0000006c : 00000000;
0000006d : 00000000;
0000006e : 00000000;
0000006f : 00000000;
00000070 : 00000000;
00000071 : 00000000;
00000072 : 00000000;
00000073 : 00000000;
00000074 : 00000000;
00000075 : 00000000;
00000076 : 00000000;
00000077 : 00000000;
00000078 : 00000000;
00000079 : 00000000;
0000007a : 00000000;
0000007b : 00000000;
0000007c : 00000000;
0000007d : 00000000;
0000007e : 00000000;
0000007f : 00000000;
00000080 : 00000000;
00000081 : 00000000;
00000082 : 00000000;
00000083 : 00000000;
00000084 : 00000000;
00000085 : 00000000;
00000086 : 00000000;
00000087 : 00000000;
00000088 : 00000000;
00000089 : 00000000;
0000008a : 00000000;
0000008b : 00000000;
0000008c : 00000000;
0000008d : 00000000;
0000008e : 00000000;
0000008f : 00000000;
00000090 : 00000000;
00000091 : 00000000;
00000092 : 00000000;
00000093 : 00000000;
00000094 : 00000000;
00000095 : 00000000;
00000096 : 00000000;
00000097 : 00000000;
00000098 : 00000000;
00000099 : 00000000;
0000009a : 00000000;
0000009b : 00000000;
0000009c : 00000000;
0000009d : 00000000;
0000009e : 00000000;
0000009f : 00000000;
000000a0 : 00000000;
000000a1 : 00000000;
000000a2 : 00000000;
000000a3 : 00000000;
000000a4 : 00000000;
000000a5 : 00000000;
000000a6 : 00000000;
000000a7 : 00000000;
000000a8 : 00000000;
000000a9 : 00000000;
000000aa : 00000000;
000000ab : 00000000;
000000ac : 00000000;
000000ad : 00000000;
000000ae : 00000000;
000000af : 00000000;
000000b0 : 00000000;
000000b1 : 00000000;
000000b2 : 00000000;
000000b3 : 00000000;
000000b4 : 00000000;
000000b5 : 00000000;
000000b6 : 00000000;
000000b7 : 00000000;
000000b8 : 00000000;
000000b9 : 00000000;
000000ba : 00000000;
000000bb : 00000000;
000000bc : 00000000;
000000bd : 00000000;
000000be : 00000000;
000000bf : 00000000;
000000c0 : 00000000;
000000c1 : 00000000;
000000c2 : 00000000;
000000c3 : 00000000;
000000c4 : 00000000;
000000c5 : 00000000;
000000c6 : 00000000;
000000c7 : 00000000;
000000c8 : 00000000;
000000c9 : 00000000;
000000ca : 00000000;
000000cb : 00000000;
000000cc : 00000000;
000000cd : 00000000;
000000ce : 00000000;
000000cf : 00000000;
000000d0 : 00000000;
000000d1 : 00000000;
000000d2 : 00000000;
000000d3 : 00000000;
000000d4 : 00000000;
000000d5 : 00000000;
000000d6 : 00000000;
000000d7 : 00000000;
000000d8 : 00000000;
000000d9 : 00000000;
000000da : 00000000;
000000db : 00000000;
000000dc : 00000000;
000000dd : 00000000;
000000de : 00000000;
000000df : 00000000;
000000e0 : 00000000;
000000e1 : 00000000;
000000e2 : 00000000;
000000e3 : 00000000;
000000e4 : 00000000;
000000e5 : 00000000;
000000e6 : 00000000;
000000e7 : 00000000;
000000e8 : 00000000;
000000e9 : 00000000;
000000ea : 00000000;
000000eb : 00000000;
000000ec : 00000000;
000000ed : 00000000;
000000ee : 00000000;
000000ef : 00000000;
000000f0 : 00000000;
000000f1 : 00000000;
000000f2 : 00000000;
000000f3 : 00000000;
000000f4 : 00000000;
000000f5 : 00000000;
000000f6 : 00000000;
000000f7 : 00000000;
000000f8 : 00000000;
000000f9 : 00000000;
000000fa : 00000000;
000000fb : 00000000;
000000fc : 00000000;
000000fd : 00000000;
000000fe : 00000000;
000000ff : 00000000;
00000100 : 00000000;
00000101 : 00000000;
00000102 : 00000000;
00000103 : 00000000;
00000104 : 00000000;
00000105 : 00000000;
00000106 : 00000000;
00000107 : 00000000;
00000108 : 00000000;
00000109 : 00000000;
0000010a : 00000000;
0000010b : 00000000;
0000010c : 00000000;
0000010d : 00000000;
0000010e : 00000000;
0000010f : 00000000;
00000110 : 00000000;
00000111 : 00000000;
00000112 : 00000000;
00000113 : 00000000;
00000114 : 00000000;
00000115 : 00000000;
00000116 : 00000000;
00000117 : 00000000;
00000118 : 00000000;
00000119 : 00000000;
0000011a : 00000000;
0000011b : 00000000;
0000011c : 00000000;
0000011d : 00000000;
0000011e : 00000000;
0000011f : 00000000;
00000120 : 00000000;
00000121 : 00000000;
00000122 : 00000000;
00000123 : 00000000;
00000124 : 00000000;
00000125 : 00000000;
00000126 : 00000000;
00000127 : 00000000;
00000128 : 00000000;
00000129 : 00000000;
0000012a : 00000000;
0000012b : 00000000;
0000012c : 00000000;
0000012d : 00000000;
0000012e : 00000000;
0000012f : 00000000;
00000130 : 00000000;
00000131 : 00000000;
00000132 : 00000000;
00000133 : 00000000;
00000134 : 00000000;
00000135 : 00000000;
00000136 : 00000000;
00000137 : 00000000;
00000138 : 00000000;
00000139 : 00000000;
0000013a : 00000000;
0000013b : 00000000;
0000013c : 00000000;
0000013d : 00000000;
0000013e : 00000000;
0000013f : 00000000;
00000140 : 00000000;
00000141 : 00000000;
00000142 : 00000000;
00000143 : 00000000;
00000144 : 00000000;
00000145 : 00000000;
00000146 : 00000000;
00000147 : 00000000;
00000148 : 00000000;
00000149 : 00000000;
0000014a : 00000000;
0000014b : 00000000;
0000014c : 00000000;
0000014d : 00000000;
0000014e : 00000000;
0000014f : 00000000;
00000150 : 00000000;
00000151 : 00000000;
00000152 : 00000000;
00000153 : 00000000;
00000154 : 00000000;
00000155 : 00000000;
00000156 : 00000000;
00000157 : 00000000;
00000158 : 00000000;
00000159 : 00000000;
0000015a : 00000000;
0000015b : 00000000;
0000015c : 00000000;
0000015d : 00000000;
0000015e : 00000000;
0000015f : 00000000;
00000160 : 00000000;
00000161 : 00000000;
00000162 : 00000000;
00000163 : 00000000;
00000164 : 00000000;
00000165 : 00000000;
00000166 : 00000000;
00000167 : 00000000;
00000168 : 00000000;
00000169 : 00000000;
0000016a : 00000000;
0000016b : 00000000;
0000016c : 00000000;
0000016d : 00000000;
0000016e : 00000000;
0000016f : 00000000;
00000170 : 00000000;
00000171 : 00000000;
00000172 : 00000000;
00000173 : 00000000;
00000174 : 00000000;
00000175 : 00000000;
00000176 : 00000000;
00000177 : 00000000;
00000178 : 00000000;
00000179 : 00000000;
0000017a : 00000000;
0000017b : 00000000;
0000017c : 00000000;
0000017d : 00000000;
0000017e : 00000000;
0000017f : 00000000;
00000180 : 00000000;
00000181 : 00000000;
00000182 : 00000000;
00000183 : 00000000;
00000184 : 00000000;
00000185 : 00000000;
00000186 : 00000000;
00000187 : 00000000;
00000188 : 00000000;
00000189 : 00000000;
0000018a : 00000000;
0000018b : 00000000;
0000018c : 00000000;
0000018d : 00000000;
0000018e : 00000000;
0000018f : 00000000;
00000190 : 00000000;
00000191 : 00000000;
00000192 : 00000000;
00000193 : 00000000;
00000194 : 00000000;
00000195 : 00000000;
00000196 : 00000000;
00000197 : 00000000;
00000198 : 00000000;
00000199 : 00000000;
0000019a : 00000000;
0000019b : 00000000;
0000019c : 00000000;
0000019d : 00000000;
0000019e : 00000000;
0000019f : 00000000;
000001a0 : 00000000;
000001a1 : 00000000;
000001a2 : 00000000;
000001a3 : 00000000;
000001a4 : 00000000;
000001a5 : 00000000;
000001a6 : 00000000;
000001a7 : 00000000;
000001a8 : 00000000;
000001a9 : 00000000;
000001aa : 00000000;
000001ab : 00000000;
000001ac : 00000000;
000001ad : 00000000;
000001ae : 00000000;
000001af : 00000000;
000001b0 : 00000000;
000001b1 : 00000000;
000001b2 : 00000000;
000001b3 : 00000000;
000001b4 : 00000000;
000001b5 : 00000000;
000001b6 : 00000000;
000001b7 : 00000000;
000001b8 : 00000000;
000001b9 : 00000000;
000001ba : 00000000;
000001bb : 00000000;
000001bc : 00000000;
000001bd : 00000000;
000001be : 00000000;
000001bf : 00000000;
000001c0 : 00000000;
000001c1 : 00000000;
000001c2 : 00000000;
000001c3 : 00000000;
000001c4 : 00000000;
000001c5 : 00000000;
000001c6 : 00000000;
000001c7 : 00000000;
000001c8 : 00000000;
000001c9 : 00000000;
000001ca : 00000000;
000001cb : 00000000;
000001cc : 00000000;
000001cd : 00000000;
000001ce : 00000000;
000001cf : 00000000;
000001d0 : 00000000;
000001d1 : 00000000;
000001d2 : 00000000;
000001d3 : 00000000;
000001d4 : 00000000;
000001d5 : 00000000;
000001d6 : 00000000;
000001d7 : 00000000;
000001d8 : 00000000;
000001d9 : 00000000;
000001da : 00000000;
000001db : 00000000;
000001dc : 00000000;
000001dd : 00000000;
000001de : 00000000;
000001df : 00000000;
000001e0 : 00000000;
000001e1 : 00000000;
000001e2 : 00000000;
000001e3 : 00000000;
000001e4 : 00000000;
000001e5 : 00000000;
000001e6 : 00000000;
000001e7 : 00000000;
000001e8 : 00000000;
000001e9 : 00000000;
000001ea : 00000000;
000001eb : 00000000;
000001ec : 00000000;
000001ed : 00000000;
000001ee : 00000000;
000001ef : 00000000;
000001f0 : 00000000;
000001f1 : 00000000;
000001f2 : 00000000;
000001f3 : 00000000;
000001f4 : 00000000;
000001f5 : 00000000;
000001f6 : 00000000;
000001f7 : 00000000;
000001f8 : 00000000;
000001f9 : 00000000;
000001fa : 00000000;
000001fb : 00000000;
000001fc : 00000000;
000001fd : 00000000;
000001fe : 00000000;
000001ff : 00000000;
00000200 : 00000000;
00000201 : 00000000;
00000202 : 00000000;
00000203 : 00000000;
00000204 : 00000000;
00000205 : 00000000;
00000206 : 00000000;
00000207 : 00000000;
00000208 : 00000000;
00000209 : 00000000;
0000020a : 00000000;
0000020b : 00000000;
0000020c : 00000000;
0000020d : 00000000;
0000020e : 00000000;
0000020f : 00000000;
00000210 : 00000000;
00000211 : 00000000;
00000212 : 00000000;
00000213 : 00000000;
00000214 : 00000000;
00000215 : 00000000;
00000216 : 00000000;
00000217 : 00000000;
00000218 : 00000000;
00000219 : 00000000;
0000021a : 00000000;
0000021b : 00000000;
0000021c : 00000000;
0000021d : 00000000;
0000021e : 00000000;
0000021f : 00000000;
00000220 : 00000000;
00000221 : 00000000;
00000222 : 00000000;
00000223 : 00000000;
00000224 : 00000000;
00000225 : 00000000;
00000226 : 00000000;
00000227 : 00000000;
00000228 : 00000000;
00000229 : 00000000;
0000022a : 00000000;
0000022b : 00000000;
0000022c : 00000000;
0000022d : 00000000;
0000022e : 00000000;
0000022f : 00000000;
00000230 : 00000000;
00000231 : 00000000;
00000232 : 00000000;
00000233 : 00000000;
00000234 : 00000000;
00000235 : 00000000;
00000236 : 00000000;
00000237 : 00000000;
00000238 : 00000000;
00000239 : 00000000;
0000023a : 00000000;
0000023b : 00000000;
0000023c : 00000000;
0000023d : 00000000;
0000023e : 00000000;
0000023f : 00000000;
00000240 : 00000000;
00000241 : 00000000;
00000242 : 00000000;
00000243 : 00000000;
00000244 : 00000000;
00000245 : 00000000;
00000246 : 00000000;
00000247 : 00000000;
00000248 : 00000000;
00000249 : 00000000;
0000024a : 00000000;
0000024b : 00000000;
0000024c : 00000000;
0000024d : 00000000;
0000024e : 00000000;
0000024f : 00000000;
00000250 : 00000000;
00000251 : 00000000;
00000252 : 00000000;
00000253 : 00000000;
00000254 : 00000000;
00000255 : 00000000;
00000256 : 00000000;
00000257 : 00000000;
00000258 : 00000000;
00000259 : 00000000;
0000025a : 00000000;
0000025b : 00000000;
0000025c : 00000000;
0000025d : 00000000;
0000025e : 00000000;
0000025f : 00000000;
00000260 : 00000000;
00000261 : 00000000;
00000262 : 00000000;
00000263 : 00000000;
00000264 : 00000000;
00000265 : 00000000;
00000266 : 00000000;
00000267 : 00000000;
00000268 : 00000000;
00000269 : 00000000;
0000026a : 00000000;
0000026b : 00000000;
0000026c : 00000000;
0000026d : 00000000;
0000026e : 00000000;
0000026f : 00000000;
00000270 : 00000000;
00000271 : 00000000;
00000272 : 00000000;
00000273 : 00000000;
00000274 : 00000000;
00000275 : 00000000;
00000276 : 00000000;
00000277 : 00000000;
00000278 : 00000000;
00000279 : 00000000;
0000027a : 00000000;
0000027b : 00000000;
0000027c : 00000000;
0000027d : 00000000;
0000027e : 00000000;
0000027f : 00000000;
00000280 : 00000000;
00000281 : 00000000;
00000282 : 00000000;
00000283 : 00000000;
00000284 : 00000000;
00000285 : 00000000;
00000286 : 00000000;
00000287 : 00000000;
00000288 : 00000000;
00000289 : 00000000;
0000028a : 00000000;
0000028b : 00000000;
0000028c : 00000000;
0000028d : 00000000;
0000028e : 00000000;
0000028f : 00000000;
00000290 : 00000000;
00000291 : 00000000;
00000292 : 00000000;
00000293 : 00000000;
00000294 : 00000000;
00000295 : 00000000;
00000296 : 00000000;
00000297 : 00000000;
00000298 : 00000000;
00000299 : 00000000;
0000029a : 00000000;
0000029b : 00000000;
0000029c : 00000000;
0000029d : 00000000;
0000029e : 00000000;
0000029f : 00000000;
000002a0 : 00000000;
000002a1 : 00000000;
000002a2 : 00000000;
000002a3 : 00000000;
000002a4 : 00000000;
000002a5 : 00000000;
000002a6 : 00000000;
000002a7 : 00000000;
000002a8 : 00000000;
000002a9 : 00000000;
000002aa : 00000000;
000002ab : 00000000;
000002ac : 00000000;
000002ad : 00000000;
000002ae : 00000000;
000002af : 00000000;
000002b0 : 00000000;
000002b1 : 00000000;
000002b2 : 00000000;
000002b3 : 00000000;
000002b4 : 00000000;
000002b5 : 00000000;
000002b6 : 00000000;
000002b7 : 00000000;
000002b8 : 00000000;
000002b9 : 00000000;
000002ba : 00000000;
000002bb : 00000000;
000002bc : 00000000;
000002bd : 00000000;
000002be : 00000000;
000002bf : 00000000;
000002c0 : 00000000;
000002c1 : 00000000;
000002c2 : 00000000;
000002c3 : 00000000;
000002c4 : 00000000;
000002c5 : 00000000;
000002c6 : 00000000;
000002c7 : 00000000;
000002c8 : 00000000;
000002c9 : 00000000;
000002ca : 00000000;
000002cb : 00000000;
000002cc : 00000000;
000002cd : 00000000;
000002ce : 00000000;
000002cf : 00000000;
000002d0 : 00000000;
000002d1 : 00000000;
000002d2 : 00000000;
000002d3 : 00000000;
000002d4 : 00000000;
000002d5 : 00000000;
000002d6 : 00000000;
000002d7 : 00000000;
000002d8 : 00000000;
000002d9 : 00000000;
000002da : 00000000;
000002db : 00000000;
000002dc : 00000000;
000002dd : 00000000;
000002de : 00000000;
000002df : 00000000;
000002e0 : 00000000;
000002e1 : 00000000;
000002e2 : 00000000;
000002e3 : 00000000;
000002e4 : 00000000;
000002e5 : 00000000;
000002e6 : 00000000;
000002e7 : 00000000;
000002e8 : 00000000;
000002e9 : 00000000;
000002ea : 00000000;
000002eb : 00000000;
000002ec : 00000000;
000002ed : 00000000;
000002ee : 00000000;
000002ef : 00000000;
000002f0 : 00000000;
000002f1 : 00000000;
000002f2 : 00000000;
000002f3 : 00000000;
000002f4 : 00000000;
000002f5 : 00000000;
000002f6 : 00000000;
000002f7 : 00000000;
000002f8 : 00000000;
000002f9 : 00000000;
000002fa : 00000000;
000002fb : 00000000;
000002fc : 00000000;
000002fd : 00000000;
000002fe : 00000000;
000002ff : 00000000;
00000300 : 00000000;
00000301 : 00000000;
00000302 : 00000000;
00000303 : 00000000;
00000304 : 00000000;
00000305 : 00000000;
00000306 : 00000000;
00000307 : 00000000;
00000308 : 00000000;
00000309 : 00000000;
0000030a : 00000000;
0000030b : 00000000;
0000030c : 00000000;
0000030d : 00000000;
0000030e : 00000000;
0000030f : 00000000;
00000310 : 00000000;
00000311 : 00000000;
00000312 : 00000000;
00000313 : 00000000;
00000314 : 00000000;
00000315 : 00000000;
00000316 : 00000000;
00000317 : 00000000;
00000318 : 00000000;
00000319 : 00000000;
0000031a : 00000000;
0000031b : 00000000;
0000031c : 00000000;
0000031d : 00000000;
0000031e : 00000000;
0000031f : 00000000;
00000320 : 00000000;
00000321 : 00000000;
00000322 : 00000000;
00000323 : 00000000;
00000324 : 00000000;
00000325 : 00000000;
00000326 : 00000000;
00000327 : 00000000;
00000328 : 00000000;
00000329 : 00000000;
0000032a : 00000000;
0000032b : 00000000;
0000032c : 00000000;
0000032d : 00000000;
0000032e : 00000000;
0000032f : 00000000;
00000330 : 00000000;
00000331 : 00000000;
00000332 : 00000000;
00000333 : 00000000;
00000334 : 00000000;
00000335 : 00000000;
00000336 : 00000000;
00000337 : 00000000;
00000338 : 00000000;
00000339 : 00000000;
0000033a : 00000000;
0000033b : 00000000;
0000033c : 00000000;
0000033d : 00000000;
0000033e : 00000000;
0000033f : 00000000;
00000340 : 00000000;
00000341 : 00000000;
00000342 : 00000000;
00000343 : 00000000;
00000344 : 00000000;
00000345 : 00000000;
00000346 : 00000000;
00000347 : 00000000;
00000348 : 00000000;
00000349 : 00000000;
0000034a : 00000000;
0000034b : 00000000;
0000034c : 00000000;
0000034d : 00000000;
0000034e : 00000000;
0000034f : 00000000;
00000350 : 00000000;
00000351 : 00000000;
00000352 : 00000000;
00000353 : 00000000;
00000354 : 00000000;
00000355 : 00000000;
00000356 : 00000000;
00000357 : 00000000;
00000358 : 00000000;
00000359 : 00000000;
0000035a : 00000000;
0000035b : 00000000;
0000035c : 00000000;
0000035d : 00000000;
0000035e : 00000000;
0000035f : 00000000;
00000360 : 00000000;
00000361 : 00000000;
00000362 : 00000000;
00000363 : 00000000;
00000364 : 00000000;
00000365 : 00000000;
00000366 : 00000000;
00000367 : 00000000;
00000368 : 00000000;
00000369 : 00000000;
0000036a : 00000000;
0000036b : 00000000;
0000036c : 00000000;
0000036d : 00000000;
0000036e : 00000000;
0000036f : 00000000;
00000370 : 00000000;
00000371 : 00000000;
00000372 : 00000000;
00000373 : 00000000;
00000374 : 00000000;
00000375 : 00000000;
00000376 : 00000000;
00000377 : 00000000;
00000378 : 00000000;
00000379 : 00000000;
0000037a : 00000000;
0000037b : 00000000;
0000037c : 00000000;
0000037d : 00000000;
0000037e : 00000000;
0000037f : 00000000;
00000380 : 00000000;
00000381 : 00000000;
00000382 : 00000000;
00000383 : 00000000;
00000384 : 00000000;
00000385 : 00000000;
00000386 : 00000000;
00000387 : 00000000;
00000388 : 00000000;
00000389 : 00000000;
0000038a : 00000000;
0000038b : 00000000;
0000038c : 00000000;
0000038d : 00000000;
0000038e : 00000000;
0000038f : 00000000;
00000390 : 00000000;
00000391 : 00000000;
00000392 : 00000000;
00000393 : 00000000;
00000394 : 00000000;
00000395 : 00000000;
00000396 : 00000000;
00000397 : 00000000;
00000398 : 00000000;
00000399 : 00000000;
0000039a : 00000000;
0000039b : 00000000;
0000039c : 00000000;
0000039d : 00000000;
0000039e : 00000000;
0000039f : 00000000;
000003a0 : 00000000;
000003a1 : 00000000;
000003a2 : 00000000;
000003a3 : 00000000;
000003a4 : 00000000;
000003a5 : 00000000;
000003a6 : 00000000;
000003a7 : 00000000;
000003a8 : 00000000;
000003a9 : 00000000;
000003aa : 00000000;
000003ab : 00000000;
000003ac : 00000000;
000003ad : 00000000;
000003ae : 00000000;
000003af : 00000000;
000003b0 : 00000000;
000003b1 : 00000000;
000003b2 : 00000000;
000003b3 : 00000000;
000003b4 : 00000000;
000003b5 : 00000000;
000003b6 : 00000000;
000003b7 : 00000000;
000003b8 : 00000000;
000003b9 : 00000000;
000003ba : 00000000;
000003bb : 00000000;
000003bc : 00000000;
000003bd : 00000000;
000003be : 00000000;
000003bf : 00000000;
000003c0 : 00000000;
000003c1 : 00000000;
000003c2 : 00000000;
000003c3 : 00000000;
000003c4 : 00000000;
000003c5 : 00000000;
000003c6 : 00000000;
000003c7 : 00000000;
000003c8 : 00000000;
000003c9 : 00000000;
000003ca : 00000000;
000003cb : 00000000;
000003cc : 00000000;
000003cd : 00000000;
000003ce : 00000000;
000003cf : 00000000;
000003d0 : 00000000;
000003d1 : 00000000;
000003d2 : 00000000;
000003d3 : 00000000;
000003d4 : 00000000;
000003d5 : 00000000;
000003d6 : 00000000;
000003d7 : 00000000;
000003d8 : 00000000;
000003d9 : 00000000;
000003da : 00000000;
000003db : 00000000;
000003dc : 00000000;
000003dd : 00000000;
000003de : 00000000;
000003df : 00000000;
000003e0 : 00000000;
000003e1 : 00000000;
000003e2 : 00000000;
000003e3 : 00000000;
000003e4 : 00000000;
000003e5 : 00000000;
000003e6 : 00000000;
000003e7 : 00000000;
000003e8 : 00000000;
000003e9 : 00000000;
000003ea : 00000000;
000003eb : 00000000;
000003ec : 00000000;
000003ed : 00000000;
000003ee : 00000000;
000003ef : 00000000;
000003f0 : 00000000;
000003f1 : 00000000;
000003f2 : 00000000;
000003f3 : 00000000;
000003f4 : 00000000;
000003f5 : 00000000;
000003f6 : 00000000;
000003f7 : 00000000;
000003f8 : 00000000;
000003f9 : 00000000;
000003fa : 00000000;
000003fb : 00000000;
000003fc : 00000000;
000003fd : 00000000;
000003fe : 00000000;
000003ff : 00000000;
00000400 : 00000000;
00000401 : 00000000;
00000402 : 00000000;
00000403 : 00000000;
00000404 : 00000000;
00000405 : 00000000;
00000406 : 00000000;
00000407 : 00000000;
00000408 : 00000000;
00000409 : 00000000;
0000040a : 00000000;
0000040b : 00000000;
0000040c : 00000000;
0000040d : 00000000;
0000040e : 00000000;
0000040f : 00000000;
00000410 : 00000000;
00000411 : 00000000;
00000412 : 00000000;
00000413 : 00000000;
00000414 : 00000000;
00000415 : 00000000;
00000416 : 00000000;
00000417 : 00000000;
00000418 : 00000000;
00000419 : 00000000;
0000041a : 00000000;
0000041b : 00000000;
0000041c : 00000000;
0000041d : 00000000;
0000041e : 00000000;
0000041f : 00000000;
00000420 : 00000000;
00000421 : 00000000;
00000422 : 00000000;
00000423 : 00000000;
00000424 : 00000000;
00000425 : 00000000;
00000426 : 00000000;
00000427 : 00000000;
00000428 : 00000000;
00000429 : 00000000;
0000042a : 00000000;
0000042b : 00000000;
0000042c : 00000000;
0000042d : 00000000;
0000042e : 00000000;
0000042f : 00000000;
00000430 : 00000000;
00000431 : 00000000;
00000432 : 00000000;
00000433 : 00000000;
00000434 : 00000000;
00000435 : 00000000;
00000436 : 00000000;
00000437 : 00000000;
00000438 : 00000000;
00000439 : 00000000;
0000043a : 00000000;
0000043b : 00000000;
0000043c : 00000000;
0000043d : 00000000;
0000043e : 00000000;
0000043f : 00000000;
00000440 : 00000000;
00000441 : 00000000;
00000442 : 00000000;
00000443 : 00000000;
00000444 : 00000000;
00000445 : 00000000;
00000446 : 00000000;
00000447 : 00000000;
00000448 : 00000000;
00000449 : 00000000;
0000044a : 00000000;
0000044b : 00000000;
0000044c : 00000000;
0000044d : 00000000;
0000044e : 00000000;
0000044f : 00000000;
00000450 : 00000000;
00000451 : 00000000;
00000452 : 00000000;
00000453 : 00000000;
00000454 : 00000000;
00000455 : 00000000;
00000456 : 00000000;
00000457 : 00000000;
00000458 : 00000000;
00000459 : 00000000;
0000045a : 00000000;
0000045b : 00000000;
0000045c : 00000000;
0000045d : 00000000;
0000045e : 00000000;
0000045f : 00000000;
00000460 : 00000000;
00000461 : 00000000;
00000462 : 00000000;
00000463 : 00000000;
00000464 : 00000000;
00000465 : 00000000;
00000466 : 00000000;
00000467 : 00000000;
00000468 : 00000000;
00000469 : 00000000;
0000046a : 00000000;
0000046b : 00000000;
0000046c : 00000000;
0000046d : 00000000;
0000046e : 00000000;
0000046f : 00000000;
00000470 : 00000000;
00000471 : 00000000;
00000472 : 00000000;
00000473 : 00000000;
00000474 : 00000000;
00000475 : 00000000;
00000476 : 00000000;
00000477 : 00000000;
00000478 : 00000000;
00000479 : 00000000;
0000047a : 00000000;
0000047b : 00000000;
0000047c : 00000000;
0000047d : 00000000;
0000047e : 00000000;
0000047f : 00000000;
00000480 : 00000000;
00000481 : 00000000;
00000482 : 00000000;
00000483 : 00000000;
00000484 : 00000000;
00000485 : 00000000;
00000486 : 00000000;
00000487 : 00000000;
00000488 : 00000000;
00000489 : 00000000;
0000048a : 00000000;
0000048b : 00000000;
0000048c : 00000000;
0000048d : 00000000;
0000048e : 00000000;
0000048f : 00000000;
00000490 : 00000000;
00000491 : 00000000;
00000492 : 00000000;
00000493 : 00000000;
00000494 : 00000000;
00000495 : 00000000;
00000496 : 00000000;
00000497 : 00000000;
00000498 : 00000000;
00000499 : 00000000;
0000049a : 00000000;
0000049b : 00000000;
0000049c : 00000000;
0000049d : 00000000;
0000049e : 00000000;
0000049f : 00000000;
000004a0 : 00000000;
000004a1 : 00000000;
000004a2 : 00000000;
000004a3 : 00000000;
000004a4 : 00000000;
000004a5 : 00000000;
000004a6 : 00000000;
000004a7 : 00000000;
000004a8 : 00000000;
000004a9 : 00000000;
000004aa : 00000000;
000004ab : 00000000;
000004ac : 00000000;
000004ad : 00000000;
000004ae : 00000000;
000004af : 00000000;
000004b0 : 00000000;
000004b1 : 00000000;
000004b2 : 00000000;
000004b3 : 00000000;
000004b4 : 00000000;
000004b5 : 00000000;
000004b6 : 00000000;
000004b7 : 00000000;
000004b8 : 00000000;
000004b9 : 00000000;
000004ba : 00000000;
000004bb : 00000000;
000004bc : 00000000;
000004bd : 00000000;
000004be : 00000000;
000004bf : 00000000;
000004c0 : 00000000;
000004c1 : 00000000;
000004c2 : 00000000;
000004c3 : 00000000;
000004c4 : 00000000;
000004c5 : 00000000;
000004c6 : 00000000;
000004c7 : 00000000;
000004c8 : 00000000;
000004c9 : 00000000;
000004ca : 00000000;
000004cb : 00000000;
000004cc : 00000000;
000004cd : 00000000;
000004ce : 00000000;
000004cf : 00000000;
000004d0 : 00000000;
000004d1 : 00000000;
000004d2 : 00000000;
000004d3 : 00000000;
000004d4 : 00000000;
000004d5 : 00000000;
000004d6 : 00000000;
000004d7 : 00000000;
000004d8 : 00000000;
000004d9 : 00000000;
000004da : 00000000;
000004db : 00000000;
000004dc : 00000000;
000004dd : 00000000;
000004de : 00000000;
000004df : 00000000;
000004e0 : 00000000;
000004e1 : 00000000;
000004e2 : 00000000;
000004e3 : 00000000;
000004e4 : 00000000;
000004e5 : 00000000;
000004e6 : 00000000;
000004e7 : 00000000;
000004e8 : 00000000;
000004e9 : 00000000;
000004ea : 00000000;
000004eb : 00000000;
000004ec : 00000000;
000004ed : 00000000;
000004ee : 00000000;
000004ef : 00000000;
000004f0 : 00000000;
000004f1 : 00000000;
000004f2 : 00000000;
000004f3 : 00000000;
000004f4 : 00000000;
000004f5 : 00000000;
000004f6 : 00000000;
000004f7 : 00000000;
000004f8 : 00000000;
000004f9 : 00000000;
000004fa : 00000000;
000004fb : 00000000;
000004fc : 00000000;
000004fd : 00000000;
000004fe : 00000000;
000004ff : 00000000;
00000500 : 00000000;
00000501 : 00000000;
00000502 : 00000000;
00000503 : 00000000;
00000504 : 00000000;
00000505 : 00000000;
00000506 : 00000000;
00000507 : 00000000;
00000508 : 00000000;
00000509 : 00000000;
0000050a : 00000000;
0000050b : 00000000;
0000050c : 00000000;
0000050d : 00000000;
0000050e : 00000000;
0000050f : 00000000;
00000510 : 00000000;
00000511 : 00000000;
00000512 : 00000000;
00000513 : 00000000;
00000514 : 00000000;
00000515 : 00000000;
00000516 : 00000000;
00000517 : 00000000;
00000518 : 00000000;
00000519 : 00000000;
0000051a : 00000000;
0000051b : 00000000;
0000051c : 00000000;
0000051d : 00000000;
0000051e : 00000000;
0000051f : 00000000;
00000520 : 00000000;
00000521 : 00000000;
00000522 : 00000000;
00000523 : 00000000;
00000524 : 00000000;
00000525 : 00000000;
00000526 : 00000000;
00000527 : 00000000;
00000528 : 00000000;
00000529 : 00000000;
0000052a : 00000000;
0000052b : 00000000;
0000052c : 00000000;
0000052d : 00000000;
0000052e : 00000000;
0000052f : 00000000;
00000530 : 00000000;
00000531 : 00000000;
00000532 : 00000000;
00000533 : 00000000;
00000534 : 00000000;
00000535 : 00000000;
00000536 : 00000000;
00000537 : 00000000;
00000538 : 00000000;
00000539 : 00000000;
0000053a : 00000000;
0000053b : 00000000;
0000053c : 00000000;
0000053d : 00000000;
0000053e : 00000000;
0000053f : 00000000;
00000540 : 00000000;
00000541 : 00000000;
00000542 : 00000000;
00000543 : 00000000;
00000544 : 00000000;
00000545 : 00000000;
00000546 : 00000000;
00000547 : 00000000;
00000548 : 00000000;
00000549 : 00000000;
0000054a : 00000000;
0000054b : 00000000;
0000054c : 00000000;
0000054d : 00000000;
0000054e : 00000000;
0000054f : 00000000;
00000550 : 00000000;
00000551 : 00000000;
00000552 : 00000000;
00000553 : 00000000;
00000554 : 00000000;
00000555 : 00000000;
00000556 : 00000000;
00000557 : 00000000;
00000558 : 00000000;
00000559 : 00000000;
0000055a : 00000000;
0000055b : 00000000;
0000055c : 00000000;
0000055d : 00000000;
0000055e : 00000000;
0000055f : 00000000;
00000560 : 00000000;
00000561 : 00000000;
00000562 : 00000000;
00000563 : 00000000;
00000564 : 00000000;
00000565 : 00000000;
00000566 : 00000000;
00000567 : 00000000;
00000568 : 00000000;
00000569 : 00000000;
0000056a : 00000000;
0000056b : 00000000;
0000056c : 00000000;
0000056d : 00000000;
0000056e : 00000000;
0000056f : 00000000;
00000570 : 00000000;
00000571 : 00000000;
00000572 : 00000000;
00000573 : 00000000;
00000574 : 00000000;
00000575 : 00000000;
00000576 : 00000000;
00000577 : 00000000;
00000578 : 00000000;
00000579 : 00000000;
0000057a : 00000000;
0000057b : 00000000;
0000057c : 00000000;
0000057d : 00000000;
0000057e : 00000000;
0000057f : 00000000;
00000580 : 00000000;
00000581 : 00000000;
00000582 : 00000000;
00000583 : 00000000;
00000584 : 00000000;
00000585 : 00000000;
00000586 : 00000000;
00000587 : 00000000;
00000588 : 00000000;
00000589 : 00000000;
0000058a : 00000000;
0000058b : 00000000;
0000058c : 00000000;
0000058d : 00000000;
0000058e : 00000000;
0000058f : 00000000;
00000590 : 00000000;
00000591 : 00000000;
00000592 : 00000000;
00000593 : 00000000;
00000594 : 00000000;
00000595 : 00000000;
00000596 : 00000000;
00000597 : 00000000;
00000598 : 00000000;
00000599 : 00000000;
0000059a : 00000000;
0000059b : 00000000;
0000059c : 00000000;
0000059d : 00000000;
0000059e : 00000000;
0000059f : 00000000;
000005a0 : 00000000;
000005a1 : 00000000;
000005a2 : 00000000;
000005a3 : 00000000;
000005a4 : 00000000;
000005a5 : 00000000;
000005a6 : 00000000;
000005a7 : 00000000;
000005a8 : 00000000;
000005a9 : 00000000;
000005aa : 00000000;
000005ab : 00000000;
000005ac : 00000000;
000005ad : 00000000;
000005ae : 00000000;
000005af : 00000000;
000005b0 : 00000000;
000005b1 : 00000000;
000005b2 : 00000000;
000005b3 : 00000000;
000005b4 : 00000000;
000005b5 : 00000000;
000005b6 : 00000000;
000005b7 : 00000000;
000005b8 : 00000000;
000005b9 : 00000000;
000005ba : 00000000;
000005bb : 00000000;
000005bc : 00000000;
000005bd : 00000000;
000005be : 00000000;
000005bf : 00000000;
000005c0 : 00000000;
000005c1 : 00000000;
000005c2 : 00000000;
000005c3 : 00000000;
000005c4 : 00000000;
000005c5 : 00000000;
000005c6 : 00000000;
000005c7 : 00000000;
000005c8 : 00000000;
000005c9 : 00000000;
000005ca : 00000000;
000005cb : 00000000;
000005cc : 00000000;
000005cd : 00000000;
000005ce : 00000000;
000005cf : 00000000;
000005d0 : 00000000;
000005d1 : 00000000;
000005d2 : 00000000;
000005d3 : 00000000;
000005d4 : 00000000;
000005d5 : 00000000;
000005d6 : 00000000;
000005d7 : 00000000;
000005d8 : 00000000;
000005d9 : 00000000;
000005da : 00000000;
000005db : 00000000;
000005dc : 00000000;
000005dd : 00000000;
000005de : 00000000;
000005df : 00000000;
000005e0 : 00000000;
000005e1 : 00000000;
000005e2 : 00000000;
000005e3 : 00000000;
000005e4 : 00000000;
000005e5 : 00000000;
000005e6 : 00000000;
000005e7 : 00000000;
000005e8 : 00000000;
000005e9 : 00000000;
000005ea : 00000000;
000005eb : 00000000;
000005ec : 00000000;
000005ed : 00000000;
000005ee : 00000000;
000005ef : 00000000;
000005f0 : 00000000;
000005f1 : 00000000;
000005f2 : 00000000;
000005f3 : 00000000;
000005f4 : 00000000;
000005f5 : 00000000;
000005f6 : 00000000;
000005f7 : 00000000;
000005f8 : 00000000;
000005f9 : 00000000;
000005fa : 00000000;
000005fb : 00000000;
000005fc : 00000000;
000005fd : 00000000;
000005fe : 00000000;
000005ff : 00000000;
00000600 : 00000000;
00000601 : 00000000;
00000602 : 00000000;
00000603 : 00000000;
00000604 : 00000000;
00000605 : 00000000;
00000606 : 00000000;
00000607 : 00000000;
00000608 : 00000000;
00000609 : 00000000;
0000060a : 00000000;
0000060b : 00000000;
0000060c : 00000000;
0000060d : 00000000;
0000060e : 00000000;
0000060f : 00000000;
00000610 : 00000000;
00000611 : 00000000;
00000612 : 00000000;
00000613 : 00000000;
00000614 : 00000000;
00000615 : 00000000;
00000616 : 00000000;
00000617 : 00000000;
00000618 : 00000000;
00000619 : 00000000;
0000061a : 00000000;
0000061b : 00000000;
0000061c : 00000000;
0000061d : 00000000;
0000061e : 00000000;
0000061f : 00000000;
00000620 : 00000000;
00000621 : 00000000;
00000622 : 00000000;
00000623 : 00000000;
00000624 : 00000000;
00000625 : 00000000;
00000626 : 00000000;
00000627 : 00000000;
00000628 : 00000000;
00000629 : 00000000;
0000062a : 00000000;
0000062b : 00000000;
0000062c : 00000000;
0000062d : 00000000;
0000062e : 00000000;
0000062f : 00000000;
00000630 : 00000000;
00000631 : 00000000;
00000632 : 00000000;
00000633 : 00000000;
00000634 : 00000000;
00000635 : 00000000;
00000636 : 00000000;
00000637 : 00000000;
00000638 : 00000000;
00000639 : 00000000;
0000063a : 00000000;
0000063b : 00000000;
0000063c : 00000000;
0000063d : 00000000;
0000063e : 00000000;
0000063f : 00000000;
00000640 : 00000000;
00000641 : 00000000;
00000642 : 00000000;
00000643 : 00000000;
00000644 : 00000000;
00000645 : 00000000;
00000646 : 00000000;
00000647 : 00000000;
00000648 : 00000000;
00000649 : 00000000;
0000064a : 00000000;
0000064b : 00000000;
0000064c : 00000000;
0000064d : 00000000;
0000064e : 00000000;
0000064f : 00000000;
00000650 : 00000000;
00000651 : 00000000;
00000652 : 00000000;
00000653 : 00000000;
00000654 : 00000000;
00000655 : 00000000;
00000656 : 00000000;
00000657 : 00000000;
00000658 : 00000000;
00000659 : 00000000;
0000065a : 00000000;
0000065b : 00000000;
0000065c : 00000000;
0000065d : 00000000;
0000065e : 00000000;
0000065f : 00000000;
00000660 : 00000000;
00000661 : 00000000;
00000662 : 00000000;
00000663 : 00000000;
00000664 : 00000000;
00000665 : 00000000;
00000666 : 00000000;
00000667 : 00000000;
00000668 : 00000000;
00000669 : 00000000;
0000066a : 00000000;
0000066b : 00000000;
0000066c : 00000000;
0000066d : 00000000;
0000066e : 00000000;
0000066f : 00000000;
00000670 : 00000000;
00000671 : 00000000;
00000672 : 00000000;
00000673 : 00000000;
00000674 : 00000000;
00000675 : 00000000;
00000676 : 00000000;
00000677 : 00000000;
00000678 : 00000000;
00000679 : 00000000;
0000067a : 00000000;
0000067b : 00000000;
0000067c : 00000000;
0000067d : 00000000;
0000067e : 00000000;
0000067f : 00000000;
00000680 : 00000000;
00000681 : 00000000;
00000682 : 00000000;
00000683 : 00000000;
00000684 : 00000000;
00000685 : 00000000;
00000686 : 00000000;
00000687 : 00000000;
00000688 : 00000000;
00000689 : 00000000;
0000068a : 00000000;
0000068b : 00000000;
0000068c : 00000000;
0000068d : 00000000;
0000068e : 00000000;
0000068f : 00000000;
00000690 : 00000000;
00000691 : 00000000;
00000692 : 00000000;
00000693 : 00000000;
00000694 : 00000000;
00000695 : 00000000;
00000696 : 00000000;
00000697 : 00000000;
00000698 : 00000000;
00000699 : 00000000;
0000069a : 00000000;
0000069b : 00000000;
0000069c : 00000000;
0000069d : 00000000;
0000069e : 00000000;
0000069f : 00000000;
000006a0 : 00000000;
000006a1 : 00000000;
000006a2 : 00000000;
000006a3 : 00000000;
000006a4 : 00000000;
000006a5 : 00000000;
000006a6 : 00000000;
000006a7 : 00000000;
000006a8 : 00000000;
000006a9 : 00000000;
000006aa : 00000000;
000006ab : 00000000;
000006ac : 00000000;
000006ad : 00000000;
000006ae : 00000000;
000006af : 00000000;
000006b0 : 00000000;
000006b1 : 00000000;
000006b2 : 00000000;
000006b3 : 00000000;
000006b4 : 00000000;
000006b5 : 00000000;
000006b6 : 00000000;
000006b7 : 00000000;
000006b8 : 00000000;
000006b9 : 00000000;
000006ba : 00000000;
000006bb : 00000000;
000006bc : 00000000;
000006bd : 00000000;
000006be : 00000000;
000006bf : 00000000;
000006c0 : 00000000;
000006c1 : 00000000;
000006c2 : 00000000;
000006c3 : 00000000;
000006c4 : 00000000;
000006c5 : 00000000;
000006c6 : 00000000;
000006c7 : 00000000;
000006c8 : 00000000;
000006c9 : 00000000;
000006ca : 00000000;
000006cb : 00000000;
000006cc : 00000000;
000006cd : 00000000;
000006ce : 00000000;
000006cf : 00000000;
000006d0 : 00000000;
000006d1 : 00000000;
000006d2 : 00000000;
000006d3 : 00000000;
000006d4 : 00000000;
000006d5 : 00000000;
000006d6 : 00000000;
000006d7 : 00000000;
000006d8 : 00000000;
000006d9 : 00000000;
000006da : 00000000;
000006db : 00000000;
000006dc : 00000000;
000006dd : 00000000;
000006de : 00000000;
000006df : 00000000;
000006e0 : 00000000;
000006e1 : 00000000;
000006e2 : 00000000;
000006e3 : 00000000;
000006e4 : 00000000;
000006e5 : 00000000;
000006e6 : 00000000;
000006e7 : 00000000;
000006e8 : 00000000;
000006e9 : 00000000;
000006ea : 00000000;
000006eb : 00000000;
000006ec : 00000000;
000006ed : 00000000;
000006ee : 00000000;
000006ef : 00000000;
000006f0 : 00000000;
000006f1 : 00000000;
000006f2 : 00000000;
000006f3 : 00000000;
000006f4 : 00000000;
000006f5 : 00000000;
000006f6 : 00000000;
000006f7 : 00000000;
000006f8 : 00000000;
000006f9 : 00000000;
000006fa : 00000000;
000006fb : 00000000;
000006fc : 00000000;
000006fd : 00000000;
000006fe : 00000000;
000006ff : 00000000;
00000700 : 00000000;
00000701 : 00000000;
00000702 : 00000000;
00000703 : 00000000;
00000704 : 00000000;
00000705 : 00000000;
00000706 : 00000000;
00000707 : 00000000;
00000708 : 00000000;
00000709 : 00000000;
0000070a : 00000000;
0000070b : 00000000;
0000070c : 00000000;
0000070d : 00000000;
0000070e : 00000000;
0000070f : 00000000;
00000710 : 00000000;
00000711 : 00000000;
00000712 : 00000000;
00000713 : 00000000;
00000714 : 00000000;
00000715 : 00000000;
00000716 : 00000000;
00000717 : 00000000;
00000718 : 00000000;
00000719 : 00000000;
0000071a : 00000000;
0000071b : 00000000;
0000071c : 00000000;
0000071d : 00000000;
0000071e : 00000000;
0000071f : 00000000;
00000720 : 00000000;
00000721 : 00000000;
00000722 : 00000000;
00000723 : 00000000;
00000724 : 00000000;
00000725 : 00000000;
00000726 : 00000000;
00000727 : 00000000;
00000728 : 00000000;
00000729 : 00000000;
0000072a : 00000000;
0000072b : 00000000;
0000072c : 00000000;
0000072d : 00000000;
0000072e : 00000000;
0000072f : 00000000;
00000730 : 00000000;
00000731 : 00000000;
00000732 : 00000000;
00000733 : 00000000;
00000734 : 00000000;
00000735 : 00000000;
00000736 : 00000000;
00000737 : 00000000;
00000738 : 00000000;
00000739 : 00000000;
0000073a : 00000000;
0000073b : 00000000;
0000073c : 00000000;
0000073d : 00000000;
0000073e : 00000000;
0000073f : 00000000;
00000740 : 00000000;
00000741 : 00000000;
00000742 : 00000000;
00000743 : 00000000;
00000744 : 00000000;
00000745 : 00000000;
00000746 : 00000000;
00000747 : 00000000;
00000748 : 00000000;
00000749 : 00000000;
0000074a : 00000000;
0000074b : 00000000;
0000074c : 00000000;
0000074d : 00000000;
0000074e : 00000000;
0000074f : 00000000;
00000750 : 00000000;
00000751 : 00000000;
00000752 : 00000000;
00000753 : 00000000;
00000754 : 00000000;
00000755 : 00000000;
00000756 : 00000000;
00000757 : 00000000;
00000758 : 00000000;
00000759 : 00000000;
0000075a : 00000000;
0000075b : 00000000;
0000075c : 00000000;
0000075d : 00000000;
0000075e : 00000000;
0000075f : 00000000;
00000760 : 00000000;
00000761 : 00000000;
00000762 : 00000000;
00000763 : 00000000;
00000764 : 00000000;
00000765 : 00000000;
00000766 : 00000000;
00000767 : 00000000;
00000768 : 00000000;
00000769 : 00000000;
0000076a : 00000000;
0000076b : 00000000;
0000076c : 00000000;
0000076d : 00000000;
0000076e : 00000000;
0000076f : 00000000;
00000770 : 00000000;
00000771 : 00000000;
00000772 : 00000000;
00000773 : 00000000;
00000774 : 00000000;
00000775 : 00000000;
00000776 : 00000000;
00000777 : 00000000;
00000778 : 00000000;
00000779 : 00000000;
0000077a : 00000000;
0000077b : 00000000;
0000077c : 00000000;
0000077d : 00000000;
0000077e : 00000000;
0000077f : 00000000;
00000780 : 00000000;
00000781 : 00000000;
00000782 : 00000000;
00000783 : 00000000;
00000784 : 00000000;
00000785 : 00000000;
00000786 : 00000000;
00000787 : 00000000;
00000788 : 00000000;
00000789 : 00000000;
0000078a : 00000000;
0000078b : 00000000;
0000078c : 00000000;
0000078d : 00000000;
0000078e : 00000000;
0000078f : 00000000;
00000790 : 00000000;
00000791 : 00000000;
00000792 : 00000000;
00000793 : 00000000;
00000794 : 00000000;
00000795 : 00000000;
00000796 : 00000000;
00000797 : 00000000;
00000798 : 00000000;
00000799 : 00000000;
0000079a : 00000000;
0000079b : 00000000;
0000079c : 00000000;
0000079d : 00000000;
0000079e : 00000000;
0000079f : 00000000;
000007a0 : 00000000;
000007a1 : 00000000;
000007a2 : 00000000;
000007a3 : 00000000;
000007a4 : 00000000;
000007a5 : 00000000;
000007a6 : 00000000;
000007a7 : 00000000;
000007a8 : 00000000;
000007a9 : 00000000;
000007aa : 00000000;
000007ab : 00000000;
000007ac : 00000000;
000007ad : 00000000;
000007ae : 00000000;
000007af : 00000000;
000007b0 : 00000000;
000007b1 : 00000000;
000007b2 : 00000000;
000007b3 : 00000000;
000007b4 : 00000000;
000007b5 : 00000000;
000007b6 : 00000000;
000007b7 : 00000000;
000007b8 : 00000000;
000007b9 : 00000000;
000007ba : 00000000;
000007bb : 00000000;
000007bc : 00000000;
000007bd : 00000000;
000007be : 00000000;
000007bf : 00000000;
000007c0 : 00000000;
000007c1 : 00000000;
000007c2 : 00000000;
000007c3 : 00000000;
000007c4 : 00000000;
000007c5 : 00000000;
000007c6 : 00000000;
000007c7 : 00000000;
000007c8 : 00000000;
000007c9 : 00000000;
000007ca : 00000000;
000007cb : 00000000;
000007cc : 00000000;
000007cd : 00000000;
000007ce : 00000000;
000007cf : 00000000;
000007d0 : 00000000;
000007d1 : 00000000;
000007d2 : 00000000;
000007d3 : 00000000;
000007d4 : 00000000;
000007d5 : 00000000;
000007d6 : 00000000;
000007d7 : 00000000;
000007d8 : 00000000;
000007d9 : 00000000;
000007da : 00000000;
000007db : 00000000;
000007dc : 00000000;
000007dd : 00000000;
000007de : 00000000;
000007df : 00000000;
000007e0 : 00000000;
000007e1 : 00000000;
000007e2 : 00000000;
000007e3 : 00000000;
000007e4 : 00000000;
000007e5 : 00000000;
000007e6 : 00000000;
000007e7 : 00000000;
000007e8 : 00000000;
000007e9 : 00000000;
000007ea : 00000000;
000007eb : 00000000;
000007ec : 00000000;
000007ed : 00000000;
000007ee : 00000000;
000007ef : 00000000;
000007f0 : 00000000;
000007f1 : 00000000;
000007f2 : 00000000;
000007f3 : 00000000;
000007f4 : 00000000;
000007f5 : 00000000;
000007f6 : 00000000;
000007f7 : 00000000;
000007f8 : 00000000;
000007f9 : 00000000;
000007fa : 00000000;
000007fb : 00000000;
000007fc : 00000000;
000007fd : 00000000;
000007fe : 00000000;
000007ff : 00000000;
00000800 : 00000000;
00000801 : 00000000;
00000802 : 00000000;
00000803 : 00000000;
00000804 : 00000000;
00000805 : 00000000;
00000806 : 00000000;
00000807 : 00000000;
00000808 : 00000000;
00000809 : 00000000;
0000080a : 00000000;
0000080b : 00000000;
0000080c : 00000000;
0000080d : 00000000;
0000080e : 00040f00;
0000080f : 00000000;
00000810 : 00000000;
00000811 : 00000000;
00000812 : 00000000;
00000813 : 00000000;
00000814 : 00000000;
00000815 : 00000000;
00000816 : 00000000;
00000817 : 00000000;
00000818 : 00000000;
00000819 : 00000000;
0000081a : 00000000;
0000081b : 00000000;
0000081c : 00000000;
0000081d : 00000000;
0000081e : 00000000;
0000081f : 00000000;
00000820 : 00000000;
00000821 : 00000000;
00000822 : 00000000;
00000823 : 00000000;
00000824 : 00000000;
00000825 : 00000000;
00000826 : 00000000;
00000827 : 00000000;
00000828 : 00000000;
00000829 : 00000000;
0000082a : 00000000;
0000082b : 00000000;
0000082c : 00000000;
0000082d : 00000000;
0000082e : 00000000;
0000082f : 00000000;
00000830 : 00000000;
00000831 : 00000000;
00000832 : 00000000;
00000833 : 00000000;
00000834 : 00000000;
00000835 : 00000000;
00000836 : 00000000;
00000837 : 00000000;
00000838 : 00000000;
00000839 : 00000000;
0000083a : 00000000;
0000083b : 00000000;
0000083c : 00000000;
0000083d : 00000000;
0000083e : 00000000;
0000083f : 00000000;
00000840 : 00000000;
00000841 : 00000000;
00000842 : 00000000;
00000843 : 00000000;
00000844 : 00000000;
00000845 : 00000000;
00000846 : 00000000;
00000847 : 00000000;
00000848 : 00000000;
00000849 : 00000000;
0000084a : 00000000;
0000084b : 00000000;
0000084c : 00000000;
0000084d : 00000000;
0000084e : 00000000;
0000084f : 00000000;
00000850 : 00000000;
00000851 : 00000000;
00000852 : 00000000;
00000853 : 00000000;
00000854 : 00000000;
00000855 : 00000000;
00000856 : 00000000;
00000857 : 00000000;
00000858 : 00000000;
00000859 : 00000000;
0000085a : 00000000;
0000085b : 00000000;
0000085c : 00000000;
0000085d : 00000000;
0000085e : 00000000;
0000085f : 00000000;
00000860 : 00000000;
00000861 : 00000000;
00000862 : 00000000;
00000863 : 00000000;
00000864 : 00000000;
00000865 : 00000000;
00000866 : 00000000;
00000867 : 00000000;
00000868 : 00000000;
00000869 : 00000000;
0000086a : 00000000;
0000086b : 00000000;
0000086c : 00000000;
0000086d : 00000000;
0000086e : 00000000;
0000086f : 00000000;
00000870 : 00000000;
00000871 : 00000000;
00000872 : 00000000;
00000873 : 00000000;
00000874 : 00000000;
00000875 : 00000000;
00000876 : 00000000;
00000877 : 00000000;
00000878 : 00000000;
00000879 : 00000000;
0000087a : 00000000;
0000087b : 00000000;
0000087c : 00000000;
0000087d : 00000000;
0000087e : 00000000;
0000087f : 00000000;
00000880 : 00000000;
00000881 : 00000000;
00000882 : 00000000;
00000883 : 00000000;
00000884 : 00000000;
00000885 : 00000000;
00000886 : 00000000;
00000887 : 00000000;
00000888 : 00000000;
00000889 : 00000000;
0000088a : 00000000;
0000088b : 00000000;
0000088c : 00000000;
0000088d : 00000000;
0000088e : 00000000;
0000088f : 00000000;
00000890 : 00000000;
00000891 : 00000000;
00000892 : 00000000;
00000893 : 00000000;
00000894 : 00000000;
00000895 : 00000000;
00000896 : 00000000;
00000897 : 00000000;
00000898 : 00000000;
00000899 : 00000000;
0000089a : 00000000;
0000089b : 00000000;
0000089c : 00000000;
0000089d : 00000000;
0000089e : 00000000;
0000089f : 00000000;
000008a0 : 00000000;
000008a1 : 00000000;
000008a2 : 00000000;
000008a3 : 00000000;
000008a4 : 00000000;
000008a5 : 00000000;
000008a6 : 00000000;
000008a7 : 00000000;
000008a8 : 00000000;
000008a9 : 00000000;
000008aa : 00000000;
000008ab : 00000000;
000008ac : 00000000;
000008ad : 00000000;
000008ae : 00000000;
000008af : 00000000;
000008b0 : 00000000;
000008b1 : 00000000;
000008b2 : 00000000;
000008b3 : 00000000;
000008b4 : 00000000;
000008b5 : 00000000;
000008b6 : 00000000;
000008b7 : 00000000;
000008b8 : 00000000;
000008b9 : 00000000;
000008ba : 00000000;
000008bb : 00000000;
000008bc : 00000000;
000008bd : 00000000;
000008be : 00000000;
000008bf : 00000000;
000008c0 : 00000000;
000008c1 : 00000000;
000008c2 : 00000000;
000008c3 : 00000000;
000008c4 : 00000000;
000008c5 : 00000000;
000008c6 : 00000000;
000008c7 : 00000000;
000008c8 : 00000000;
000008c9 : 00000000;
000008ca : 00000000;
000008cb : 00000000;
000008cc : 00000000;
000008cd : 00000000;
000008ce : 00000000;
000008cf : 00000000;
000008d0 : 00000000;
000008d1 : 00000000;
000008d2 : 00000000;
000008d3 : 00000000;
000008d4 : 00000000;
000008d5 : 00000000;
000008d6 : 00000000;
000008d7 : 00000000;
000008d8 : 00000000;
000008d9 : 00000000;
000008da : 00000000;
000008db : 00000000;
000008dc : 00000000;
000008dd : 00000000;
000008de : 00000000;
000008df : 00000000;
000008e0 : 00000000;
000008e1 : 00000000;
000008e2 : 00000000;
000008e3 : 00000000;
000008e4 : 00000000;
000008e5 : 00000000;
000008e6 : 00000000;
000008e7 : 00000000;
000008e8 : 00000000;
000008e9 : 00000000;
000008ea : 00000000;
000008eb : 00000000;
000008ec : 00000000;
000008ed : 00000000;
000008ee : 00000000;
000008ef : 00000000;
000008f0 : 00000000;
000008f1 : 00000000;
000008f2 : 00000000;
000008f3 : 00000000;
000008f4 : 00000000;
000008f5 : 00000000;
000008f6 : 00000000;
000008f7 : 00000000;
000008f8 : 00000000;
000008f9 : 00000000;
000008fa : 00000000;
000008fb : 00000000;
000008fc : 00000000;
000008fd : 00000000;
000008fe : 00000000;
000008ff : 00000000;
00000900 : 00000000;
00000901 : 00000000;
00000902 : 00000000;
00000903 : 00000000;
00000904 : 00000000;
00000905 : 00000000;
00000906 : 00000000;
00000907 : 00000000;
00000908 : 00000000;
00000909 : 00000000;
0000090a : 00000000;
0000090b : 00000000;
0000090c : 00000000;
0000090d : 00000000;
0000090e : 00000000;
0000090f : 00000000;
00000910 : 00000000;
00000911 : 00000000;
00000912 : 00000000;
00000913 : 00000000;
00000914 : 00000000;
00000915 : 00000000;
00000916 : 00000000;
00000917 : 00000000;
00000918 : 00000000;
00000919 : 00000000;
0000091a : 00000000;
0000091b : 00000000;
0000091c : 00000000;
0000091d : 00000000;
0000091e : 00000000;
0000091f : 00000000;
00000920 : 00000000;
00000921 : 00000000;
00000922 : 00000000;
00000923 : 00000000;
00000924 : 00000000;
00000925 : 00000000;
00000926 : 00000000;
00000927 : 00000000;
00000928 : 00000000;
00000929 : 00000000;
0000092a : 00000000;
0000092b : 00000000;
0000092c : 00000000;
0000092d : 00000000;
0000092e : 00000000;
0000092f : 00000000;
00000930 : 00000000;
00000931 : 00000000;
00000932 : 00000000;
00000933 : 00000000;
00000934 : 00000000;
00000935 : 00000000;
00000936 : 00000000;
00000937 : 00000000;
00000938 : 00000000;
00000939 : 00000000;
0000093a : 00000000;
0000093b : 00000000;
0000093c : 00000000;
0000093d : 00000000;
0000093e : 00000000;
0000093f : 00000000;
00000940 : 00000000;
00000941 : 00000000;
00000942 : 00000000;
00000943 : 00000000;
00000944 : 00000000;
00000945 : 00000000;
00000946 : 00000000;
00000947 : 00000000;
00000948 : 00000000;
00000949 : 00000000;
0000094a : 00000000;
0000094b : 00000000;
0000094c : 00000000;
0000094d : 00000000;
0000094e : 00000000;
0000094f : 00000000;
00000950 : 00000000;
00000951 : 00000000;
00000952 : 00000000;
00000953 : 00000000;
00000954 : 00000000;
00000955 : 00000000;
00000956 : 00000000;
00000957 : 00000000;
00000958 : 00000000;
00000959 : 00000000;
0000095a : 00000000;
0000095b : 00000000;
0000095c : 00000000;
0000095d : 00000000;
0000095e : 00000000;
0000095f : 00000000;
00000960 : 00000000;
00000961 : 00000000;
00000962 : 00000000;
00000963 : 00000000;
00000964 : 00000000;
00000965 : 00000000;
00000966 : 00000000;
00000967 : 00000000;
00000968 : 00000000;
00000969 : 00000000;
0000096a : 00000000;
0000096b : 00000000;
0000096c : 00000000;
0000096d : 00000000;
0000096e : 00000000;
0000096f : 00000000;
00000970 : 00000000;
00000971 : 00000000;
00000972 : 00000000;
00000973 : 00000000;
00000974 : 00000000;
00000975 : 00000000;
00000976 : 00000000;
00000977 : 00000000;
00000978 : 00000000;
00000979 : 00000000;
0000097a : 00000000;
0000097b : 00000000;
0000097c : 00000000;
0000097d : 00000000;
0000097e : 00000000;
0000097f : 00000000;
00000980 : 00000000;
00000981 : 00000000;
00000982 : 00000000;
00000983 : 00000000;
00000984 : 00000000;
00000985 : 00000000;
00000986 : 00000000;
00000987 : 00000000;
00000988 : 00000000;
00000989 : 00000000;
0000098a : 00000000;
0000098b : 00000000;
0000098c : 00000000;
0000098d : 00000000;
0000098e : 00000000;
0000098f : 00000000;
00000990 : 00000000;
00000991 : 00000000;
00000992 : 00000000;
00000993 : 00000000;
00000994 : 00000000;
00000995 : 00000000;
00000996 : 00000000;
00000997 : 00000000;
00000998 : 00000000;
00000999 : 00000000;
0000099a : 00000000;
0000099b : 00000000;
0000099c : 00000000;
0000099d : 00000000;
0000099e : 00000000;
0000099f : 00000000;
000009a0 : 00000000;
000009a1 : 00000000;
000009a2 : 00000000;
000009a3 : 00000000;
000009a4 : 00000000;
000009a5 : 00000000;
000009a6 : 00000000;
000009a7 : 00000000;
000009a8 : 00000000;
000009a9 : 00000000;
000009aa : 00000000;
000009ab : 00000000;
000009ac : 00000000;
000009ad : 00000000;
000009ae : 00000000;
000009af : 00000000;
000009b0 : 00000000;
000009b1 : 00000000;
000009b2 : 00000000;
000009b3 : 00000000;
000009b4 : 00000000;
000009b5 : 00000000;
000009b6 : 00000000;
000009b7 : 00000000;
000009b8 : 00000000;
000009b9 : 00000000;
000009ba : 00000000;
000009bb : 00000000;
000009bc : 00000000;
000009bd : 00000000;
000009be : 00000000;
000009bf : 00000000;
000009c0 : 00000000;
000009c1 : 00000000;
000009c2 : 00000000;
000009c3 : 00000000;
000009c4 : 00000000;
000009c5 : 00000000;
000009c6 : 00000000;
000009c7 : 00000000;
000009c8 : 00000000;
000009c9 : 00000000;
000009ca : 00000000;
000009cb : 00000000;
000009cc : 00000000;
000009cd : 00000000;
000009ce : 00000000;
000009cf : 00000000;
000009d0 : 00000000;
000009d1 : 00000000;
000009d2 : 00000000;
000009d3 : 00000000;
000009d4 : 00000000;
000009d5 : 00000000;
000009d6 : 00000000;
000009d7 : 00000000;
000009d8 : 00000000;
000009d9 : 00000000;
000009da : 00000000;
000009db : 00000000;
000009dc : 00000000;
000009dd : 00000000;
000009de : 00000000;
000009df : 00000000;
000009e0 : 00000000;
000009e1 : 00000000;
000009e2 : 00000000;
000009e3 : 00000000;
000009e4 : 00000000;
000009e5 : 00000000;
000009e6 : 00000000;
000009e7 : 00000000;
000009e8 : 00000000;
000009e9 : 00000000;
000009ea : 00000000;
000009eb : 00000000;
000009ec : 00000000;
000009ed : 00000000;
000009ee : 00000000;
000009ef : 00000000;
000009f0 : 00000000;
000009f1 : 00000000;
000009f2 : 00000000;
000009f3 : 00000000;
000009f4 : 00000000;
000009f5 : 00000000;
000009f6 : 00000000;
000009f7 : 00000000;
000009f8 : 00000000;
000009f9 : 00000000;
000009fa : 00000000;
000009fb : 00000000;
000009fc : 00000000;
000009fd : 00000000;
000009fe : 00000000;
000009ff : 00000000;
00000a00 : 00000000;
00000a01 : 00000000;
00000a02 : 00000000;
00000a03 : 00000000;
00000a04 : 00000000;
00000a05 : 00000000;
00000a06 : 00000000;
00000a07 : 00000000;
00000a08 : 00000000;
00000a09 : 00000000;
00000a0a : 00000000;
00000a0b : 00000000;
00000a0c : 00000000;
00000a0d : 00000000;
00000a0e : 00000000;
00000a0f : 00000000;
00000a10 : 00000000;
00000a11 : 00000000;
00000a12 : 00000000;
00000a13 : 00000000;
00000a14 : 00000000;
00000a15 : 00000000;
00000a16 : 00000000;
00000a17 : 00000000;
00000a18 : 00000000;
00000a19 : 00000000;
00000a1a : 00000000;
00000a1b : 00000000;
00000a1c : 00000000;
00000a1d : 00000000;
00000a1e : 00000000;
00000a1f : 00000000;
00000a20 : 00000000;
00000a21 : 00000000;
00000a22 : 00000000;
00000a23 : 00000000;
00000a24 : 00000000;
00000a25 : 00000000;
00000a26 : 00000000;
00000a27 : 00000000;
00000a28 : 00000000;
00000a29 : 00000000;
00000a2a : 00000000;
00000a2b : 00000000;
00000a2c : 00000000;
00000a2d : 00000000;
00000a2e : 00000000;
00000a2f : 00000000;
00000a30 : 00000000;
00000a31 : 00000000;
00000a32 : 00000000;
00000a33 : 00000000;
00000a34 : 00000000;
00000a35 : 00000000;
00000a36 : 00000000;
00000a37 : 00000000;
00000a38 : 00000000;
00000a39 : 00000000;
00000a3a : 00000000;
00000a3b : 00000000;
00000a3c : 00000000;
00000a3d : 00000000;
00000a3e : 00000000;
00000a3f : 00000000;
00000a40 : 00000000;
00000a41 : 00000000;
00000a42 : 00000000;
00000a43 : 00000000;
00000a44 : 00000000;
00000a45 : 00000000;
00000a46 : 00000000;
00000a47 : 00000000;
00000a48 : 00000000;
00000a49 : 00000000;
00000a4a : 00000000;
00000a4b : 00000000;
00000a4c : 00000000;
00000a4d : 00000000;
00000a4e : 00000000;
00000a4f : 00000000;
00000a50 : 00000000;
00000a51 : 00000000;
00000a52 : 00000000;
00000a53 : 00000000;
00000a54 : 00000000;
00000a55 : 00000000;
00000a56 : 00000000;
00000a57 : 00000000;
00000a58 : 00000000;
00000a59 : 00000000;
00000a5a : 00000000;
00000a5b : 00000000;
00000a5c : 00000000;
00000a5d : 00000000;
00000a5e : 00000000;
00000a5f : 00000000;
00000a60 : 00000000;
00000a61 : 00000000;
00000a62 : 00000000;
00000a63 : 00000000;
00000a64 : 00000000;
00000a65 : 00000000;
00000a66 : 00000000;
00000a67 : 00000000;
00000a68 : 00000000;
00000a69 : 00000000;
00000a6a : 00000000;
00000a6b : 00000000;
00000a6c : 00000000;
00000a6d : 00000000;
00000a6e : 00000000;
00000a6f : 00000000;
00000a70 : 00000000;
00000a71 : 00000000;
00000a72 : 00000000;
00000a73 : 00000000;
00000a74 : 00000000;
00000a75 : 00000000;
00000a76 : 00000000;
00000a77 : 00000000;
00000a78 : 00000000;
00000a79 : 00000000;
00000a7a : 00000000;
00000a7b : 00000000;
00000a7c : 00000000;
00000a7d : 00000000;
00000a7e : 00000000;
00000a7f : 00000000;
00000a80 : 00000000;
00000a81 : 00000000;
00000a82 : 00000000;
00000a83 : 00000000;
00000a84 : 00000000;
00000a85 : 00000000;
00000a86 : 00000000;
00000a87 : 00000000;
00000a88 : 00000000;
00000a89 : 00000000;
00000a8a : 00000000;
00000a8b : 00000000;
00000a8c : 00000000;
00000a8d : 00000000;
00000a8e : 00000000;
00000a8f : 00000000;
00000a90 : 00000000;
00000a91 : 00000000;
00000a92 : 00000000;
00000a93 : 00000000;
00000a94 : 00000000;
00000a95 : 00000000;
00000a96 : 00000000;
00000a97 : 00000000;
00000a98 : 00000000;
00000a99 : 00000000;
00000a9a : 00000000;
00000a9b : 00000000;
00000a9c : 00000000;
00000a9d : 00000000;
00000a9e : 00000000;
00000a9f : 00000000;
00000aa0 : 00000000;
00000aa1 : 00000000;
00000aa2 : 00000000;
00000aa3 : 00000000;
00000aa4 : 00000000;
00000aa5 : 00000000;
00000aa6 : 00000000;
00000aa7 : 00000000;
00000aa8 : 00000000;
00000aa9 : 00000000;
00000aaa : 00000000;
00000aab : 00000000;
00000aac : 00000000;
00000aad : 00000000;
00000aae : 00000000;
00000aaf : 00000000;
00000ab0 : 00000000;
00000ab1 : 00000000;
00000ab2 : 00000000;
00000ab3 : 00000000;
00000ab4 : 00000000;
00000ab5 : 00000000;
00000ab6 : 00000000;
00000ab7 : 00000000;
00000ab8 : 00000000;
00000ab9 : 00000000;
00000aba : 00000000;
00000abb : 00000000;
00000abc : 00000000;
00000abd : 00000000;
00000abe : 00000000;
00000abf : 00000000;
00000ac0 : 00000000;
00000ac1 : 00000000;
00000ac2 : 00000000;
00000ac3 : 00000000;
00000ac4 : 00000000;
00000ac5 : 00000000;
00000ac6 : 00000000;
00000ac7 : 00000000;
00000ac8 : 00000000;
00000ac9 : 00000000;
00000aca : 00000000;
00000acb : 00000000;
00000acc : 00000000;
00000acd : 00000000;
00000ace : 00000000;
00000acf : 00000000;
00000ad0 : 00000000;
00000ad1 : 00000000;
00000ad2 : 00000000;
00000ad3 : 00000000;
00000ad4 : 00000000;
00000ad5 : 00000000;
00000ad6 : 00000000;
00000ad7 : 00000000;
00000ad8 : 00000000;
00000ad9 : 00000000;
00000ada : 00000000;
00000adb : 00000000;
00000adc : 00000000;
00000add : 00000000;
00000ade : 00000000;
00000adf : 00000000;
00000ae0 : 00000000;
00000ae1 : 00000000;
00000ae2 : 00000000;
00000ae3 : 00000000;
00000ae4 : 00000000;
00000ae5 : 00000000;
00000ae6 : 00000000;
00000ae7 : 00000000;
00000ae8 : 00000000;
00000ae9 : 00000000;
00000aea : 00000000;
00000aeb : 00000000;
00000aec : 00000000;
00000aed : 00000000;
00000aee : 00000000;
00000aef : 00000000;
00000af0 : 00000000;
00000af1 : 00000000;
00000af2 : 00000000;
00000af3 : 00000000;
00000af4 : 00000000;
00000af5 : 00000000;
00000af6 : 00000000;
00000af7 : 00000000;
00000af8 : 00000000;
00000af9 : 00000000;
00000afa : 00000000;
00000afb : 00000000;
00000afc : 00000000;
00000afd : 00000000;
00000afe : 00000000;
00000aff : 00000000;
00000b00 : 00000000;
00000b01 : 00000000;
00000b02 : 00000000;
00000b03 : 00000000;
00000b04 : 00000000;
00000b05 : 00000000;
00000b06 : 00000000;
00000b07 : 00000000;
00000b08 : 00000000;
00000b09 : 00000000;
00000b0a : 00000000;
00000b0b : 00000000;
00000b0c : 00000000;
00000b0d : 00000000;
00000b0e : 00000000;
00000b0f : 00000000;
00000b10 : 00000000;
00000b11 : 00000000;
00000b12 : 00000000;
00000b13 : 00000000;
00000b14 : 00000000;
00000b15 : 00000000;
00000b16 : 00000000;
00000b17 : 00000000;
00000b18 : 00000000;
00000b19 : 00000000;
00000b1a : 00000000;
00000b1b : 00000000;
00000b1c : 00000000;
00000b1d : 00000000;
00000b1e : 00000000;
00000b1f : 00000000;
00000b20 : 00000000;
00000b21 : 00000000;
00000b22 : 00000000;
00000b23 : 00000000;
00000b24 : 00000000;
00000b25 : 00000000;
00000b26 : 00000000;
00000b27 : 00000000;
00000b28 : 00000000;
00000b29 : 00000000;
00000b2a : 00000000;
00000b2b : 00000000;
00000b2c : 00000000;
00000b2d : 00000000;
00000b2e : 00000000;
00000b2f : 00000000;
00000b30 : 00000000;
00000b31 : 00000000;
00000b32 : 00000000;
00000b33 : 00000000;
00000b34 : 00000000;
00000b35 : 00000000;
00000b36 : 00000000;
00000b37 : 00000000;
00000b38 : 00000000;
00000b39 : 00000000;
00000b3a : 00000000;
00000b3b : 00000000;
00000b3c : 00000000;
00000b3d : 00000000;
00000b3e : 00000000;
00000b3f : 00000000;
00000b40 : 00000000;
00000b41 : 00000000;
00000b42 : 00000000;
00000b43 : 00000000;
00000b44 : 00000000;
00000b45 : 00000000;
00000b46 : 00000000;
00000b47 : 00000000;
00000b48 : 00000000;
00000b49 : 00000000;
00000b4a : 00000000;
00000b4b : 00000000;
00000b4c : 00000000;
00000b4d : 00000000;
00000b4e : 00000000;
00000b4f : 00000000;
00000b50 : 00000000;
00000b51 : 00000000;
00000b52 : 00000000;
00000b53 : 00000000;
00000b54 : 00000000;
00000b55 : 00000000;
00000b56 : 00000000;
00000b57 : 00000000;
00000b58 : 00000000;
00000b59 : 00000000;
00000b5a : 00000000;
00000b5b : 00000000;
00000b5c : 00000000;
00000b5d : 00000000;
00000b5e : 00000000;
00000b5f : 00000000;
00000b60 : 00000000;
00000b61 : 00000000;
00000b62 : 00000000;
00000b63 : 00000000;
00000b64 : 00000000;
00000b65 : 00000000;
00000b66 : 00000000;
00000b67 : 00000000;
00000b68 : 00000000;
00000b69 : 00000000;
00000b6a : 00000000;
00000b6b : 00000000;
00000b6c : 00000000;
00000b6d : 00000000;
00000b6e : 00000000;
00000b6f : 00000000;
00000b70 : 00000000;
00000b71 : 00000000;
00000b72 : 00000000;
00000b73 : 00000000;
00000b74 : 00000000;
00000b75 : 00000000;
00000b76 : 00000000;
00000b77 : 00000000;
00000b78 : 00000000;
00000b79 : 00000000;
00000b7a : 00000000;
00000b7b : 00000000;
00000b7c : 00000000;
00000b7d : 00000000;
00000b7e : 00000000;
00000b7f : 00000000;
00000b80 : 00000000;
00000b81 : 00000000;
00000b82 : 00000000;
00000b83 : 00000000;
00000b84 : 00000000;
00000b85 : 00000000;
00000b86 : 00000000;
00000b87 : 00000000;
00000b88 : 00000000;
00000b89 : 00000000;
00000b8a : 00000000;
00000b8b : 00000000;
00000b8c : 00000000;
00000b8d : 00000000;
00000b8e : 00000000;
00000b8f : 00000000;
00000b90 : 00000000;
00000b91 : 00000000;
00000b92 : 00000000;
00000b93 : 00000000;
00000b94 : 00000000;
00000b95 : 00000000;
00000b96 : 00000000;
00000b97 : 00000000;
00000b98 : 00000000;
00000b99 : 00000000;
00000b9a : 00000000;
00000b9b : 00000000;
00000b9c : 00000000;
00000b9d : 00000000;
00000b9e : 00000000;
00000b9f : 00000000;
00000ba0 : 00000000;
00000ba1 : 00000000;
00000ba2 : 00000000;
00000ba3 : 00000000;
00000ba4 : 00000000;
00000ba5 : 00000000;
00000ba6 : 00000000;
00000ba7 : 00000000;
00000ba8 : 00000000;
00000ba9 : 00000000;
00000baa : 00000000;
00000bab : 00000000;
00000bac : 00000000;
00000bad : 00000000;
00000bae : 00000000;
00000baf : 00000000;
00000bb0 : 00000000;
00000bb1 : 00000000;
00000bb2 : 00000000;
00000bb3 : 00000000;
00000bb4 : 00000000;
00000bb5 : 00000000;
00000bb6 : 00000000;
00000bb7 : 00000000;
00000bb8 : 00000000;
00000bb9 : 00000000;
00000bba : 00000000;
00000bbb : 00000000;
00000bbc : 00000000;
00000bbd : 00000000;
00000bbe : 00000000;
00000bbf : 00000000;
00000bc0 : 00000000;
00000bc1 : 00000000;
00000bc2 : 00000000;
00000bc3 : 00000000;
00000bc4 : 00000000;
00000bc5 : 00000000;
00000bc6 : 00000000;
00000bc7 : 00000000;
00000bc8 : 00000000;
00000bc9 : 00000000;
00000bca : 00000000;
00000bcb : 00000000;
00000bcc : 00000000;
00000bcd : 00000000;
00000bce : 00000000;
00000bcf : 00000000;
00000bd0 : 00000000;
00000bd1 : 00000000;
00000bd2 : 00000000;
00000bd3 : 00000000;
00000bd4 : 00000000;
00000bd5 : 00000000;
00000bd6 : 00000000;
00000bd7 : 00000000;
00000bd8 : 00000000;
00000bd9 : 00000000;
00000bda : 00000000;
00000bdb : 00000000;
00000bdc : 00000000;
00000bdd : 00000000;
00000bde : 00000000;
00000bdf : 00000000;
00000be0 : 00000000;
00000be1 : 00000000;
00000be2 : 00000000;
00000be3 : 00000000;
00000be4 : 00000000;
00000be5 : 00000000;
00000be6 : 00000000;
00000be7 : 00000000;
00000be8 : 00000000;
00000be9 : 00000000;
00000bea : 00000000;
00000beb : 00000000;
00000bec : 00000000;
00000bed : 00000000;
00000bee : 00000000;
00000bef : 00000000;
00000bf0 : 00000000;
00000bf1 : 00000000;
00000bf2 : 00000000;
00000bf3 : 00000000;
00000bf4 : 00000000;
00000bf5 : 00000000;
00000bf6 : 00000000;
00000bf7 : 00000000;
00000bf8 : 00000000;
00000bf9 : 00000000;
00000bfa : 00000000;
00000bfb : 00000000;
00000bfc : 00000000;
00000bfd : 00000000;
00000bfe : 00000000;
00000bff : 00000000;
00000c00 : 00000000;
00000c01 : 00000000;
00000c02 : 00000000;
00000c03 : 00000000;
00000c04 : 00000000;
00000c05 : 00000000;
00000c06 : 00000000;
00000c07 : 00000000;
00000c08 : 00000000;
00000c09 : 00000000;
00000c0a : 00000000;
00000c0b : 00000000;
00000c0c : 00000000;
00000c0d : 00000000;
00000c0e : 00000000;
00000c0f : 00000000;
00000c10 : 00000000;
00000c11 : 00000000;
00000c12 : 00000000;
00000c13 : 00000000;
00000c14 : 00000000;
00000c15 : 00000000;
00000c16 : 00000000;
00000c17 : 00000000;
00000c18 : 00000000;
00000c19 : 00000000;
00000c1a : 00000000;
00000c1b : 00000000;
00000c1c : 00000000;
00000c1d : 00000000;
00000c1e : 00000000;
00000c1f : 00000000;
00000c20 : 00000000;
00000c21 : 00000000;
00000c22 : 00000000;
00000c23 : 00000000;
00000c24 : 00000000;
00000c25 : 00000000;
00000c26 : 00000000;
00000c27 : 00000000;
00000c28 : 00000000;
00000c29 : 00000000;
00000c2a : 00000000;
00000c2b : 00000000;
00000c2c : 00000000;
00000c2d : 00000000;
00000c2e : 00000000;
00000c2f : 00000000;
00000c30 : 00000000;
00000c31 : 00000000;
00000c32 : 00000000;
00000c33 : 00000000;
00000c34 : 00000000;
00000c35 : 00000000;
00000c36 : 00000000;
00000c37 : 00000000;
00000c38 : 00000000;
00000c39 : 00000000;
00000c3a : 00000000;
00000c3b : 00000000;
00000c3c : 00000000;
00000c3d : 00000000;
00000c3e : 00000000;
00000c3f : 00000000;
00000c40 : 00000000;
00000c41 : 00000000;
00000c42 : 00000000;
00000c43 : 00000000;
00000c44 : 00000000;
00000c45 : 00000000;
00000c46 : 00000000;
00000c47 : 00000000;
00000c48 : 00000000;
00000c49 : 00000000;
00000c4a : 00000000;
00000c4b : 00000000;
00000c4c : 00000000;
00000c4d : 00000000;
00000c4e : 00000000;
00000c4f : 00000000;
00000c50 : 00000000;
00000c51 : 00000000;
00000c52 : 00000000;
00000c53 : 00000000;
00000c54 : 00000000;
00000c55 : 00000000;
00000c56 : 00000000;
00000c57 : 00000000;
00000c58 : 00000000;
00000c59 : 00000000;
00000c5a : 00000000;
00000c5b : 00000000;
00000c5c : 00000000;
00000c5d : 00000000;
00000c5e : 00000000;
00000c5f : 00000000;
00000c60 : 00000000;
00000c61 : 00000000;
00000c62 : 00000000;
00000c63 : 00000000;
00000c64 : 00000000;
00000c65 : 00000000;
00000c66 : 00000000;
00000c67 : 00000000;
00000c68 : 00000000;
00000c69 : 00000000;
00000c6a : 00000000;
00000c6b : 00000000;
00000c6c : 00000000;
00000c6d : 00000000;
00000c6e : 00000000;
00000c6f : 00000000;
00000c70 : 00000000;
00000c71 : 00000000;
00000c72 : 00000000;
00000c73 : 00000000;
00000c74 : 00000000;
00000c75 : 00000000;
00000c76 : 00000000;
00000c77 : 00000000;
00000c78 : 00000000;
00000c79 : 00000000;
00000c7a : 00000000;
00000c7b : 00000000;
00000c7c : 00000000;
00000c7d : 00000000;
00000c7e : 00000000;
00000c7f : 00000000;
00000c80 : 00000000;
00000c81 : 00000000;
00000c82 : 00000000;
00000c83 : 00000000;
00000c84 : 00000000;
00000c85 : 00000000;
00000c86 : 00000000;
00000c87 : 00000000;
00000c88 : 00000000;
00000c89 : 00000000;
00000c8a : 00000000;
00000c8b : 00000000;
00000c8c : 00000000;
00000c8d : 00000000;
00000c8e : 00000000;
00000c8f : 00000000;
00000c90 : 00000000;
00000c91 : 00000000;
00000c92 : 00000000;
00000c93 : 00000000;
00000c94 : 00000000;
00000c95 : 00000000;
00000c96 : 00000000;
00000c97 : 00000000;
00000c98 : 00000000;
00000c99 : 00000000;
00000c9a : 00000000;
00000c9b : 00000000;
00000c9c : 00000000;
00000c9d : 00000000;
00000c9e : 00000000;
00000c9f : 00000000;
00000ca0 : 00000000;
00000ca1 : 00000000;
00000ca2 : 00000000;
00000ca3 : 00000000;
00000ca4 : 00000000;
00000ca5 : 00000000;
00000ca6 : 00000000;
00000ca7 : 00000000;
00000ca8 : 00000000;
00000ca9 : 00000000;
00000caa : 00000000;
00000cab : 00000000;
00000cac : 00000000;
00000cad : 00000000;
00000cae : 00000000;
00000caf : 00000000;
00000cb0 : 00000000;
00000cb1 : 00000000;
00000cb2 : 00000000;
00000cb3 : 00000000;
00000cb4 : 00000000;
00000cb5 : 00000000;
00000cb6 : 00000000;
00000cb7 : 00000000;
00000cb8 : 00000000;
00000cb9 : 00000000;
00000cba : 00000000;
00000cbb : 00000000;
00000cbc : 00000000;
00000cbd : 00000000;
00000cbe : 00000000;
00000cbf : 00000000;
00000cc0 : 00000000;
00000cc1 : 00000000;
00000cc2 : 00000000;
00000cc3 : 00000000;
00000cc4 : 00000000;
00000cc5 : 00000000;
00000cc6 : 00000000;
00000cc7 : 00000000;
00000cc8 : 00000000;
00000cc9 : 00000000;
00000cca : 00000000;
00000ccb : 00000000;
00000ccc : 00000000;
00000ccd : 00000000;
00000cce : 00000000;
00000ccf : 00000000;
00000cd0 : 00000000;
00000cd1 : 00000000;
00000cd2 : 00000000;
00000cd3 : 00000000;
00000cd4 : 00000000;
00000cd5 : 00000000;
00000cd6 : 00000000;
00000cd7 : 00000000;
00000cd8 : 00000000;
00000cd9 : 00000000;
00000cda : 00000000;
00000cdb : 00000000;
00000cdc : 00000000;
00000cdd : 00000000;
00000cde : 00000000;
00000cdf : 00000000;
00000ce0 : 00000000;
00000ce1 : 00000000;
00000ce2 : 00000000;
00000ce3 : 00000000;
00000ce4 : 00000000;
00000ce5 : 00000000;
00000ce6 : 00000000;
00000ce7 : 00000000;
00000ce8 : 00000000;
00000ce9 : 00000000;
00000cea : 00000000;
00000ceb : 00000000;
00000cec : 00000000;
00000ced : 00000000;
00000cee : 00000000;
00000cef : 00000000;
00000cf0 : 00000000;
00000cf1 : 00000000;
00000cf2 : 00000000;
00000cf3 : 00000000;
00000cf4 : 00000000;
00000cf5 : 00000000;
00000cf6 : 00000000;
00000cf7 : 00000000;
00000cf8 : 00000000;
00000cf9 : 00000000;
00000cfa : 00000000;
00000cfb : 00000000;
00000cfc : 00000000;
00000cfd : 00000000;
00000cfe : 00000000;
00000cff : 00000000;
00000d00 : 00000000;
00000d01 : 00000000;
00000d02 : 00000000;
00000d03 : 00000000;
00000d04 : 00000000;
00000d05 : 00000000;
00000d06 : 00000000;
00000d07 : 00000000;
00000d08 : 00000000;
00000d09 : 00000000;
00000d0a : 00000000;
00000d0b : 00000000;
00000d0c : 00000000;
00000d0d : 00000000;
00000d0e : 00000000;
00000d0f : 00000000;
00000d10 : 00000000;
00000d11 : 00000000;
00000d12 : 00000000;
00000d13 : 00000000;
00000d14 : 00000000;
00000d15 : 00000000;
00000d16 : 00000000;
00000d17 : 00000000;
00000d18 : 00000000;
00000d19 : 00000000;
00000d1a : 00000000;
00000d1b : 00000000;
00000d1c : 00000000;
00000d1d : 00000000;
00000d1e : 00000000;
00000d1f : 00000000;
00000d20 : 00000000;
00000d21 : 00000000;
00000d22 : 00000000;
00000d23 : 00000000;
00000d24 : 00000000;
00000d25 : 00000000;
00000d26 : 00000000;
00000d27 : 00000000;
00000d28 : 00000000;
00000d29 : 00000000;
00000d2a : 00000000;
00000d2b : 00000000;
00000d2c : 00000000;
00000d2d : 00000000;
00000d2e : 00000000;
00000d2f : 00000000;
00000d30 : 00000000;
00000d31 : 00000000;
00000d32 : 00000000;
00000d33 : 00000000;
00000d34 : 00000000;
00000d35 : 00000000;
00000d36 : 00000000;
00000d37 : 00000000;
00000d38 : 00000000;
00000d39 : 00000000;
00000d3a : 00000000;
00000d3b : 00000000;
00000d3c : 00000000;
00000d3d : 00000000;
00000d3e : 00000000;
00000d3f : 00000000;
00000d40 : 00000000;
00000d41 : 00000000;
00000d42 : 00000000;
00000d43 : 00000000;
00000d44 : 00000000;
00000d45 : 00000000;
00000d46 : 00000000;
00000d47 : 00000000;
00000d48 : 00000000;
00000d49 : 00000000;
00000d4a : 00000000;
00000d4b : 00000000;
00000d4c : 00000000;
00000d4d : 00000000;
00000d4e : 00000000;
00000d4f : 00000000;
00000d50 : 00000000;
00000d51 : 00000000;
00000d52 : 00000000;
00000d53 : 00000000;
00000d54 : 00000000;
00000d55 : 00000000;
00000d56 : 00000000;
00000d57 : 00000000;
00000d58 : 00000000;
00000d59 : 00000000;
00000d5a : 00000000;
00000d5b : 00000000;
00000d5c : 00000000;
00000d5d : 00000000;
00000d5e : 00000000;
00000d5f : 00000000;
00000d60 : 00000000;
00000d61 : 00000000;
00000d62 : 00000000;
00000d63 : 00000000;
00000d64 : 00000000;
00000d65 : 00000000;
00000d66 : 00000000;
00000d67 : 00000000;
00000d68 : 00000000;
00000d69 : 00000000;
00000d6a : 00000000;
00000d6b : 00000000;
00000d6c : 00000000;
00000d6d : 00000000;
00000d6e : 00000000;
00000d6f : 00000000;
00000d70 : 00000000;
00000d71 : 00000000;
00000d72 : 00000000;
00000d73 : 00000000;
00000d74 : 00000000;
00000d75 : 00000000;
00000d76 : 00000000;
00000d77 : 00000000;
00000d78 : 00000000;
00000d79 : 00000000;
00000d7a : 00000000;
00000d7b : 00000000;
00000d7c : 00000000;
00000d7d : 00000000;
00000d7e : 00000000;
00000d7f : 00000000;
00000d80 : 00000000;
00000d81 : 00000000;
00000d82 : 00000000;
00000d83 : 00000000;
00000d84 : 00000000;
00000d85 : 00000000;
00000d86 : 00000000;
00000d87 : 00000000;
00000d88 : 00000000;
00000d89 : 00000000;
00000d8a : 00000000;
00000d8b : 00000000;
00000d8c : 00000000;
00000d8d : 00000000;
00000d8e : 00000000;
00000d8f : 00000000;
00000d90 : 00000000;
00000d91 : 00000000;
00000d92 : 00000000;
00000d93 : 00000000;
00000d94 : 00000000;
00000d95 : 00000000;
00000d96 : 00000000;
00000d97 : 00000000;
00000d98 : 00000000;
00000d99 : 00000000;
00000d9a : 00000000;
00000d9b : 00000000;
00000d9c : 00000000;
00000d9d : 00000000;
00000d9e : 00000000;
00000d9f : 00000000;
00000da0 : 00000000;
00000da1 : 00000000;
00000da2 : 00000000;
00000da3 : 00000000;
00000da4 : 00000000;
00000da5 : 00000000;
00000da6 : 00000000;
00000da7 : 00000000;
00000da8 : 00000000;
00000da9 : 00000000;
00000daa : 00000000;
00000dab : 00000000;
00000dac : 00000000;
00000dad : 00000000;
00000dae : 00000000;
00000daf : 00000000;
00000db0 : 00000000;
00000db1 : 00000000;
00000db2 : 00000000;
00000db3 : 00000000;
00000db4 : 00000000;
00000db5 : 00000000;
00000db6 : 00000000;
00000db7 : 00000000;
00000db8 : 00000000;
00000db9 : 00000000;
00000dba : 00000000;
00000dbb : 00000000;
00000dbc : 00000000;
00000dbd : 00000000;
00000dbe : 00000000;
00000dbf : 00000000;
00000dc0 : 00000000;
00000dc1 : 00000000;
00000dc2 : 00000000;
00000dc3 : 00000000;
00000dc4 : 00000000;
00000dc5 : 00000000;
00000dc6 : 00000000;
00000dc7 : 00000000;
00000dc8 : 00000000;
00000dc9 : 00000000;
00000dca : 00000000;
00000dcb : 00000000;
00000dcc : 00000000;
00000dcd : 00000000;
00000dce : 00000000;
00000dcf : 00000000;
00000dd0 : 00000000;
00000dd1 : 00000000;
00000dd2 : 00000000;
00000dd3 : 00000000;
00000dd4 : 00000000;
00000dd5 : 00000000;
00000dd6 : 00000000;
00000dd7 : 00000000;
00000dd8 : 00000000;
00000dd9 : 00000000;
00000dda : 00000000;
00000ddb : 00000000;
00000ddc : 00000000;
00000ddd : 00000000;
00000dde : 00000000;
00000ddf : 00000000;
00000de0 : 00000000;
00000de1 : 00000000;
00000de2 : 00000000;
00000de3 : 00000000;
00000de4 : 00000000;
00000de5 : 00000000;
00000de6 : 00000000;
00000de7 : 00000000;
00000de8 : 00000000;
00000de9 : 00000000;
00000dea : 00000000;
00000deb : 00000000;
00000dec : 00000000;
00000ded : 00000000;
00000dee : 00000000;
00000def : 00000000;
00000df0 : 00000000;
00000df1 : 00000000;
00000df2 : 00000000;
00000df3 : 00000000;
00000df4 : 00000000;
00000df5 : 00000000;
00000df6 : 00000000;
00000df7 : 00000000;
00000df8 : 00000000;
00000df9 : 00000000;
00000dfa : 00000000;
00000dfb : 00000000;
00000dfc : 00000000;
00000dfd : 00000000;
00000dfe : 00000000;
00000dff : 00000000;
00000e00 : 00000000;
00000e01 : 00000000;
00000e02 : 00000000;
00000e03 : 00000000;
00000e04 : 00000000;
00000e05 : 00000000;
00000e06 : 00000000;
00000e07 : 00000000;
00000e08 : 00000000;
00000e09 : 00000000;
00000e0a : 00000000;
00000e0b : 00000000;
00000e0c : 00000000;
00000e0d : 00000000;
00000e0e : 00000000;
00000e0f : 00000000;
00000e10 : 00000000;
00000e11 : 00000000;
00000e12 : 00000000;
00000e13 : 00000000;
00000e14 : 00000000;
00000e15 : 00000000;
00000e16 : 00000000;
00000e17 : 00000000;
00000e18 : 00000000;
00000e19 : 00000000;
00000e1a : 00000000;
00000e1b : 00000000;
00000e1c : 00000000;
00000e1d : 00000000;
00000e1e : 00000000;
00000e1f : 00000000;
00000e20 : 00000000;
00000e21 : 00000000;
00000e22 : 00000000;
00000e23 : 00000000;
00000e24 : 00000000;
00000e25 : 00000000;
00000e26 : 00000000;
00000e27 : 00000000;
00000e28 : 00000000;
00000e29 : 00000000;
00000e2a : 00000000;
00000e2b : 00000000;
00000e2c : 00000000;
00000e2d : 00000000;
00000e2e : 00000000;
00000e2f : 00000000;
00000e30 : 00000000;
00000e31 : 00000000;
00000e32 : 00000000;
00000e33 : 00000000;
00000e34 : 00000000;
00000e35 : 00000000;
00000e36 : 00000000;
00000e37 : 00000000;
00000e38 : 00000000;
00000e39 : 00000000;
00000e3a : 00000000;
00000e3b : 00000000;
00000e3c : 00000000;
00000e3d : 00000000;
00000e3e : 00000000;
00000e3f : 00000000;
00000e40 : 00000000;
00000e41 : 00000000;
00000e42 : 00000000;
00000e43 : 00000000;
00000e44 : 00000000;
00000e45 : 00000000;
00000e46 : 00000000;
00000e47 : 00000000;
00000e48 : 00000000;
00000e49 : 00000000;
00000e4a : 00000000;
00000e4b : 00000000;
00000e4c : 00000000;
00000e4d : 00000000;
00000e4e : 00000000;
00000e4f : 00000000;
00000e50 : 00000000;
00000e51 : 00000000;
00000e52 : 00000000;
00000e53 : 00000000;
00000e54 : 00000000;
00000e55 : 00000000;
00000e56 : 00000000;
00000e57 : 00000000;
00000e58 : 00000000;
00000e59 : 00000000;
00000e5a : 00000000;
00000e5b : 00000000;
00000e5c : 00000000;
00000e5d : 00000000;
00000e5e : 00000000;
00000e5f : 00000000;
00000e60 : 00000000;
00000e61 : 00000000;
00000e62 : 00000000;
00000e63 : 00000000;
00000e64 : 00000000;
00000e65 : 00000000;
00000e66 : 00000000;
00000e67 : 00000000;
00000e68 : 00000000;
00000e69 : 00000000;
00000e6a : 00000000;
00000e6b : 00000000;
00000e6c : 00000000;
00000e6d : 00000000;
00000e6e : 00000000;
00000e6f : 00000000;
00000e70 : 00000000;
00000e71 : 00000000;
00000e72 : 00000000;
00000e73 : 00000000;
00000e74 : 00000000;
00000e75 : 00000000;
00000e76 : 00000000;
00000e77 : 00000000;
00000e78 : 00000000;
00000e79 : 00000000;
00000e7a : 00000000;
00000e7b : 00000000;
00000e7c : 00000000;
00000e7d : 00000000;
00000e7e : 00000000;
00000e7f : 00000000;
00000e80 : 00000000;
00000e81 : 00000000;
00000e82 : 00000000;
00000e83 : 00000000;
00000e84 : 00000000;
00000e85 : 00000000;
00000e86 : 00000000;
00000e87 : 00000000;
00000e88 : 00000000;
00000e89 : 00000000;
00000e8a : 00000000;
00000e8b : 00000000;
00000e8c : 00000000;
00000e8d : 00000000;
00000e8e : 00000000;
00000e8f : 00000000;
00000e90 : 00000000;
00000e91 : 00000000;
00000e92 : 00000000;
00000e93 : 00000000;
00000e94 : 00000000;
00000e95 : 00000000;
00000e96 : 00000000;
00000e97 : 00000000;
00000e98 : 00000000;
00000e99 : 00000000;
00000e9a : 00000000;
00000e9b : 00000000;
00000e9c : 00000000;
00000e9d : 00000000;
00000e9e : 00000000;
00000e9f : 00000000;
00000ea0 : 00000000;
00000ea1 : 00000000;
00000ea2 : 00000000;
00000ea3 : 00000000;
00000ea4 : 00000000;
00000ea5 : 00000000;
00000ea6 : 00000000;
00000ea7 : 00000000;
00000ea8 : 00000000;
00000ea9 : 00000000;
00000eaa : 00000000;
00000eab : 00000000;
00000eac : 00000000;
00000ead : 00000000;
00000eae : 00000000;
00000eaf : 00000000;
00000eb0 : 00000000;
00000eb1 : 00000000;
00000eb2 : 00000000;
00000eb3 : 00000000;
00000eb4 : 00000000;
00000eb5 : 00000000;
00000eb6 : 00000000;
00000eb7 : 00000000;
00000eb8 : 00000000;
00000eb9 : 00000000;
00000eba : 00000000;
00000ebb : 00000000;
00000ebc : 00000000;
00000ebd : 00000000;
00000ebe : 00000000;
00000ebf : 00000000;
00000ec0 : 00000000;
00000ec1 : 00000000;
00000ec2 : 00000000;
00000ec3 : 00000000;
00000ec4 : 00000000;
00000ec5 : 00000000;
00000ec6 : 00000000;
00000ec7 : 00000000;
00000ec8 : 00000000;
00000ec9 : 00000000;
00000eca : 00000000;
00000ecb : 00000000;
00000ecc : 00000000;
00000ecd : 00000000;
00000ece : 00000000;
00000ecf : 00000000;
00000ed0 : 00000000;
00000ed1 : 00000000;
00000ed2 : 00000000;
00000ed3 : 00000000;
00000ed4 : 00000000;
00000ed5 : 00000000;
00000ed6 : 00000000;
00000ed7 : 00000000;
00000ed8 : 00000000;
00000ed9 : 00000000;
00000eda : 00000000;
00000edb : 00000000;
00000edc : 00000000;
00000edd : 00000000;
00000ede : 00000000;
00000edf : 00000000;
00000ee0 : 00000000;
00000ee1 : 00000000;
00000ee2 : 00000000;
00000ee3 : 00000000;
00000ee4 : 00000000;
00000ee5 : 00000000;
00000ee6 : 00000000;
00000ee7 : 00000000;
00000ee8 : 00000000;
00000ee9 : 00000000;
00000eea : 00000000;
00000eeb : 00000000;
00000eec : 00000000;
00000eed : 00000000;
00000eee : 00000000;
00000eef : 00000000;
00000ef0 : 00000000;
00000ef1 : 00000000;
00000ef2 : 00000000;
00000ef3 : 00000000;
00000ef4 : 00000000;
00000ef5 : 00000000;
00000ef6 : 00000000;
00000ef7 : 00000000;
00000ef8 : 00000000;
00000ef9 : 00000000;
00000efa : 00000000;
00000efb : 00000000;
00000efc : 00000000;
00000efd : 00000000;
00000efe : 00000000;
00000eff : 00000000;
00000f00 : 00000000;
00000f01 : 00000000;
00000f02 : 00000000;
00000f03 : 00000000;
00000f04 : 00000000;
00000f05 : 00000000;
00000f06 : 00000000;
00000f07 : 00000000;
00000f08 : 00000000;
00000f09 : 00000000;
00000f0a : 00000000;
00000f0b : 00000000;
00000f0c : 00000000;
00000f0d : 00000000;
00000f0e : 00000000;
00000f0f : 00000000;
00000f10 : 00000000;
00000f11 : 00000000;
00000f12 : 00000000;
00000f13 : 00000000;
00000f14 : 00000000;
00000f15 : 00000000;
00000f16 : 00000000;
00000f17 : 00000000;
00000f18 : 00000000;
00000f19 : 00000000;
00000f1a : 00000000;
00000f1b : 00000000;
00000f1c : 00000000;
00000f1d : 00000000;
00000f1e : 00000000;
00000f1f : 00000000;
00000f20 : 00000000;
00000f21 : 00000000;
00000f22 : 00000000;
00000f23 : 00000000;
00000f24 : 00000000;
00000f25 : 00000000;
00000f26 : 00000000;
00000f27 : 00000000;
00000f28 : 00000000;
00000f29 : 00000000;
00000f2a : 00000000;
00000f2b : 00000000;
00000f2c : 00000000;
00000f2d : 00000000;
00000f2e : 00000000;
00000f2f : 00000000;
00000f30 : 00000000;
00000f31 : 00000000;
00000f32 : 00000000;
00000f33 : 00000000;
00000f34 : 00000000;
00000f35 : 00000000;
00000f36 : 00000000;
00000f37 : 00000000;
00000f38 : 00000000;
00000f39 : 00000000;
00000f3a : 00000000;
00000f3b : 00000000;
00000f3c : 00000000;
00000f3d : 00000000;
00000f3e : 00000000;
00000f3f : 00000000;
00000f40 : 00000000;
00000f41 : 00000000;
00000f42 : 00000000;
00000f43 : 00000000;
00000f44 : 00000000;
00000f45 : 00000000;
00000f46 : 00000000;
00000f47 : 00000000;
00000f48 : 00000000;
00000f49 : 00000000;
00000f4a : 00000000;
00000f4b : 00000000;
00000f4c : 00000000;
00000f4d : 00000000;
00000f4e : 00000000;
00000f4f : 00000000;
00000f50 : 00000000;
00000f51 : 00000000;
00000f52 : 00000000;
00000f53 : 00000000;
00000f54 : 00000000;
00000f55 : 00000000;
00000f56 : 00000000;
00000f57 : 00000000;
00000f58 : 00000000;
00000f59 : 00000000;
00000f5a : 00000000;
00000f5b : 00000000;
00000f5c : 00000000;
00000f5d : 00000000;
00000f5e : 00000000;
00000f5f : 00000000;
00000f60 : 00000000;
00000f61 : 00000000;
00000f62 : 00000000;
00000f63 : 00000000;
00000f64 : 00000000;
00000f65 : 00000000;
00000f66 : 00000000;
00000f67 : 00000000;
00000f68 : 00000000;
00000f69 : 00000000;
00000f6a : 00000000;
00000f6b : 00000000;
00000f6c : 00000000;
00000f6d : 00000000;
00000f6e : 00000000;
00000f6f : 00000000;
00000f70 : 00000000;
00000f71 : 00000000;
00000f72 : 00000000;
00000f73 : 00000000;
00000f74 : 00000000;
00000f75 : 00000000;
00000f76 : 00000000;
00000f77 : 00000000;
00000f78 : 00000000;
00000f79 : 00000000;
00000f7a : 00000000;
00000f7b : 00000000;
00000f7c : 00000000;
00000f7d : 00000000;
00000f7e : 00000000;
00000f7f : 00000000;
00000f80 : 00000000;
00000f81 : 00000000;
00000f82 : 00000000;
00000f83 : 00000000;
00000f84 : 00000000;
00000f85 : 00000000;
00000f86 : 00000000;
00000f87 : 00000000;
00000f88 : 00000000;
00000f89 : 00000000;
00000f8a : 00000000;
00000f8b : 00000000;
00000f8c : 00000000;
00000f8d : 00000000;
00000f8e : 00000000;
00000f8f : 00000000;
00000f90 : 00000000;
00000f91 : 00000000;
00000f92 : 00000000;
00000f93 : 00000000;
00000f94 : 00000000;
00000f95 : 00000000;
00000f96 : 00000000;
00000f97 : 00000000;
00000f98 : 00000000;
00000f99 : 00000000;
00000f9a : 00000000;
00000f9b : 00000000;
00000f9c : 00000000;
00000f9d : 00000000;
00000f9e : 00000000;
00000f9f : 00000000;
00000fa0 : 00000000;
00000fa1 : 00000000;
00000fa2 : 00000000;
00000fa3 : 00000000;
00000fa4 : 00000000;
00000fa5 : 00000000;
00000fa6 : 00000000;
00000fa7 : 00000000;
00000fa8 : 00000000;
00000fa9 : 00000000;
00000faa : 00000000;
00000fab : 00000000;
00000fac : 00000000;
00000fad : 00000000;
00000fae : 00000000;
00000faf : 00000000;
00000fb0 : 00000000;
00000fb1 : 00000000;
00000fb2 : 00000000;
00000fb3 : 00000000;
00000fb4 : 00000000;
00000fb5 : 00000000;
00000fb6 : 00000000;
00000fb7 : 00000000;
00000fb8 : 00000000;
00000fb9 : 00000000;
00000fba : 00000000;
00000fbb : 00000000;
00000fbc : 00000000;
00000fbd : 00000000;
00000fbe : 00000000;
00000fbf : 00000000;
00000fc0 : 00000000;
00000fc1 : 00000000;
00000fc2 : 00000000;
00000fc3 : 00000000;
00000fc4 : 00000000;
00000fc5 : 00000000;
00000fc6 : 00000000;
00000fc7 : 00000000;
00000fc8 : 00000000;
00000fc9 : 00000000;
00000fca : 00000000;
00000fcb : 00000000;
00000fcc : 00000000;
00000fcd : 00000000;
00000fce : 00000000;
00000fcf : 00000000;
00000fd0 : 00000000;
00000fd1 : 00000000;
00000fd2 : 00000000;
00000fd3 : 00000000;
00000fd4 : 00000000;
00000fd5 : 00000000;
00000fd6 : 00000000;
00000fd7 : 00000000;
00000fd8 : 00000000;
00000fd9 : 00000000;
00000fda : 00000000;
00000fdb : 00000000;
00000fdc : 00000000;
00000fdd : 00000000;
00000fde : 00000000;
00000fdf : 00000000;
00000fe0 : 00000000;
00000fe1 : 00000000;
00000fe2 : 00000000;
00000fe3 : 00000000;
00000fe4 : 00000000;
00000fe5 : 00000000;
00000fe6 : 00000000;
00000fe7 : 00000000;
00000fe8 : 00000000;
00000fe9 : 00000000;
00000fea : 00000000;
00000feb : 00000000;
00000fec : 00000000;
00000fed : 00000000;
00000fee : 00000000;
00000fef : 00000000;
00000ff0 : 00000000;
00000ff1 : 00000000;
00000ff2 : 00000000;
00000ff3 : 00000000;
00000ff4 : 00000000;
00000ff5 : 00000000;
00000ff6 : 00000000;
00000ff7 : 00000000;
00000ff8 : 00000000;
00000ff9 : 00000000;
00000ffa : 00000000;
00000ffb : 00000000;
00000ffc : 00000000;
00000ffd : 00000000;
00000ffe : 00000000;
00000fff : 00000000;
00001000 : 00000000;
00001001 : 00000000;
00001002 : 00000000;
00001003 : 00000000;
00001004 : 00000000;
00001005 : 00000000;
00001006 : 00000000;
00001007 : 00000000;
00001008 : 00000000;
00001009 : 00000000;
0000100a : 00000000;
0000100b : 00000000;
0000100c : 00000000;
0000100d : 00000000;
0000100e : 00000000;
0000100f : 00000000;
00001010 : 00000000;
00001011 : 00000000;
00001012 : 00000000;
00001013 : 00000000;
00001014 : 00000000;
00001015 : 00000000;
00001016 : 00000000;
00001017 : 00000000;
00001018 : 00000000;
00001019 : 00000000;
0000101a : 00000000;
0000101b : 00000000;
0000101c : 00000000;
0000101d : 00000000;
0000101e : 00000000;
0000101f : 00000000;
00001020 : 00000000;
00001021 : 00000000;
00001022 : 00000000;
00001023 : 00000000;
00001024 : 00000000;
00001025 : 00000000;
00001026 : 00000000;
00001027 : 00000000;
00001028 : 00000000;
00001029 : 00000000;
0000102a : 00000000;
0000102b : 00000000;
0000102c : 00000000;
0000102d : 00000000;
0000102e : 00000000;
0000102f : 00000000;
00001030 : 00000000;
00001031 : 00000000;
00001032 : 00000000;
00001033 : 00000000;
00001034 : 00000000;
00001035 : 00000000;
00001036 : 00000000;
00001037 : 00000000;
00001038 : 00000000;
00001039 : 00000000;
0000103a : 00000000;
0000103b : 00000000;
0000103c : 00000000;
0000103d : 00000000;
0000103e : 00000000;
0000103f : 00000000;
00001040 : 00000000;
00001041 : 00000000;
00001042 : 00000000;
00001043 : 00000000;
00001044 : 00000000;
00001045 : 00000000;
00001046 : 00000000;
00001047 : 00000000;
00001048 : 00000000;
00001049 : 00000000;
0000104a : 00000000;
0000104b : 00000000;
0000104c : 00000000;
0000104d : 00000000;
0000104e : 00000000;
0000104f : 00000000;
00001050 : 00000000;
00001051 : 00000000;
00001052 : 00000000;
00001053 : 00000000;
00001054 : 00000000;
00001055 : 00000000;
00001056 : 00000000;
00001057 : 00000000;
00001058 : 00000000;
00001059 : 00000000;
0000105a : 00000000;
0000105b : 00000000;
0000105c : 00000000;
0000105d : 00000000;
0000105e : 00000000;
0000105f : 00000000;
00001060 : 00000000;
00001061 : 00000000;
00001062 : 00000000;
00001063 : 00000000;
00001064 : 00000000;
00001065 : 00000000;
00001066 : 00000000;
00001067 : 00000000;
00001068 : 00000000;
00001069 : 00000000;
0000106a : 00000000;
0000106b : 00000000;
0000106c : 00000000;
0000106d : 00000000;
0000106e : 00000000;
0000106f : 00000000;
00001070 : 00000000;
00001071 : 00000000;
00001072 : 00000000;
00001073 : 00000000;
00001074 : 00000000;
00001075 : 00000000;
00001076 : 00000000;
00001077 : 00000000;
00001078 : 00000000;
00001079 : 00000000;
0000107a : 00000000;
0000107b : 00000000;
0000107c : 00000000;
0000107d : 00000000;
0000107e : 00000000;
0000107f : 00000000;
00001080 : 00000000;
00001081 : 00000000;
00001082 : 00000000;
00001083 : 00000000;
00001084 : 00000000;
00001085 : 00000000;
00001086 : 00000000;
00001087 : 00000000;
00001088 : 00000000;
00001089 : 00000000;
0000108a : 00000000;
0000108b : 00000000;
0000108c : 00000000;
0000108d : 00000000;
0000108e : 00000000;
0000108f : 00000000;
00001090 : 00000000;
00001091 : 00000000;
00001092 : 00000000;
00001093 : 00000000;
00001094 : 00000000;
00001095 : 00000000;
00001096 : 00000000;
00001097 : 00000000;
00001098 : 00000000;
00001099 : 00000000;
0000109a : 00000000;
0000109b : 00000000;
0000109c : 00000000;
0000109d : 00000000;
0000109e : 00000000;
0000109f : 00000000;
000010a0 : 00000000;
000010a1 : 00000000;
000010a2 : 00000000;
000010a3 : 00000000;
000010a4 : 00000000;
000010a5 : 00000000;
000010a6 : 00000000;
000010a7 : 00000000;
000010a8 : 00000000;
000010a9 : 00000000;
000010aa : 00000000;
000010ab : 00000000;
000010ac : 00000000;
000010ad : 00000000;
000010ae : 00000000;
000010af : 00000000;
000010b0 : 00000000;
000010b1 : 00000000;
000010b2 : 00000000;
000010b3 : 00000000;
000010b4 : 00000000;
000010b5 : 00000000;
000010b6 : 00000000;
000010b7 : 00000000;
000010b8 : 00000000;
000010b9 : 00000000;
000010ba : 00000000;
000010bb : 00000000;
000010bc : 00000000;
000010bd : 00000000;
000010be : 00000000;
000010bf : 00000000;
000010c0 : 00000000;
000010c1 : 00000000;
000010c2 : 00000000;
000010c3 : 00000000;
000010c4 : 00000000;
000010c5 : 00000000;
000010c6 : 00000000;
000010c7 : 00000000;
000010c8 : 00000000;
000010c9 : 00000000;
000010ca : 00000000;
000010cb : 00000000;
000010cc : 00000000;
000010cd : 00000000;
000010ce : 00000000;
000010cf : 00000000;
000010d0 : 00000000;
000010d1 : 00000000;
000010d2 : 00000000;
000010d3 : 00000000;
000010d4 : 00000000;
000010d5 : 00000000;
000010d6 : 00000000;
000010d7 : 00000000;
000010d8 : 00000000;
000010d9 : 00000000;
000010da : 00000000;
000010db : 00000000;
000010dc : 00000000;
000010dd : 00000000;
000010de : 00000000;
000010df : 00000000;
000010e0 : 00000000;
000010e1 : 00000000;
000010e2 : 00000000;
000010e3 : 00000000;
000010e4 : 00000000;
000010e5 : 00000000;
000010e6 : 00000000;
000010e7 : 00000000;
000010e8 : 00000000;
000010e9 : 00000000;
000010ea : 00000000;
000010eb : 00000000;
000010ec : 00000000;
000010ed : 00000000;
000010ee : 00000000;
000010ef : 00000000;
000010f0 : 00000000;
000010f1 : 00000000;
000010f2 : 00000000;
000010f3 : 00000000;
000010f4 : 00000000;
000010f5 : 00000000;
000010f6 : 00000000;
000010f7 : 00000000;
000010f8 : 00000000;
000010f9 : 00000000;
000010fa : 00000000;
000010fb : 00000000;
000010fc : 00000000;
000010fd : 00000000;
000010fe : 00000000;
000010ff : 00000000;
00001100 : 00000000;
00001101 : 00000000;
00001102 : 00000000;
00001103 : 00000000;
00001104 : 00000000;
00001105 : 00000000;
00001106 : 00000000;
00001107 : 00000000;
00001108 : 00000000;
00001109 : 00000000;
0000110a : 00000000;
0000110b : 00000000;
0000110c : 00000000;
0000110d : 00000000;
0000110e : 00000000;
0000110f : 00000000;
00001110 : 00000000;
00001111 : 00000000;
00001112 : 00000000;
00001113 : 00000000;
00001114 : 00000000;
00001115 : 00000000;
00001116 : 00000000;
00001117 : 00000000;
00001118 : 00000000;
00001119 : 00000000;
0000111a : 00000000;
0000111b : 00000000;
0000111c : 00000000;
0000111d : 00000000;
0000111e : 00000000;
0000111f : 00000000;
00001120 : 00000000;
00001121 : 00000000;
00001122 : 00000000;
00001123 : 00000000;
00001124 : 00000000;
00001125 : 00000000;
00001126 : 00000000;
00001127 : 00000000;
00001128 : 00000000;
00001129 : 00000000;
0000112a : 00000000;
0000112b : 00000000;
0000112c : 00000000;
0000112d : 00000000;
0000112e : 00000000;
0000112f : 00000000;
00001130 : 00000000;
00001131 : 00000000;
00001132 : 00000000;
00001133 : 00000000;
00001134 : 00000000;
00001135 : 00000000;
00001136 : 00000000;
00001137 : 00000000;
00001138 : 00000000;
00001139 : 00000000;
0000113a : 00000000;
0000113b : 00000000;
0000113c : 00000000;
0000113d : 00000000;
0000113e : 00000000;
0000113f : 00000000;
00001140 : 00000000;
00001141 : 00000000;
00001142 : 00000000;
00001143 : 00000000;
00001144 : 00000000;
00001145 : 00000000;
00001146 : 00000000;
00001147 : 00000000;
00001148 : 00000000;
00001149 : 00000000;
0000114a : 00000000;
0000114b : 00000000;
0000114c : 00000000;
0000114d : 00000000;
0000114e : 00000000;
0000114f : 00000000;
00001150 : 00000000;
00001151 : 00000000;
00001152 : 00000000;
00001153 : 00000000;
00001154 : 00000000;
00001155 : 00000000;
00001156 : 00000000;
00001157 : 00000000;
00001158 : 00000000;
00001159 : 00000000;
0000115a : 00000000;
0000115b : 00000000;
0000115c : 00000000;
0000115d : 00000000;
0000115e : 00000000;
0000115f : 00000000;
00001160 : 00000000;
00001161 : 00000000;
00001162 : 00000000;
00001163 : 00000000;
00001164 : 00000000;
00001165 : 00000000;
00001166 : 00000000;
00001167 : 00000000;
00001168 : 00000000;
00001169 : 00000000;
0000116a : 00000000;
0000116b : 00000000;
0000116c : 00000000;
0000116d : 00000000;
0000116e : 00000000;
0000116f : 00000000;
00001170 : 00000000;
00001171 : 00000000;
00001172 : 00000000;
00001173 : 00000000;
00001174 : 00000000;
00001175 : 00000000;
00001176 : 00000000;
00001177 : 00000000;
00001178 : 00000000;
00001179 : 00000000;
0000117a : 00000000;
0000117b : 00000000;
0000117c : 00000000;
0000117d : 00000000;
0000117e : 00000000;
0000117f : 00000000;
00001180 : 00000000;
00001181 : 00000000;
00001182 : 00000000;
00001183 : 00000000;
00001184 : 00000000;
00001185 : 00000000;
00001186 : 00000000;
00001187 : 00000000;
00001188 : 00000000;
00001189 : 00000000;
0000118a : 00000000;
0000118b : 00000000;
0000118c : 00000000;
0000118d : 00000000;
0000118e : 00000000;
0000118f : 00000000;
00001190 : 00000000;
00001191 : 00000000;
00001192 : 00000000;
00001193 : 00000000;
00001194 : 00000000;
00001195 : 00000000;
00001196 : 00000000;
00001197 : 00000000;
00001198 : 00000000;
00001199 : 00000000;
0000119a : 00000000;
0000119b : 00000000;
0000119c : 00000000;
0000119d : 00000000;
0000119e : 00000000;
0000119f : 00000000;
000011a0 : 00000000;
000011a1 : 00000000;
000011a2 : 00000000;
000011a3 : 00000000;
000011a4 : 00000000;
000011a5 : 00000000;
000011a6 : 00000000;
000011a7 : 00000000;
000011a8 : 00000000;
000011a9 : 00000000;
000011aa : 00000000;
000011ab : 00000000;
000011ac : 00000000;
000011ad : 00000000;
000011ae : 00000000;
000011af : 00000000;
000011b0 : 00000000;
000011b1 : 00000000;
000011b2 : 00000000;
000011b3 : 00000000;
000011b4 : 00000000;
000011b5 : 00000000;
000011b6 : 00000000;
000011b7 : 00000000;
000011b8 : 00000000;
000011b9 : 00000000;
000011ba : 00000000;
000011bb : 00000000;
000011bc : 00000000;
000011bd : 00000000;
000011be : 00000000;
000011bf : 00000000;
000011c0 : 00000000;
000011c1 : 00000000;
000011c2 : 00000000;
000011c3 : 00000000;
000011c4 : 00000000;
000011c5 : 00000000;
000011c6 : 00000000;
000011c7 : 00000000;
000011c8 : 00000000;
000011c9 : 00000000;
000011ca : 00000000;
000011cb : 00000000;
000011cc : 00000000;
000011cd : 00000000;
000011ce : 00000000;
000011cf : 00000000;
000011d0 : 00000000;
000011d1 : 00000000;
000011d2 : 00000000;
000011d3 : 00000000;
000011d4 : 00000000;
000011d5 : 00000000;
000011d6 : 00000000;
000011d7 : 00000000;
000011d8 : 00000000;
000011d9 : 00000000;
000011da : 00000000;
000011db : 00000000;
000011dc : 00000000;
000011dd : 00000000;
000011de : 00000000;
000011df : 00000000;
000011e0 : 00000000;
000011e1 : 00000000;
000011e2 : 00000000;
000011e3 : 00000000;
000011e4 : 00000000;
000011e5 : 00000000;
000011e6 : 00000000;
000011e7 : 00000000;
000011e8 : 00000000;
000011e9 : 00000000;
000011ea : 00000000;
000011eb : 00000000;
000011ec : 00000000;
000011ed : 00000000;
000011ee : 00000000;
000011ef : 00000000;
000011f0 : 00000000;
000011f1 : 00000000;
000011f2 : 00000000;
000011f3 : 00000000;
000011f4 : 00000000;
000011f5 : 00000000;
000011f6 : 00000000;
000011f7 : 00000000;
000011f8 : 00000000;
000011f9 : 00000000;
000011fa : 00000000;
000011fb : 00000000;
000011fc : 00000000;
000011fd : 00000000;
000011fe : 00000000;
000011ff : 00000000;
00001200 : 00000000;
00001201 : 00000000;
00001202 : 00000000;
00001203 : 00000000;
00001204 : 00000000;
00001205 : 00000000;
00001206 : 00000000;
00001207 : 00000000;
00001208 : 00000000;
00001209 : 00000000;
0000120a : 00000000;
0000120b : 00000000;
0000120c : 00000000;
0000120d : 00000000;
0000120e : 00000000;
0000120f : 00000000;
00001210 : 00000000;
00001211 : 00000000;
00001212 : 00000000;
00001213 : 00000000;
00001214 : 00000000;
00001215 : 00000000;
00001216 : 00000000;
00001217 : 00000000;
00001218 : 00000000;
00001219 : 00000000;
0000121a : 00000000;
0000121b : 00000000;
0000121c : 00000000;
0000121d : 00000000;
0000121e : 00000000;
0000121f : 00000000;
00001220 : 00000000;
00001221 : 00000000;
00001222 : 00000000;
00001223 : 00000000;
00001224 : 00000000;
00001225 : 00000000;
00001226 : 00000000;
00001227 : 00000000;
00001228 : 00000000;
00001229 : 00000000;
0000122a : 00000000;
0000122b : 00000000;
0000122c : 00000000;
0000122d : 00000000;
0000122e : 00000000;
0000122f : 00000000;
00001230 : 00000000;
00001231 : 00000000;
00001232 : 00000000;
00001233 : 00000000;
00001234 : 00000000;
00001235 : 00000000;
00001236 : 00000000;
00001237 : 00000000;
00001238 : 00000000;
00001239 : 00000000;
0000123a : 00000000;
0000123b : 00000000;
0000123c : 00000000;
0000123d : 00000000;
0000123e : 00000000;
0000123f : 00000000;
00001240 : 00000000;
00001241 : 00000000;
00001242 : 00000000;
00001243 : 00000000;
00001244 : 00000000;
00001245 : 00000000;
00001246 : 00000000;
00001247 : 00000000;
00001248 : 00000000;
00001249 : 00000000;
0000124a : 00000000;
0000124b : 00000000;
0000124c : 00000000;
0000124d : 00000000;
0000124e : 00000000;
0000124f : 00000000;
00001250 : 00000000;
00001251 : 00000000;
00001252 : 00000000;
00001253 : 00000000;
00001254 : 00000000;
00001255 : 00000000;
00001256 : 00000000;
00001257 : 00000000;
00001258 : 00000000;
00001259 : 00000000;
0000125a : 00000000;
0000125b : 00000000;
0000125c : 00000000;
0000125d : 00000000;
0000125e : 00000000;
0000125f : 00000000;
00001260 : 00000000;
00001261 : 00000000;
00001262 : 00000000;
00001263 : 00000000;
00001264 : 00000000;
00001265 : 00000000;
00001266 : 00000000;
00001267 : 00000000;
00001268 : 00000000;
00001269 : 00000000;
0000126a : 00000000;
0000126b : 00000000;
0000126c : 00000000;
0000126d : 00000000;
0000126e : 00000000;
0000126f : 00000000;
00001270 : 00000000;
00001271 : 00000000;
00001272 : 00000000;
00001273 : 00000000;
00001274 : 00000000;
00001275 : 00000000;
00001276 : 00000000;
00001277 : 00000000;
00001278 : 00000000;
00001279 : 00000000;
0000127a : 00000000;
0000127b : 00000000;
0000127c : 00000000;
0000127d : 00000000;
0000127e : 00000000;
0000127f : 00000000;
00001280 : 00000000;
00001281 : 00000000;
00001282 : 00000000;
00001283 : 00000000;
00001284 : 00000000;
00001285 : 00000000;
00001286 : 00000000;
00001287 : 00000000;
00001288 : 00000000;
00001289 : 00000000;
0000128a : 00000000;
0000128b : 00000000;
0000128c : 00000000;
0000128d : 00000000;
0000128e : 00000000;
0000128f : 00000000;
00001290 : 00000000;
00001291 : 00000000;
00001292 : 00000000;
00001293 : 00000000;
00001294 : 00000000;
00001295 : 00000000;
00001296 : 00000000;
00001297 : 00000000;
00001298 : 00000000;
00001299 : 00000000;
0000129a : 00000000;
0000129b : 00000000;
0000129c : 00000000;
0000129d : 00000000;
0000129e : 00000000;
0000129f : 00000000;
000012a0 : 00000000;
000012a1 : 00000000;
000012a2 : 00000000;
000012a3 : 00000000;
000012a4 : 00000000;
000012a5 : 00000000;
000012a6 : 00000000;
000012a7 : 00000000;
000012a8 : 00000000;
000012a9 : 00000000;
000012aa : 00000000;
000012ab : 00000000;
000012ac : 00000000;
000012ad : 00000000;
000012ae : 00000000;
000012af : 00000000;
000012b0 : 00000000;
000012b1 : 00000000;
000012b2 : 00000000;
000012b3 : 00000000;
000012b4 : 00000000;
000012b5 : 00000000;
000012b6 : 00000000;
000012b7 : 00000000;
000012b8 : 00000000;
000012b9 : 00000000;
000012ba : 00000000;
000012bb : 00000000;
000012bc : 00000000;
000012bd : 00000000;
000012be : 00000000;
000012bf : 00000000;
000012c0 : 00000000;
000012c1 : 00000000;
000012c2 : 00000000;
000012c3 : 00000000;
000012c4 : 00000000;
000012c5 : 00000000;
000012c6 : 00000000;
000012c7 : 00000000;
000012c8 : 00000000;
000012c9 : 00000000;
000012ca : 00000000;
000012cb : 00000000;
000012cc : 00000000;
000012cd : 00000000;
000012ce : 00000000;
000012cf : 00000000;
000012d0 : 00000000;
000012d1 : 00000000;
000012d2 : 00000000;
000012d3 : 00000000;
000012d4 : 00000000;
000012d5 : 00000000;
000012d6 : 00000000;
000012d7 : 00000000;
000012d8 : 00000000;
000012d9 : 00000000;
000012da : 00000000;
000012db : 00000000;
000012dc : 00000000;
000012dd : 00000000;
000012de : 00000000;
000012df : 00000000;
000012e0 : 00000000;
000012e1 : 00000000;
000012e2 : 00000000;
000012e3 : 00000000;
000012e4 : 00000000;
000012e5 : 00000000;
000012e6 : 00000000;
000012e7 : 00000000;
000012e8 : 00000000;
000012e9 : 00000000;
000012ea : 00000000;
000012eb : 00000000;
000012ec : 00000000;
000012ed : 00000000;
000012ee : 00000000;
000012ef : 00000000;
000012f0 : 00000000;
000012f1 : 00000000;
000012f2 : 00000000;
000012f3 : 00000000;
000012f4 : 00000000;
000012f5 : 00000000;
000012f6 : 00000000;
000012f7 : 00000000;
000012f8 : 00000000;
000012f9 : 00000000;
000012fa : 00000000;
000012fb : 00000000;
000012fc : 00000000;
000012fd : 00000000;
000012fe : 00000000;
000012ff : 00000000;
00001300 : 00000000;
00001301 : 00000000;
00001302 : 00000000;
00001303 : 00000000;
00001304 : 00000000;
00001305 : 00000000;
00001306 : 00000000;
00001307 : 00000000;
00001308 : 00000000;
00001309 : 00000000;
0000130a : 00000000;
0000130b : 00000000;
0000130c : 00000000;
0000130d : 00000000;
0000130e : 00000000;
0000130f : 00000000;
00001310 : 00000000;
00001311 : 00000000;
00001312 : 00000000;
00001313 : 00000000;
00001314 : 00000000;
00001315 : 00000000;
00001316 : 00000000;
00001317 : 00000000;
00001318 : 00000000;
00001319 : 00000000;
0000131a : 00000000;
0000131b : 00000000;
0000131c : 00000000;
0000131d : 00000000;
0000131e : 00000000;
0000131f : 00000000;
00001320 : 00000000;
00001321 : 00000000;
00001322 : 00000000;
00001323 : 00000000;
00001324 : 00000000;
00001325 : 00000000;
00001326 : 00000000;
00001327 : 00000000;
00001328 : 00000000;
00001329 : 00000000;
0000132a : 00000000;
0000132b : 00000000;
0000132c : 00000000;
0000132d : 00000000;
0000132e : 00000000;
0000132f : 00000000;
00001330 : 00000000;
00001331 : 00000000;
00001332 : 00000000;
00001333 : 00000000;
00001334 : 00000000;
00001335 : 00000000;
00001336 : 00000000;
00001337 : 00000000;
00001338 : 00000000;
00001339 : 00000000;
0000133a : 00000000;
0000133b : 00000000;
0000133c : 00000000;
0000133d : 00000000;
0000133e : 00000000;
0000133f : 00000000;
00001340 : 00000000;
00001341 : 00000000;
00001342 : 00000000;
00001343 : 00000000;
00001344 : 00000000;
00001345 : 00000000;
00001346 : 00000000;
00001347 : 00000000;
00001348 : 00000000;
00001349 : 00000000;
0000134a : 00000000;
0000134b : 00000000;
0000134c : 00000000;
0000134d : 00000000;
0000134e : 00000000;
0000134f : 00000000;
00001350 : 00000000;
00001351 : 00000000;
00001352 : 00000000;
00001353 : 00000000;
00001354 : 00000000;
00001355 : 00000000;
00001356 : 00000000;
00001357 : 00000000;
00001358 : 00000000;
00001359 : 00000000;
0000135a : 00000000;
0000135b : 00000000;
0000135c : 00000000;
0000135d : 00000000;
0000135e : 00000000;
0000135f : 00000000;
00001360 : 00000000;
00001361 : 00000000;
00001362 : 00000000;
00001363 : 00000000;
00001364 : 00000000;
00001365 : 00000000;
00001366 : 00000000;
00001367 : 00000000;
00001368 : 00000000;
00001369 : 00000000;
0000136a : 00000000;
0000136b : 00000000;
0000136c : 00000000;
0000136d : 00000000;
0000136e : 00000000;
0000136f : 00000000;
00001370 : 00000000;
00001371 : 00000000;
00001372 : 00000000;
00001373 : 00000000;
00001374 : 00000000;
00001375 : 00000000;
00001376 : 00000000;
00001377 : 00000000;
00001378 : 00000000;
00001379 : 00000000;
0000137a : 00000000;
0000137b : 00000000;
0000137c : 00000000;
0000137d : 00000000;
0000137e : 00000000;
0000137f : 00000000;
00001380 : 00000000;
00001381 : 00000000;
00001382 : 00000000;
00001383 : 00000000;
00001384 : 00000000;
00001385 : 00000000;
00001386 : 00000000;
00001387 : 00000000;
00001388 : 00000000;
00001389 : 00000000;
0000138a : 00000000;
0000138b : 00000000;
0000138c : 00000000;
0000138d : 00000000;
0000138e : 00000000;
0000138f : 00000000;
00001390 : 00000000;
00001391 : 00000000;
00001392 : 00000000;
00001393 : 00000000;
00001394 : 00000000;
00001395 : 00000000;
00001396 : 00000000;
00001397 : 00000000;
00001398 : 00000000;
00001399 : 00000000;
0000139a : 00000000;
0000139b : 00000000;
0000139c : 00000000;
0000139d : 00000000;
0000139e : 00000000;
0000139f : 00000000;
000013a0 : 00000000;
000013a1 : 00000000;
000013a2 : 00000000;
000013a3 : 00000000;
000013a4 : 00000000;
000013a5 : 00000000;
000013a6 : 00000000;
000013a7 : 00000000;
000013a8 : 00000000;
000013a9 : 00000000;
000013aa : 00000000;
000013ab : 00000000;
000013ac : 00000000;
000013ad : 00000000;
000013ae : 00000000;
000013af : 00000000;
000013b0 : 00000000;
000013b1 : 00000000;
000013b2 : 00000000;
000013b3 : 00000000;
000013b4 : 00000000;
000013b5 : 00000000;
000013b6 : 00000000;
000013b7 : 00000000;
000013b8 : 00000000;
000013b9 : 00000000;
000013ba : 00000000;
000013bb : 00000000;
000013bc : 00000000;
000013bd : 00000000;
000013be : 00000000;
000013bf : 00000000;
000013c0 : 00000000;
000013c1 : 00000000;
000013c2 : 00000000;
000013c3 : 00000000;
000013c4 : 00000000;
000013c5 : 00000000;
000013c6 : 00000000;
000013c7 : 00000000;
000013c8 : 00000000;
000013c9 : 00000000;
000013ca : 00000000;
000013cb : 00000000;
000013cc : 00000000;
000013cd : 00000000;
000013ce : 00000000;
000013cf : 00000000;
000013d0 : 00000000;
000013d1 : 00000000;
000013d2 : 00000000;
000013d3 : 00000000;
000013d4 : 00000000;
000013d5 : 00000000;
000013d6 : 00000000;
000013d7 : 00000000;
000013d8 : 00000000;
000013d9 : 00000000;
000013da : 00000000;
000013db : 00000000;
000013dc : 00000000;
000013dd : 00000000;
000013de : 00000000;
000013df : 00000000;
000013e0 : 00000000;
000013e1 : 00000000;
000013e2 : 00000000;
000013e3 : 00000000;
000013e4 : 00000000;
000013e5 : 00000000;
000013e6 : 00000000;
000013e7 : 00000000;
000013e8 : 00000000;
000013e9 : 00000000;
000013ea : 00000000;
000013eb : 00000000;
000013ec : 00000000;
000013ed : 00000000;
000013ee : 00000000;
000013ef : 00000000;
000013f0 : 00000000;
000013f1 : 00000000;
000013f2 : 00000000;
000013f3 : 00000000;
000013f4 : 00000000;
000013f5 : 00000000;
000013f6 : 00000000;
000013f7 : 00000000;
000013f8 : 00000000;
000013f9 : 00000000;
000013fa : 00000000;
000013fb : 00000000;
000013fc : 00000000;
000013fd : 00000000;
000013fe : 00000000;
000013ff : 00000000;
00001400 : 00000000;
00001401 : 00000000;
00001402 : 00000000;
00001403 : 00000000;
00001404 : 00000000;
00001405 : 00000000;
00001406 : 00000000;
00001407 : 00000000;
00001408 : 00000000;
00001409 : 00000000;
0000140a : 00000000;
0000140b : 00000000;
0000140c : 00000000;
0000140d : 00000000;
0000140e : 00000000;
0000140f : 00000000;
00001410 : 00000000;
00001411 : 00000000;
00001412 : 00000000;
00001413 : 00000000;
00001414 : 00000000;
00001415 : 00000000;
00001416 : 00000000;
00001417 : 00000000;
00001418 : 00000000;
00001419 : 00000000;
0000141a : 00000000;
0000141b : 00000000;
0000141c : 00000000;
0000141d : 00000000;
0000141e : 00000000;
0000141f : 00000000;
00001420 : 00000000;
00001421 : 00000000;
00001422 : 00000000;
00001423 : 00000000;
00001424 : 00000000;
00001425 : 00000000;
00001426 : 00000000;
00001427 : 00000000;
00001428 : 00000000;
00001429 : 00000000;
0000142a : 00000000;
0000142b : 00000000;
0000142c : 00000000;
0000142d : 00000000;
0000142e : 00000000;
0000142f : 00000000;
00001430 : 00000000;
00001431 : 00000000;
00001432 : 00000000;
00001433 : 00000000;
00001434 : 00000000;
00001435 : 00000000;
00001436 : 00000000;
00001437 : 00000000;
00001438 : 00000000;
00001439 : 00000000;
0000143a : 00000000;
0000143b : 00000000;
0000143c : 00000000;
0000143d : 00000000;
0000143e : 00000000;
0000143f : 00000000;
00001440 : 00000000;
00001441 : 00000000;
00001442 : 00000000;
00001443 : 00000000;
00001444 : 00000000;
00001445 : 00000000;
00001446 : 00000000;
00001447 : 00000000;
00001448 : 00000000;
00001449 : 00000000;
0000144a : 00000000;
0000144b : 00000000;
0000144c : 00000000;
0000144d : 00000000;
0000144e : 00000000;
0000144f : 00000000;
00001450 : 00000000;
00001451 : 00000000;
00001452 : 00000000;
00001453 : 00000000;
00001454 : 00000000;
00001455 : 00000000;
00001456 : 00000000;
00001457 : 00000000;
00001458 : 00000000;
00001459 : 00000000;
0000145a : 00000000;
0000145b : 00000000;
0000145c : 00000000;
0000145d : 00000000;
0000145e : 00000000;
0000145f : 00000000;
00001460 : 00000000;
00001461 : 00000000;
00001462 : 00000000;
00001463 : 00000000;
00001464 : 00000000;
00001465 : 00000000;
00001466 : 00000000;
00001467 : 00000000;
00001468 : 00000000;
00001469 : 00000000;
0000146a : 00000000;
0000146b : 00000000;
0000146c : 00000000;
0000146d : 00000000;
0000146e : 00000000;
0000146f : 00000000;
00001470 : 00000000;
00001471 : 00000000;
00001472 : 00000000;
00001473 : 00000000;
00001474 : 00000000;
00001475 : 00000000;
00001476 : 00000000;
00001477 : 00000000;
00001478 : 00000000;
00001479 : 00000000;
0000147a : 00000000;
0000147b : 00000000;
0000147c : 00000000;
0000147d : 00000000;
0000147e : 00000000;
0000147f : 00000000;
00001480 : 00000000;
00001481 : 00000000;
00001482 : 00000000;
00001483 : 00000000;
00001484 : 00000000;
00001485 : 00000000;
00001486 : 00000000;
00001487 : 00000000;
00001488 : 00000000;
00001489 : 00000000;
0000148a : 00000000;
0000148b : 00000000;
0000148c : 00000000;
0000148d : 00000000;
0000148e : 00000000;
0000148f : 00000000;
00001490 : 00000000;
00001491 : 00000000;
00001492 : 00000000;
00001493 : 00000000;
00001494 : 00000000;
00001495 : 00000000;
00001496 : 00000000;
00001497 : 00000000;
00001498 : 00000000;
00001499 : 00000000;
0000149a : 00000000;
0000149b : 00000000;
0000149c : 00000000;
0000149d : 00000000;
0000149e : 00000000;
0000149f : 00000000;
000014a0 : 00000000;
000014a1 : 00000000;
000014a2 : 00000000;
000014a3 : 00000000;
000014a4 : 00000000;
000014a5 : 00000000;
000014a6 : 00000000;
000014a7 : 00000000;
000014a8 : 00000000;
000014a9 : 00000000;
000014aa : 00000000;
000014ab : 00000000;
000014ac : 00000000;
000014ad : 00000000;
000014ae : 00000000;
000014af : 00000000;
000014b0 : 00000000;
000014b1 : 00000000;
000014b2 : 00000000;
000014b3 : 00000000;
000014b4 : 00000000;
000014b5 : 00000000;
000014b6 : 00000000;
000014b7 : 00000000;
000014b8 : 00000000;
000014b9 : 00000000;
000014ba : 00000000;
000014bb : 00000000;
000014bc : 00000000;
000014bd : 00000000;
000014be : 00000000;
000014bf : 00000000;
000014c0 : 00000000;
000014c1 : 00000000;
000014c2 : 00000000;
000014c3 : 00000000;
000014c4 : 00000000;
000014c5 : 00000000;
000014c6 : 00000000;
000014c7 : 00000000;
000014c8 : 00000000;
000014c9 : 00000000;
000014ca : 00000000;
000014cb : 00000000;
000014cc : 00000000;
000014cd : 00000000;
000014ce : 00000000;
000014cf : 00000000;
000014d0 : 00000000;
000014d1 : 00000000;
000014d2 : 00000000;
000014d3 : 00000000;
000014d4 : 00000000;
000014d5 : 00000000;
000014d6 : 00000000;
000014d7 : 00000000;
000014d8 : 00000000;
000014d9 : 00000000;
000014da : 00000000;
000014db : 00000000;
000014dc : 00000000;
000014dd : 00000000;
000014de : 00000000;
000014df : 00000000;
000014e0 : 00000000;
000014e1 : 00000000;
000014e2 : 00000000;
000014e3 : 00000000;
000014e4 : 00000000;
000014e5 : 00000000;
000014e6 : 00000000;
000014e7 : 00000000;
000014e8 : 00000000;
000014e9 : 00000000;
000014ea : 00000000;
000014eb : 00000000;
000014ec : 00000000;
000014ed : 00000000;
000014ee : 00000000;
000014ef : 00000000;
000014f0 : 00000000;
000014f1 : 00000000;
000014f2 : 00000000;
000014f3 : 00000000;
000014f4 : 00000000;
000014f5 : 00000000;
000014f6 : 00000000;
000014f7 : 00000000;
000014f8 : 00000000;
000014f9 : 00000000;
000014fa : 00000000;
000014fb : 00000000;
000014fc : 00000000;
000014fd : 00000000;
000014fe : 00000000;
000014ff : 00000000;
00001500 : 00000000;
00001501 : 00000000;
00001502 : 00000000;
00001503 : 00000000;
00001504 : 00000000;
00001505 : 00000000;
00001506 : 00000000;
00001507 : 00000000;
00001508 : 00000000;
00001509 : 00000000;
0000150a : 00000000;
0000150b : 00000000;
0000150c : 00000000;
0000150d : 00000000;
0000150e : 00000000;
0000150f : 00000000;
00001510 : 00000000;
00001511 : 00000000;
00001512 : 00000000;
00001513 : 00000000;
00001514 : 00000000;
00001515 : 00000000;
00001516 : 00000000;
00001517 : 00000000;
00001518 : 00000000;
00001519 : 00000000;
0000151a : 00000000;
0000151b : 00000000;
0000151c : 00000000;
0000151d : 00000000;
0000151e : 00000000;
0000151f : 00000000;
00001520 : 00000000;
00001521 : 00000000;
00001522 : 00000000;
00001523 : 00000000;
00001524 : 00000000;
00001525 : 00000000;
00001526 : 00000000;
00001527 : 00000000;
00001528 : 00000000;
00001529 : 00000000;
0000152a : 00000000;
0000152b : 00000000;
0000152c : 00000000;
0000152d : 00000000;
0000152e : 00000000;
0000152f : 00000000;
00001530 : 00000000;
00001531 : 00000000;
00001532 : 00000000;
00001533 : 00000000;
00001534 : 00000000;
00001535 : 00000000;
00001536 : 00000000;
00001537 : 00000000;
00001538 : 00000000;
00001539 : 00000000;
0000153a : 00000000;
0000153b : 00000000;
0000153c : 00000000;
0000153d : 00000000;
0000153e : 00000000;
0000153f : 00000000;
00001540 : 00000000;
00001541 : 00000000;
00001542 : 00000000;
00001543 : 00000000;
00001544 : 00000000;
00001545 : 00000000;
00001546 : 00000000;
00001547 : 00000000;
00001548 : 00000000;
00001549 : 00000000;
0000154a : 00000000;
0000154b : 00000000;
0000154c : 00000000;
0000154d : 00000000;
0000154e : 00000000;
0000154f : 00000000;
00001550 : 00000000;
00001551 : 00000000;
00001552 : 00000000;
00001553 : 00000000;
00001554 : 00000000;
00001555 : 00000000;
00001556 : 00000000;
00001557 : 00000000;
00001558 : 00000000;
00001559 : 00000000;
0000155a : 00000000;
0000155b : 00000000;
0000155c : 00000000;
0000155d : 00000000;
0000155e : 00000000;
0000155f : 00000000;
00001560 : 00000000;
00001561 : 00000000;
00001562 : 00000000;
00001563 : 00000000;
00001564 : 00000000;
00001565 : 00000000;
00001566 : 00000000;
00001567 : 00000000;
00001568 : 00000000;
00001569 : 00000000;
0000156a : 00000000;
0000156b : 00000000;
0000156c : 00000000;
0000156d : 00000000;
0000156e : 00000000;
0000156f : 00000000;
00001570 : 00000000;
00001571 : 00000000;
00001572 : 00000000;
00001573 : 00000000;
00001574 : 00000000;
00001575 : 00000000;
00001576 : 00000000;
00001577 : 00000000;
00001578 : 00000000;
00001579 : 00000000;
0000157a : 00000000;
0000157b : 00000000;
0000157c : 00000000;
0000157d : 00000000;
0000157e : 00000000;
0000157f : 00000000;
00001580 : 00000000;
00001581 : 00000000;
00001582 : 00000000;
00001583 : 00000000;
00001584 : 00000000;
00001585 : 00000000;
00001586 : 00000000;
00001587 : 00000000;
00001588 : 00000000;
00001589 : 00000000;
0000158a : 00000000;
0000158b : 00000000;
0000158c : 00000000;
0000158d : 00000000;
0000158e : 00000000;
0000158f : 00000000;
00001590 : 00000000;
00001591 : 00000000;
00001592 : 00000000;
00001593 : 00000000;
00001594 : 00000000;
00001595 : 00000000;
00001596 : 00000000;
00001597 : 00000000;
00001598 : 00000000;
00001599 : 00000000;
0000159a : 00000000;
0000159b : 00000000;
0000159c : 00000000;
0000159d : 00000000;
0000159e : 00000000;
0000159f : 00000000;
000015a0 : 00000000;
000015a1 : 00000000;
000015a2 : 00000000;
000015a3 : 00000000;
000015a4 : 00000000;
000015a5 : 00000000;
000015a6 : 00000000;
000015a7 : 00000000;
000015a8 : 00000000;
000015a9 : 00000000;
000015aa : 00000000;
000015ab : 00000000;
000015ac : 00000000;
000015ad : 00000000;
000015ae : 00000000;
000015af : 00000000;
000015b0 : 00000000;
000015b1 : 00000000;
000015b2 : 00000000;
000015b3 : 00000000;
000015b4 : 00000000;
000015b5 : 00000000;
000015b6 : 00000000;
000015b7 : 00000000;
000015b8 : 00000000;
000015b9 : 00000000;
000015ba : 00000000;
000015bb : 00000000;
000015bc : 00000000;
000015bd : 00000000;
000015be : 00000000;
000015bf : 00000000;
000015c0 : 00000000;
000015c1 : 00000000;
000015c2 : 00000000;
000015c3 : 00000000;
000015c4 : 00000000;
000015c5 : 00000000;
000015c6 : 00000000;
000015c7 : 00000000;
000015c8 : 00000000;
000015c9 : 00000000;
000015ca : 00000000;
000015cb : 00000000;
000015cc : 00000000;
000015cd : 00000000;
000015ce : 00000000;
000015cf : 00000000;
000015d0 : 00000000;
000015d1 : 00000000;
000015d2 : 00000000;
000015d3 : 00000000;
000015d4 : 00000000;
000015d5 : 00000000;
000015d6 : 00000000;
000015d7 : 00000000;
000015d8 : 00000000;
000015d9 : 00000000;
000015da : 00000000;
000015db : 00000000;
000015dc : 00000000;
000015dd : 00000000;
000015de : 00000000;
000015df : 00000000;
000015e0 : 00000000;
000015e1 : 00000000;
000015e2 : 00000000;
000015e3 : 00000000;
000015e4 : 00000000;
000015e5 : 00000000;
000015e6 : 00000000;
000015e7 : 00000000;
000015e8 : 00000000;
000015e9 : 00000000;
000015ea : 00000000;
000015eb : 00000000;
000015ec : 00000000;
000015ed : 00000000;
000015ee : 00000000;
000015ef : 00000000;
000015f0 : 00000000;
000015f1 : 00000000;
000015f2 : 00000000;
000015f3 : 00000000;
000015f4 : 00000000;
000015f5 : 00000000;
000015f6 : 00000000;
000015f7 : 00000000;
000015f8 : 00000000;
000015f9 : 00000000;
000015fa : 00000000;
000015fb : 00000000;
000015fc : 00000000;
000015fd : 00000000;
000015fe : 00000000;
000015ff : 00000000;
00001600 : 00000000;
00001601 : 00000000;
00001602 : 00000000;
00001603 : 00000000;
00001604 : 00000000;
00001605 : 00000000;
00001606 : 00000000;
00001607 : 00000000;
00001608 : 00000000;
00001609 : 00000000;
0000160a : 00000000;
0000160b : 00000000;
0000160c : 00000000;
0000160d : 00000000;
0000160e : 00000000;
0000160f : 00000000;
00001610 : 00000000;
00001611 : 00000000;
00001612 : 00000000;
00001613 : 00000000;
00001614 : 00000000;
00001615 : 00000000;
00001616 : 00000000;
00001617 : 00000000;
00001618 : 00000000;
00001619 : 00000000;
0000161a : 00000000;
0000161b : 00000000;
0000161c : 00000000;
0000161d : 00000000;
0000161e : 00000000;
0000161f : 00000000;
00001620 : 00000000;
00001621 : 00000000;
00001622 : 00000000;
00001623 : 00000000;
00001624 : 00000000;
00001625 : 00000000;
00001626 : 00000000;
00001627 : 00000000;
00001628 : 00000000;
00001629 : 00000000;
0000162a : 00000000;
0000162b : 00000000;
0000162c : 00000000;
0000162d : 00000000;
0000162e : 00000000;
0000162f : 00000000;
00001630 : 00000000;
00001631 : 00000000;
00001632 : 00000000;
00001633 : 00000000;
00001634 : 00000000;
00001635 : 00000000;
00001636 : 00000000;
00001637 : 00000000;
00001638 : 00000000;
00001639 : 00000000;
0000163a : 00000000;
0000163b : 00000000;
0000163c : 00000000;
0000163d : 00000000;
0000163e : 00000000;
0000163f : 00000000;
00001640 : 00000000;
00001641 : 00000000;
00001642 : 00000000;
00001643 : 00000000;
00001644 : 00000000;
00001645 : 00000000;
00001646 : 00000000;
00001647 : 00000000;
00001648 : 00000000;
00001649 : 00000000;
0000164a : 00000000;
0000164b : 00000000;
0000164c : 00000000;
0000164d : 00000000;
0000164e : 00000000;
0000164f : 00000000;
00001650 : 00000000;
00001651 : 00000000;
00001652 : 00000000;
00001653 : 00000000;
00001654 : 00000000;
00001655 : 00000000;
00001656 : 00000000;
00001657 : 00000000;
00001658 : 00000000;
00001659 : 00000000;
0000165a : 00000000;
0000165b : 00000000;
0000165c : 00000000;
0000165d : 00000000;
0000165e : 00000000;
0000165f : 00000000;
00001660 : 00000000;
00001661 : 00000000;
00001662 : 00000000;
00001663 : 00000000;
00001664 : 00000000;
00001665 : 00000000;
00001666 : 00000000;
00001667 : 00000000;
00001668 : 00000000;
00001669 : 00000000;
0000166a : 00000000;
0000166b : 00000000;
0000166c : 00000000;
0000166d : 00000000;
0000166e : 00000000;
0000166f : 00000000;
00001670 : 00000000;
00001671 : 00000000;
00001672 : 00000000;
00001673 : 00000000;
00001674 : 00000000;
00001675 : 00000000;
00001676 : 00000000;
00001677 : 00000000;
00001678 : 00000000;
00001679 : 00000000;
0000167a : 00000000;
0000167b : 00000000;
0000167c : 00000000;
0000167d : 00000000;
0000167e : 00000000;
0000167f : 00000000;
00001680 : 00000000;
00001681 : 00000000;
00001682 : 00000000;
00001683 : 00000000;
00001684 : 00000000;
00001685 : 00000000;
00001686 : 00000000;
00001687 : 00000000;
00001688 : 00000000;
00001689 : 00000000;
0000168a : 00000000;
0000168b : 00000000;
0000168c : 00000000;
0000168d : 00000000;
0000168e : 00000000;
0000168f : 00000000;
00001690 : 00000000;
00001691 : 00000000;
00001692 : 00000000;
00001693 : 00000000;
00001694 : 00000000;
00001695 : 00000000;
00001696 : 00000000;
00001697 : 00000000;
00001698 : 00000000;
00001699 : 00000000;
0000169a : 00000000;
0000169b : 00000000;
0000169c : 00000000;
0000169d : 00000000;
0000169e : 00000000;
0000169f : 00000000;
000016a0 : 00000000;
000016a1 : 00000000;
000016a2 : 00000000;
000016a3 : 00000000;
000016a4 : 00000000;
000016a5 : 00000000;
000016a6 : 00000000;
000016a7 : 00000000;
000016a8 : 00000000;
000016a9 : 00000000;
000016aa : 00000000;
000016ab : 00000000;
000016ac : 00000000;
000016ad : 00000000;
000016ae : 00000000;
000016af : 00000000;
000016b0 : 00000000;
000016b1 : 00000000;
000016b2 : 00000000;
000016b3 : 00000000;
000016b4 : 00000000;
000016b5 : 00000000;
000016b6 : 00000000;
000016b7 : 00000000;
000016b8 : 00000000;
000016b9 : 00000000;
000016ba : 00000000;
000016bb : 00000000;
000016bc : 00000000;
000016bd : 00000000;
000016be : 00000000;
000016bf : 00000000;
000016c0 : 00000000;
000016c1 : 00000000;
000016c2 : 00000000;
000016c3 : 00000000;
000016c4 : 00000000;
000016c5 : 00000000;
000016c6 : 00000000;
000016c7 : 00000000;
000016c8 : 00000000;
000016c9 : 00000000;
000016ca : 00000000;
000016cb : 00000000;
000016cc : 00000000;
000016cd : 00000000;
000016ce : 00000000;
000016cf : 00000000;
000016d0 : 00000000;
000016d1 : 00000000;
000016d2 : 00000000;
000016d3 : 00000000;
000016d4 : 00000000;
000016d5 : 00000000;
000016d6 : 00000000;
000016d7 : 00000000;
000016d8 : 00000000;
000016d9 : 00000000;
000016da : 00000000;
000016db : 00000000;
000016dc : 00000000;
000016dd : 00000000;
000016de : 00000000;
000016df : 00000000;
000016e0 : 00000000;
000016e1 : 00000000;
000016e2 : 00000000;
000016e3 : 00000000;
000016e4 : 00000000;
000016e5 : 00000000;
000016e6 : 00000000;
000016e7 : 00000000;
000016e8 : 00000000;
000016e9 : 00000000;
000016ea : 00000000;
000016eb : 00000000;
000016ec : 00000000;
000016ed : 00000000;
000016ee : 00000000;
000016ef : 00000000;
000016f0 : 00000000;
000016f1 : 00000000;
000016f2 : 00000000;
000016f3 : 00000000;
000016f4 : 00000000;
000016f5 : 00000000;
000016f6 : 00000000;
000016f7 : 00000000;
000016f8 : 00000000;
000016f9 : 00000000;
000016fa : 00000000;
000016fb : 00000000;
000016fc : 00000000;
000016fd : 00000000;
000016fe : 00000000;
000016ff : 00000000;
00001700 : 00000000;
00001701 : 00000000;
00001702 : 00000000;
00001703 : 00000000;
00001704 : 00000000;
00001705 : 00000000;
00001706 : 00000000;
00001707 : 00000000;
00001708 : 00000000;
00001709 : 00000000;
0000170a : 00000000;
0000170b : 00000000;
0000170c : 00000000;
0000170d : 00000000;
0000170e : 00000000;
0000170f : 00000000;
00001710 : 00000000;
00001711 : 00000000;
00001712 : 00000000;
00001713 : 00000000;
00001714 : 00000000;
00001715 : 00000000;
00001716 : 00000000;
00001717 : 00000000;
00001718 : 00000000;
00001719 : 00000000;
0000171a : 00000000;
0000171b : 00000000;
0000171c : 00000000;
0000171d : 00000000;
0000171e : 00000000;
0000171f : 00000000;
00001720 : 00000000;
00001721 : 00000000;
00001722 : 00000000;
00001723 : 00000000;
00001724 : 00000000;
00001725 : 00000000;
00001726 : 00000000;
00001727 : 00000000;
00001728 : 00000000;
00001729 : 00000000;
0000172a : 00000000;
0000172b : 00000000;
0000172c : 00000000;
0000172d : 00000000;
0000172e : 00000000;
0000172f : 00000000;
00001730 : 00000000;
00001731 : 00000000;
00001732 : 00000000;
00001733 : 00000000;
00001734 : 00000000;
00001735 : 00000000;
00001736 : 00000000;
00001737 : 00000000;
00001738 : 00000000;
00001739 : 00000000;
0000173a : 00000000;
0000173b : 00000000;
0000173c : 00000000;
0000173d : 00000000;
0000173e : 00000000;
0000173f : 00000000;
00001740 : 00000000;
00001741 : 00000000;
00001742 : 00000000;
00001743 : 00000000;
00001744 : 00000000;
00001745 : 00000000;
00001746 : 00000000;
00001747 : 00000000;
00001748 : 00000000;
00001749 : 00000000;
0000174a : 00000000;
0000174b : 00000000;
0000174c : 00000000;
0000174d : 00000000;
0000174e : 00000000;
0000174f : 00000000;
00001750 : 00000000;
00001751 : 00000000;
00001752 : 00000000;
00001753 : 00000000;
00001754 : 00000000;
00001755 : 00000000;
00001756 : 00000000;
00001757 : 00000000;
00001758 : 00000000;
00001759 : 00000000;
0000175a : 00000000;
0000175b : 00000000;
0000175c : 00000000;
0000175d : 00000000;
0000175e : 00000000;
0000175f : 00000000;
00001760 : 00000000;
00001761 : 00000000;
00001762 : 00000000;
00001763 : 00000000;
00001764 : 00000000;
00001765 : 00000000;
00001766 : 00000000;
00001767 : 00000000;
00001768 : 00000000;
00001769 : 00000000;
0000176a : 00000000;
0000176b : 00000000;
0000176c : 00000000;
0000176d : 00000000;
0000176e : 00000000;
0000176f : 00000000;
00001770 : 00000000;
00001771 : 00000000;
00001772 : 00000000;
00001773 : 00000000;
00001774 : 00000000;
00001775 : 00000000;
00001776 : 00000000;
00001777 : 00000000;
00001778 : 00000000;
00001779 : 00000000;
0000177a : 00000000;
0000177b : 00000000;
0000177c : 00000000;
0000177d : 00000000;
0000177e : 00000000;
0000177f : 00000000;
00001780 : 00000000;
00001781 : 00000000;
00001782 : 00000000;
00001783 : 00000000;
00001784 : 00000000;
00001785 : 00000000;
00001786 : 00000000;
00001787 : 00000000;
00001788 : 00000000;
00001789 : 00000000;
0000178a : 00000000;
0000178b : 00000000;
0000178c : 00000000;
0000178d : 00000000;
0000178e : 00000000;
0000178f : 00000000;
00001790 : 00000000;
00001791 : 00000000;
00001792 : 00000000;
00001793 : 00000000;
00001794 : 00000000;
00001795 : 00000000;
00001796 : 00000000;
00001797 : 00000000;
00001798 : 00000000;
00001799 : 00000000;
0000179a : 00000000;
0000179b : 00000000;
0000179c : 00000000;
0000179d : 00000000;
0000179e : 00000000;
0000179f : 00000000;
000017a0 : 00000000;
000017a1 : 00000000;
000017a2 : 00000000;
000017a3 : 00000000;
000017a4 : 00000000;
000017a5 : 00000000;
000017a6 : 00000000;
000017a7 : 00000000;
000017a8 : 00000000;
000017a9 : 00000000;
000017aa : 00000000;
000017ab : 00000000;
000017ac : 00000000;
000017ad : 00000000;
000017ae : 00000000;
000017af : 00000000;
000017b0 : 00000000;
000017b1 : 00000000;
000017b2 : 00000000;
000017b3 : 00000000;
000017b4 : 00000000;
000017b5 : 00000000;
000017b6 : 00000000;
000017b7 : 00000000;
000017b8 : 00000000;
000017b9 : 00000000;
000017ba : 00000000;
000017bb : 00000000;
000017bc : 00000000;
000017bd : 00000000;
000017be : 00000000;
000017bf : 00000000;
000017c0 : 00000000;
000017c1 : 00000000;
000017c2 : 00000000;
000017c3 : 00000000;
000017c4 : 00000000;
000017c5 : 00000000;
000017c6 : 00000000;
000017c7 : 00000000;
000017c8 : 00000000;
000017c9 : 00000000;
000017ca : 00000000;
000017cb : 00000000;
000017cc : 00000000;
000017cd : 00000000;
000017ce : 00000000;
000017cf : 00000000;
000017d0 : 00000000;
000017d1 : 00000000;
000017d2 : 00000000;
000017d3 : 00000000;
000017d4 : 00000000;
000017d5 : 00000000;
000017d6 : 00000000;
000017d7 : 00000000;
000017d8 : 00000000;
000017d9 : 00000000;
000017da : 00000000;
000017db : 00000000;
000017dc : 00000000;
000017dd : 00000000;
000017de : 00000000;
000017df : 00000000;
000017e0 : 00000000;
000017e1 : 00000000;
000017e2 : 00000000;
000017e3 : 00000000;
000017e4 : 00000000;
000017e5 : 00000000;
000017e6 : 00000000;
000017e7 : 00000000;
000017e8 : 00000000;
000017e9 : 00000000;
000017ea : 00000000;
000017eb : 00000000;
000017ec : 00000000;
000017ed : 00000000;
000017ee : 00000000;
000017ef : 00000000;
000017f0 : 00000000;
000017f1 : 00000000;
000017f2 : 00000000;
000017f3 : 00000000;
000017f4 : 00000000;
000017f5 : 00000000;
000017f6 : 00000000;
000017f7 : 00000000;
000017f8 : 00000000;
000017f9 : 00000000;
000017fa : 00000000;
000017fb : 00000000;
000017fc : 00000000;
000017fd : 00000000;
000017fe : 00000000;
000017ff : 00000000;
00001800 : 00000000;
00001801 : 00000000;
00001802 : 00000000;
00001803 : 00000000;
00001804 : 00000000;
00001805 : 00000000;
00001806 : 00000000;
00001807 : 00000000;
00001808 : 00000000;
00001809 : 00000000;
0000180a : 00000000;
0000180b : 00000000;
0000180c : 00000000;
0000180d : 00000000;
0000180e : 00000000;
0000180f : 00000000;
00001810 : 00000000;
00001811 : 00000000;
00001812 : 00000000;
00001813 : 00000000;
00001814 : 00000000;
00001815 : 00000000;
00001816 : 00000000;
00001817 : 00000000;
00001818 : 00000000;
00001819 : 00000000;
0000181a : 00000000;
0000181b : 00000000;
0000181c : 00000000;
0000181d : 00000000;
0000181e : 00000000;
0000181f : 00000000;
00001820 : 00000000;
00001821 : 00000000;
00001822 : 00000000;
00001823 : 00000000;
00001824 : 00000000;
00001825 : 00000000;
00001826 : 00000000;
00001827 : 00000000;
00001828 : 00000000;
00001829 : 00000000;
0000182a : 00000000;
0000182b : 00000000;
0000182c : 00000000;
0000182d : 00000000;
0000182e : 00000000;
0000182f : 00000000;
00001830 : 00000000;
00001831 : 00000000;
00001832 : 00000000;
00001833 : 00000000;
00001834 : 00000000;
00001835 : 00000000;
00001836 : 00000000;
00001837 : 00000000;
00001838 : 00000000;
00001839 : 00000000;
0000183a : 00000000;
0000183b : 00000000;
0000183c : 00000000;
0000183d : 00000000;
0000183e : 00000000;
0000183f : 00000000;
00001840 : 00000000;
00001841 : 00000000;
00001842 : 00000000;
00001843 : 00000000;
00001844 : 00000000;
00001845 : 00000000;
00001846 : 00000000;
00001847 : 00000000;
00001848 : 00000000;
00001849 : 00000000;
0000184a : 00000000;
0000184b : 00000000;
0000184c : 00000000;
0000184d : 00000000;
0000184e : 00000000;
0000184f : 00000000;
00001850 : 00000000;
00001851 : 00000000;
00001852 : 00000000;
00001853 : 00000000;
00001854 : 00000000;
00001855 : 00000000;
00001856 : 00000000;
00001857 : 00000000;
00001858 : 00000000;
00001859 : 00000000;
0000185a : 00000000;
0000185b : 00000000;
0000185c : 00000000;
0000185d : 00000000;
0000185e : 00000000;
0000185f : 00000000;
00001860 : 00000000;
00001861 : 00000000;
00001862 : 00000000;
00001863 : 00000000;
00001864 : 00000000;
00001865 : 00000000;
00001866 : 00000000;
00001867 : 00000000;
00001868 : 00000000;
00001869 : 00000000;
0000186a : 00000000;
0000186b : 00000000;
0000186c : 00000000;
0000186d : 00000000;
0000186e : 00000000;
0000186f : 00000000;
00001870 : 00000000;
00001871 : 00000000;
00001872 : 00000000;
00001873 : 00000000;
00001874 : 00000000;
00001875 : 00000000;
00001876 : 00000000;
00001877 : 00000000;
00001878 : 00000000;
00001879 : 00000000;
0000187a : 00000000;
0000187b : 00000000;
0000187c : 00000000;
0000187d : 00000000;
0000187e : 00000000;
0000187f : 00000000;
00001880 : 00000000;
00001881 : 00000000;
00001882 : 00000000;
00001883 : 00000000;
00001884 : 00000000;
00001885 : 00000000;
00001886 : 00000000;
00001887 : 00000000;
00001888 : 00000000;
00001889 : 00000000;
0000188a : 00000000;
0000188b : 00000000;
0000188c : 00000000;
0000188d : 00000000;
0000188e : 00000000;
0000188f : 00000000;
00001890 : 00000000;
00001891 : 00000000;
00001892 : 00000000;
00001893 : 00000000;
00001894 : 00000000;
00001895 : 00000000;
00001896 : 00000000;
00001897 : 00000000;
00001898 : 00000000;
00001899 : 00000000;
0000189a : 00000000;
0000189b : 00000000;
0000189c : 00000000;
0000189d : 00000000;
0000189e : 00000000;
0000189f : 00000000;
000018a0 : 00000000;
000018a1 : 00000000;
000018a2 : 00000000;
000018a3 : 00000000;
000018a4 : 00000000;
000018a5 : 00000000;
000018a6 : 00000000;
000018a7 : 00000000;
000018a8 : 00000000;
000018a9 : 00000000;
000018aa : 00000000;
000018ab : 00000000;
000018ac : 00000000;
000018ad : 00000000;
000018ae : 00000000;
000018af : 00000000;
000018b0 : 00000000;
000018b1 : 00000000;
000018b2 : 00000000;
000018b3 : 00000000;
000018b4 : 00000000;
000018b5 : 00000000;
000018b6 : 00000000;
000018b7 : 00000000;
000018b8 : 00000000;
000018b9 : 00000000;
000018ba : 00000000;
000018bb : 00000000;
000018bc : 00000000;
000018bd : 00000000;
000018be : 00000000;
000018bf : 00000000;
000018c0 : 00000000;
000018c1 : 00000000;
000018c2 : 00000000;
000018c3 : 00000000;
000018c4 : 00000000;
000018c5 : 00000000;
000018c6 : 00000000;
000018c7 : 00000000;
000018c8 : 00000000;
000018c9 : 00000000;
000018ca : 00000000;
000018cb : 00000000;
000018cc : 00000000;
000018cd : 00000000;
000018ce : 00000000;
000018cf : 00000000;
000018d0 : 00000000;
000018d1 : 00000000;
000018d2 : 00000000;
000018d3 : 00000000;
000018d4 : 00000000;
000018d5 : 00000000;
000018d6 : 00000000;
000018d7 : 00000000;
000018d8 : 00000000;
000018d9 : 00000000;
000018da : 00000000;
000018db : 00000000;
000018dc : 00000000;
000018dd : 00000000;
000018de : 00000000;
000018df : 00000000;
000018e0 : 00000000;
000018e1 : 00000000;
000018e2 : 00000000;
000018e3 : 00000000;
000018e4 : 00000000;
000018e5 : 00000000;
000018e6 : 00000000;
000018e7 : 00000000;
000018e8 : 00000000;
000018e9 : 00000000;
000018ea : 00000000;
000018eb : 00000000;
000018ec : 00000000;
000018ed : 00000000;
000018ee : 00000000;
000018ef : 00000000;
000018f0 : 00000000;
000018f1 : 00000000;
000018f2 : 00000000;
000018f3 : 00000000;
000018f4 : 00000000;
000018f5 : 00000000;
000018f6 : 00000000;
000018f7 : 00000000;
000018f8 : 00000000;
000018f9 : 00000000;
000018fa : 00000000;
000018fb : 00000000;
000018fc : 00000000;
000018fd : 00000000;
000018fe : 00000000;
000018ff : 00000000;
00001900 : 00000000;
00001901 : 00000000;
00001902 : 00000000;
00001903 : 00000000;
00001904 : 00000000;
00001905 : 00000000;
00001906 : 00000000;
00001907 : 00000000;
00001908 : 00000000;
00001909 : 00000000;
0000190a : 00000000;
0000190b : 00000000;
0000190c : 00000000;
0000190d : 00000000;
0000190e : 00000000;
0000190f : 00000000;
00001910 : 00000000;
00001911 : 00000000;
00001912 : 00000000;
00001913 : 00000000;
00001914 : 00000000;
00001915 : 00000000;
00001916 : 00000000;
00001917 : 00000000;
00001918 : 00000000;
00001919 : 00000000;
0000191a : 00000000;
0000191b : 00000000;
0000191c : 00000000;
0000191d : 00000000;
0000191e : 00000000;
0000191f : 00000000;
00001920 : 00000000;
00001921 : 00000000;
00001922 : 00000000;
00001923 : 00000000;
00001924 : 00000000;
00001925 : 00000000;
00001926 : 00000000;
00001927 : 00000000;
00001928 : 00000000;
00001929 : 00000000;
0000192a : 00000000;
0000192b : 00000000;
0000192c : 00000000;
0000192d : 00000000;
0000192e : 00000000;
0000192f : 00000000;
00001930 : 00000000;
00001931 : 00000000;
00001932 : 00000000;
00001933 : 00000000;
00001934 : 00000000;
00001935 : 00000000;
00001936 : 00000000;
00001937 : 00000000;
00001938 : 00000000;
00001939 : 00000000;
0000193a : 00000000;
0000193b : 00000000;
0000193c : 00000000;
0000193d : 00000000;
0000193e : 00000000;
0000193f : 00000000;
00001940 : 00000000;
00001941 : 00000000;
00001942 : 00000000;
00001943 : 00000000;
00001944 : 00000000;
00001945 : 00000000;
00001946 : 00000000;
00001947 : 00000000;
00001948 : 00000000;
00001949 : 00000000;
0000194a : 00000000;
0000194b : 00000000;
0000194c : 00000000;
0000194d : 00000000;
0000194e : 00000000;
0000194f : 00000000;
00001950 : 00000000;
00001951 : 00000000;
00001952 : 00000000;
00001953 : 00000000;
00001954 : 00000000;
00001955 : 00000000;
00001956 : 00000000;
00001957 : 00000000;
00001958 : 00000000;
00001959 : 00000000;
0000195a : 00000000;
0000195b : 00000000;
0000195c : 00000000;
0000195d : 00000000;
0000195e : 00000000;
0000195f : 00000000;
00001960 : 00000000;
00001961 : 00000000;
00001962 : 00000000;
00001963 : 00000000;
00001964 : 00000000;
00001965 : 00000000;
00001966 : 00000000;
00001967 : 00000000;
00001968 : 00000000;
00001969 : 00000000;
0000196a : 00000000;
0000196b : 00000000;
0000196c : 00000000;
0000196d : 00000000;
0000196e : 00000000;
0000196f : 00000000;
00001970 : 00000000;
00001971 : 00000000;
00001972 : 00000000;
00001973 : 00000000;
00001974 : 00000000;
00001975 : 00000000;
00001976 : 00000000;
00001977 : 00000000;
00001978 : 00000000;
00001979 : 00000000;
0000197a : 00000000;
0000197b : 00000000;
0000197c : 00000000;
0000197d : 00000000;
0000197e : 00000000;
0000197f : 00000000;
00001980 : 00000000;
00001981 : 00000000;
00001982 : 00000000;
00001983 : 00000000;
00001984 : 00000000;
00001985 : 00000000;
00001986 : 00000000;
00001987 : 00000000;
00001988 : 00000000;
00001989 : 00000000;
0000198a : 00000000;
0000198b : 00000000;
0000198c : 00000000;
0000198d : 00000000;
0000198e : 00000000;
0000198f : 00000000;
00001990 : 00000000;
00001991 : 00000000;
00001992 : 00000000;
00001993 : 00000000;
00001994 : 00000000;
00001995 : 00000000;
00001996 : 00000000;
00001997 : 00000000;
00001998 : 00000000;
00001999 : 00000000;
0000199a : 00000000;
0000199b : 00000000;
0000199c : 00000000;
0000199d : 00000000;
0000199e : 00000000;
0000199f : 00000000;
000019a0 : 00000000;
000019a1 : 00000000;
000019a2 : 00000000;
000019a3 : 00000000;
000019a4 : 00000000;
000019a5 : 00000000;
000019a6 : 00000000;
000019a7 : 00000000;
000019a8 : 00000000;
000019a9 : 00000000;
000019aa : 00000000;
000019ab : 00000000;
000019ac : 00000000;
000019ad : 00000000;
000019ae : 00000000;
000019af : 00000000;
000019b0 : 00000000;
000019b1 : 00000000;
000019b2 : 00000000;
000019b3 : 00000000;
000019b4 : 00000000;
000019b5 : 00000000;
000019b6 : 00000000;
000019b7 : 00000000;
000019b8 : 00000000;
000019b9 : 00000000;
000019ba : 00000000;
000019bb : 00000000;
000019bc : 00000000;
000019bd : 00000000;
000019be : 00000000;
000019bf : 00000000;
000019c0 : 00000000;
000019c1 : 00000000;
000019c2 : 00000000;
000019c3 : 00000000;
000019c4 : 00000000;
000019c5 : 00000000;
000019c6 : 00000000;
000019c7 : 00000000;
000019c8 : 00000000;
000019c9 : 00000000;
000019ca : 00000000;
000019cb : 00000000;
000019cc : 00000000;
000019cd : 00000000;
000019ce : 00000000;
000019cf : 00000000;
000019d0 : 00000000;
000019d1 : 00000000;
000019d2 : 00000000;
000019d3 : 00000000;
000019d4 : 00000000;
000019d5 : 00000000;
000019d6 : 00000000;
000019d7 : 00000000;
000019d8 : 00000000;
000019d9 : 00000000;
000019da : 00000000;
000019db : 00000000;
000019dc : 00000000;
000019dd : 00000000;
000019de : 00000000;
000019df : 00000000;
000019e0 : 00000000;
000019e1 : 00000000;
000019e2 : 00000000;
000019e3 : 00000000;
000019e4 : 00000000;
000019e5 : 00000000;
000019e6 : 00000000;
000019e7 : 00000000;
000019e8 : 00000000;
000019e9 : 00000000;
000019ea : 00000000;
000019eb : 00000000;
000019ec : 00000000;
000019ed : 00000000;
000019ee : 00000000;
000019ef : 00000000;
000019f0 : 00000000;
000019f1 : 00000000;
000019f2 : 00000000;
000019f3 : 00000000;
000019f4 : 00000000;
000019f5 : 00000000;
000019f6 : 00000000;
000019f7 : 00000000;
000019f8 : 00000000;
000019f9 : 00000000;
000019fa : 00000000;
000019fb : 00000000;
000019fc : 00000000;
000019fd : 00000000;
000019fe : 00000000;
000019ff : 00000000;
00001a00 : 00000000;
00001a01 : 00000000;
00001a02 : 00000000;
00001a03 : 00000000;
00001a04 : 00000000;
00001a05 : 00000000;
00001a06 : 00000000;
00001a07 : 00000000;
00001a08 : 00000000;
00001a09 : 00000000;
00001a0a : 00000000;
00001a0b : 00000000;
00001a0c : 00000000;
00001a0d : 00000000;
00001a0e : 00000000;
00001a0f : 00000000;
00001a10 : 00000000;
00001a11 : 00000000;
00001a12 : 00000000;
00001a13 : 00000000;
00001a14 : 00000000;
00001a15 : 00000000;
00001a16 : 00000000;
00001a17 : 00000000;
00001a18 : 00000000;
00001a19 : 00000000;
00001a1a : 00000000;
00001a1b : 00000000;
00001a1c : 00000000;
00001a1d : 00000000;
00001a1e : 00000000;
00001a1f : 00000000;
00001a20 : 00000000;
00001a21 : 00000000;
00001a22 : 00000000;
00001a23 : 00000000;
00001a24 : 00000000;
00001a25 : 00000000;
00001a26 : 00000000;
00001a27 : 00000000;
00001a28 : 00000000;
00001a29 : 00000000;
00001a2a : 00000000;
00001a2b : 00000000;
00001a2c : 00000000;
00001a2d : 00000000;
00001a2e : 00000000;
00001a2f : 00000000;
00001a30 : 00000000;
00001a31 : 00000000;
00001a32 : 00000000;
00001a33 : 00000000;
00001a34 : 00000000;
00001a35 : 00000000;
00001a36 : 00000000;
00001a37 : 00000000;
00001a38 : 00000000;
00001a39 : 00000000;
00001a3a : 00000000;
00001a3b : 00000000;
00001a3c : 00000000;
00001a3d : 00000000;
00001a3e : 00000000;
00001a3f : 00000000;
00001a40 : 00000000;
00001a41 : 00000000;
00001a42 : 00000000;
00001a43 : 00000000;
00001a44 : 00000000;
00001a45 : 00000000;
00001a46 : 00000000;
00001a47 : 00000000;
00001a48 : 00000000;
00001a49 : 00000000;
00001a4a : 00000000;
00001a4b : 00000000;
00001a4c : 00000000;
00001a4d : 00000000;
00001a4e : 00000000;
00001a4f : 00000000;
00001a50 : 00000000;
00001a51 : 00000000;
00001a52 : 00000000;
00001a53 : 00000000;
00001a54 : 00000000;
00001a55 : 00000000;
00001a56 : 00000000;
00001a57 : 00000000;
00001a58 : 00000000;
00001a59 : 00000000;
00001a5a : 00000000;
00001a5b : 00000000;
00001a5c : 00000000;
00001a5d : 00000000;
00001a5e : 00000000;
00001a5f : 00000000;
00001a60 : 00000000;
00001a61 : 00000000;
00001a62 : 00000000;
00001a63 : 00000000;
00001a64 : 00000000;
00001a65 : 00000000;
00001a66 : 00000000;
00001a67 : 00000000;
00001a68 : 00000000;
00001a69 : 00000000;
00001a6a : 00000000;
00001a6b : 00000000;
00001a6c : 00000000;
00001a6d : 00000000;
00001a6e : 00000000;
00001a6f : 00000000;
00001a70 : 00000000;
00001a71 : 00000000;
00001a72 : 00000000;
00001a73 : 00000000;
00001a74 : 00000000;
00001a75 : 00000000;
00001a76 : 00000000;
00001a77 : 00000000;
00001a78 : 00000000;
00001a79 : 00000000;
00001a7a : 00000000;
00001a7b : 00000000;
00001a7c : 00000000;
00001a7d : 00000000;
00001a7e : 00000000;
00001a7f : 00000000;
00001a80 : 00000000;
00001a81 : 00000000;
00001a82 : 00000000;
00001a83 : 00000000;
00001a84 : 00000000;
00001a85 : 00000000;
00001a86 : 00000000;
00001a87 : 00000000;
00001a88 : 00000000;
00001a89 : 00000000;
00001a8a : 00000000;
00001a8b : 00000000;
00001a8c : 00000000;
00001a8d : 00000000;
00001a8e : 00000000;
00001a8f : 00000000;
00001a90 : 00000000;
00001a91 : 00000000;
00001a92 : 00000000;
00001a93 : 00000000;
00001a94 : 00000000;
00001a95 : 00000000;
00001a96 : 00000000;
00001a97 : 00000000;
00001a98 : 00000000;
00001a99 : 00000000;
00001a9a : 00000000;
00001a9b : 00000000;
00001a9c : 00000000;
00001a9d : 00000000;
00001a9e : 00000000;
00001a9f : 00000000;
00001aa0 : 00000000;
00001aa1 : 00000000;
00001aa2 : 00000000;
00001aa3 : 00000000;
00001aa4 : 00000000;
00001aa5 : 00000000;
00001aa6 : 00000000;
00001aa7 : 00000000;
00001aa8 : 00000000;
00001aa9 : 00000000;
00001aaa : 00000000;
00001aab : 00000000;
00001aac : 00000000;
00001aad : 00000000;
00001aae : 00000000;
00001aaf : 00000000;
00001ab0 : 00000000;
00001ab1 : 00000000;
00001ab2 : 00000000;
00001ab3 : 00000000;
00001ab4 : 00000000;
00001ab5 : 00000000;
00001ab6 : 00000000;
00001ab7 : 00000000;
00001ab8 : 00000000;
00001ab9 : 00000000;
00001aba : 00000000;
00001abb : 00000000;
00001abc : 00000000;
00001abd : 00000000;
00001abe : 00000000;
00001abf : 00000000;
00001ac0 : 00000000;
00001ac1 : 00000000;
00001ac2 : 00000000;
00001ac3 : 00000000;
00001ac4 : 00000000;
00001ac5 : 00000000;
00001ac6 : 00000000;
00001ac7 : 00000000;
00001ac8 : 00000000;
00001ac9 : 00000000;
00001aca : 00000000;
00001acb : 00000000;
00001acc : 00000000;
00001acd : 00000000;
00001ace : 00000000;
00001acf : 00000000;
00001ad0 : 00000000;
00001ad1 : 00000000;
00001ad2 : 00000000;
00001ad3 : 00000000;
00001ad4 : 00000000;
00001ad5 : 00000000;
00001ad6 : 00000000;
00001ad7 : 00000000;
00001ad8 : 00000000;
00001ad9 : 00000000;
00001ada : 00000000;
00001adb : 00000000;
00001adc : 00000000;
00001add : 00000000;
00001ade : 00000000;
00001adf : 00000000;
00001ae0 : 00000000;
00001ae1 : 00000000;
00001ae2 : 00000000;
00001ae3 : 00000000;
00001ae4 : 00000000;
00001ae5 : 00000000;
00001ae6 : 00000000;
00001ae7 : 00000000;
00001ae8 : 00000000;
00001ae9 : 00000000;
00001aea : 00000000;
00001aeb : 00000000;
00001aec : 00000000;
00001aed : 00000000;
00001aee : 00000000;
00001aef : 00000000;
00001af0 : 00000000;
00001af1 : 00000000;
00001af2 : 00000000;
00001af3 : 00000000;
00001af4 : 00000000;
00001af5 : 00000000;
00001af6 : 00000000;
00001af7 : 00000000;
00001af8 : 00000000;
00001af9 : 00000000;
00001afa : 00000000;
00001afb : 00000000;
00001afc : 00000000;
00001afd : 00000000;
00001afe : 00000000;
00001aff : 00000000;
00001b00 : 00000000;
00001b01 : 00000000;
00001b02 : 00000000;
00001b03 : 00000000;
00001b04 : 00000000;
00001b05 : 00000000;
00001b06 : 00000000;
00001b07 : 00000000;
00001b08 : 00000000;
00001b09 : 00000000;
00001b0a : 00000000;
00001b0b : 00000000;
00001b0c : 00000000;
00001b0d : 00000000;
00001b0e : 00000000;
00001b0f : 00000000;
00001b10 : 00000000;
00001b11 : 00000000;
00001b12 : 00000000;
00001b13 : 00000000;
00001b14 : 00000000;
00001b15 : 00000000;
00001b16 : 00000000;
00001b17 : 00000000;
00001b18 : 00000000;
00001b19 : 00000000;
00001b1a : 00000000;
00001b1b : 00000000;
00001b1c : 00000000;
00001b1d : 00000000;
00001b1e : 00000000;
00001b1f : 00000000;
00001b20 : 00000000;
00001b21 : 00000000;
00001b22 : 00000000;
00001b23 : 00000000;
00001b24 : 00000000;
00001b25 : 00000000;
00001b26 : 00000000;
00001b27 : 00000000;
00001b28 : 00000000;
00001b29 : 00000000;
00001b2a : 00000000;
00001b2b : 00000000;
00001b2c : 00000000;
00001b2d : 00000000;
00001b2e : 00000000;
00001b2f : 00000000;
00001b30 : 00000000;
00001b31 : 00000000;
00001b32 : 00000000;
00001b33 : 00000000;
00001b34 : 00000000;
00001b35 : 00000000;
00001b36 : 00000000;
00001b37 : 00000000;
00001b38 : 00000000;
00001b39 : 00000000;
00001b3a : 00000000;
00001b3b : 00000000;
00001b3c : 00000000;
00001b3d : 00000000;
00001b3e : 00000000;
00001b3f : 00000000;
00001b40 : 00000000;
00001b41 : 00000000;
00001b42 : 00000000;
00001b43 : 00000000;
00001b44 : 00000000;
00001b45 : 00000000;
00001b46 : 00000000;
00001b47 : 00000000;
00001b48 : 00000000;
00001b49 : 00000000;
00001b4a : 00000000;
00001b4b : 00000000;
00001b4c : 00000000;
00001b4d : 00000000;
00001b4e : 00000000;
00001b4f : 00000000;
00001b50 : 00000000;
00001b51 : 00000000;
00001b52 : 00000000;
00001b53 : 00000000;
00001b54 : 00000000;
00001b55 : 00000000;
00001b56 : 00000000;
00001b57 : 00000000;
00001b58 : 00000000;
00001b59 : 00000000;
00001b5a : 00000000;
00001b5b : 00000000;
00001b5c : 00000000;
00001b5d : 00000000;
00001b5e : 00000000;
00001b5f : 00000000;
00001b60 : 00000000;
00001b61 : 00000000;
00001b62 : 00000000;
00001b63 : 00000000;
00001b64 : 00000000;
00001b65 : 00000000;
00001b66 : 00000000;
00001b67 : 00000000;
00001b68 : 00000000;
00001b69 : 00000000;
00001b6a : 00000000;
00001b6b : 00000000;
00001b6c : 00000000;
00001b6d : 00000000;
00001b6e : 00000000;
00001b6f : 00000000;
00001b70 : 00000000;
00001b71 : 00000000;
00001b72 : 00000000;
00001b73 : 00000000;
00001b74 : 00000000;
00001b75 : 00000000;
00001b76 : 00000000;
00001b77 : 00000000;
00001b78 : 00000000;
00001b79 : 00000000;
00001b7a : 00000000;
00001b7b : 00000000;
00001b7c : 00000000;
00001b7d : 00000000;
00001b7e : 00000000;
00001b7f : 00000000;
00001b80 : 00000000;
00001b81 : 00000000;
00001b82 : 00000000;
00001b83 : 00000000;
00001b84 : 00000000;
00001b85 : 00000000;
00001b86 : 00000000;
00001b87 : 00000000;
00001b88 : 00000000;
00001b89 : 00000000;
00001b8a : 00000000;
00001b8b : 00000000;
00001b8c : 00000000;
00001b8d : 00000000;
00001b8e : 00000000;
00001b8f : 00000000;
00001b90 : 00000000;
00001b91 : 00000000;
00001b92 : 00000000;
00001b93 : 00000000;
00001b94 : 00000000;
00001b95 : 00000000;
00001b96 : 00000000;
00001b97 : 00000000;
00001b98 : 00000000;
00001b99 : 00000000;
00001b9a : 00000000;
00001b9b : 00000000;
00001b9c : 00000000;
00001b9d : 00000000;
00001b9e : 00000000;
00001b9f : 00000000;
00001ba0 : 00000000;
00001ba1 : 00000000;
00001ba2 : 00000000;
00001ba3 : 00000000;
00001ba4 : 00000000;
00001ba5 : 00000000;
00001ba6 : 00000000;
00001ba7 : 00000000;
00001ba8 : 00000000;
00001ba9 : 00000000;
00001baa : 00000000;
00001bab : 00000000;
00001bac : 00000000;
00001bad : 00000000;
00001bae : 00000000;
00001baf : 00000000;
00001bb0 : 00000000;
00001bb1 : 00000000;
00001bb2 : 00000000;
00001bb3 : 00000000;
00001bb4 : 00000000;
00001bb5 : 00000000;
00001bb6 : 00000000;
00001bb7 : 00000000;
00001bb8 : 00000000;
00001bb9 : 00000000;
00001bba : 00000000;
00001bbb : 00000000;
00001bbc : 00000000;
00001bbd : 00000000;
00001bbe : 00000000;
00001bbf : 00000000;
00001bc0 : 00000000;
00001bc1 : 00000000;
00001bc2 : 00000000;
00001bc3 : 00000000;
00001bc4 : 00000000;
00001bc5 : 00000000;
00001bc6 : 00000000;
00001bc7 : 00000000;
00001bc8 : 00000000;
00001bc9 : 00000000;
00001bca : 00000000;
00001bcb : 00000000;
00001bcc : 00000000;
00001bcd : 00000000;
00001bce : 00000000;
00001bcf : 00000000;
00001bd0 : 00000000;
00001bd1 : 00000000;
00001bd2 : 00000000;
00001bd3 : 00000000;
00001bd4 : 00000000;
00001bd5 : 00000000;
00001bd6 : 00000000;
00001bd7 : 00000000;
00001bd8 : 00000000;
00001bd9 : 00000000;
00001bda : 00000000;
00001bdb : 00000000;
00001bdc : 00000000;
00001bdd : 00000000;
00001bde : 00000000;
00001bdf : 00000000;
00001be0 : 00000000;
00001be1 : 00000000;
00001be2 : 00000000;
00001be3 : 00000000;
00001be4 : 00000000;
00001be5 : 00000000;
00001be6 : 00000000;
00001be7 : 00000000;
00001be8 : 00000000;
00001be9 : 00000000;
00001bea : 00000000;
00001beb : 00000000;
00001bec : 00000000;
00001bed : 00000000;
00001bee : 00000000;
00001bef : 00000000;
00001bf0 : 00000000;
00001bf1 : 00000000;
00001bf2 : 00000000;
00001bf3 : 00000000;
00001bf4 : 00000000;
00001bf5 : 00000000;
00001bf6 : 00000000;
00001bf7 : 00000000;
00001bf8 : 00000000;
00001bf9 : 00000000;
00001bfa : 00000000;
00001bfb : 00000000;
00001bfc : 00000000;
00001bfd : 00000000;
00001bfe : 00000000;
00001bff : 00000000;
00001c00 : 00000000;
00001c01 : 00000000;
00001c02 : 00000000;
00001c03 : 00000000;
00001c04 : 00000000;
00001c05 : 00000000;
00001c06 : 00000000;
00001c07 : 00000000;
00001c08 : 00000000;
00001c09 : 00000000;
00001c0a : 00000000;
00001c0b : 00000000;
00001c0c : 00000000;
00001c0d : 00000000;
00001c0e : 00000000;
00001c0f : 00000000;
00001c10 : 00000000;
00001c11 : 00000000;
00001c12 : 00000000;
00001c13 : 00000000;
00001c14 : 00000000;
00001c15 : 00000000;
00001c16 : 00000000;
00001c17 : 00000000;
00001c18 : 00000000;
00001c19 : 00000000;
00001c1a : 00000000;
00001c1b : 00000000;
00001c1c : 00000000;
00001c1d : 00000000;
00001c1e : 00000000;
00001c1f : 00000000;
00001c20 : 00000000;
00001c21 : 00000000;
00001c22 : 00000000;
00001c23 : 00000000;
00001c24 : 00000000;
00001c25 : 00000000;
00001c26 : 00000000;
00001c27 : 00000000;
00001c28 : 00000000;
00001c29 : 00000000;
00001c2a : 00000000;
00001c2b : 00000000;
00001c2c : 00000000;
00001c2d : 00000000;
00001c2e : 00000000;
00001c2f : 00000000;
00001c30 : 00000000;
00001c31 : 00000000;
00001c32 : 00000000;
00001c33 : 00000000;
00001c34 : 00000000;
00001c35 : 00000000;
00001c36 : 00000000;
00001c37 : 00000000;
00001c38 : 00000000;
00001c39 : 00000000;
00001c3a : 00000000;
00001c3b : 00000000;
00001c3c : 00000000;
00001c3d : 00000000;
00001c3e : 00000000;
00001c3f : 00000000;
00001c40 : 00000000;
00001c41 : 00000000;
00001c42 : 00000000;
00001c43 : 00000000;
00001c44 : 00000000;
00001c45 : 00000000;
00001c46 : 00000000;
00001c47 : 00000000;
00001c48 : 00000000;
00001c49 : 00000000;
00001c4a : 00000000;
00001c4b : 00000000;
00001c4c : 00000000;
00001c4d : 00000000;
00001c4e : 00000000;
00001c4f : 00000000;
00001c50 : 00000000;
00001c51 : 00000000;
00001c52 : 00000000;
00001c53 : 00000000;
00001c54 : 00000000;
00001c55 : 00000000;
00001c56 : 00000000;
00001c57 : 00000000;
00001c58 : 00000000;
00001c59 : 00000000;
00001c5a : 00000000;
00001c5b : 00000000;
00001c5c : 00000000;
00001c5d : 00000000;
00001c5e : 00000000;
00001c5f : 00000000;
00001c60 : 00000000;
00001c61 : 00000000;
00001c62 : 00000000;
00001c63 : 00000000;
00001c64 : 00000000;
00001c65 : 00000000;
00001c66 : 00000000;
00001c67 : 00000000;
00001c68 : 00000000;
00001c69 : 00000000;
00001c6a : 00000000;
00001c6b : 00000000;
00001c6c : 00000000;
00001c6d : 00000000;
00001c6e : 00000000;
00001c6f : 00000000;
00001c70 : 00000000;
00001c71 : 00000000;
00001c72 : 00000000;
00001c73 : 00000000;
00001c74 : 00000000;
00001c75 : 00000000;
00001c76 : 00000000;
00001c77 : 00000000;
00001c78 : 00000000;
00001c79 : 00000000;
00001c7a : 00000000;
00001c7b : 00000000;
00001c7c : 00000000;
00001c7d : 00000000;
00001c7e : 00000000;
00001c7f : 00000000;
00001c80 : 00000000;
00001c81 : 00000000;
00001c82 : 00000000;
00001c83 : 00000000;
00001c84 : 00000000;
00001c85 : 00000000;
00001c86 : 00000000;
00001c87 : 00000000;
00001c88 : 00000000;
00001c89 : 00000000;
00001c8a : 00000000;
00001c8b : 00000000;
00001c8c : 00000000;
00001c8d : 00000000;
00001c8e : 00000000;
00001c8f : 00000000;
00001c90 : 00000000;
00001c91 : 00000000;
00001c92 : 00000000;
00001c93 : 00000000;
00001c94 : 00000000;
00001c95 : 00000000;
00001c96 : 00000000;
00001c97 : 00000000;
00001c98 : 00000000;
00001c99 : 00000000;
00001c9a : 00000000;
00001c9b : 00000000;
00001c9c : 00000000;
00001c9d : 00000000;
00001c9e : 00000000;
00001c9f : 00000000;
00001ca0 : 00000000;
00001ca1 : 00000000;
00001ca2 : 00000000;
00001ca3 : 00000000;
00001ca4 : 00000000;
00001ca5 : 00000000;
00001ca6 : 00000000;
00001ca7 : 00000000;
00001ca8 : 00000000;
00001ca9 : 00000000;
00001caa : 00000000;
00001cab : 00000000;
00001cac : 00000000;
00001cad : 00000000;
00001cae : 00000000;
00001caf : 00000000;
00001cb0 : 00000000;
00001cb1 : 00000000;
00001cb2 : 00000000;
00001cb3 : 00000000;
00001cb4 : 00000000;
00001cb5 : 00000000;
00001cb6 : 00000000;
00001cb7 : 00000000;
00001cb8 : 00000000;
00001cb9 : 00000000;
00001cba : 00000000;
00001cbb : 00000000;
00001cbc : 00000000;
00001cbd : 00000000;
00001cbe : 00000000;
00001cbf : 00000000;
00001cc0 : 00000000;
00001cc1 : 00000000;
00001cc2 : 00000000;
00001cc3 : 00000000;
00001cc4 : 00000000;
00001cc5 : 00000000;
00001cc6 : 00000000;
00001cc7 : 00000000;
00001cc8 : 00000000;
00001cc9 : 00000000;
00001cca : 00000000;
00001ccb : 00000000;
00001ccc : 00000000;
00001ccd : 00000000;
00001cce : 00000000;
00001ccf : 00000000;
00001cd0 : 00000000;
00001cd1 : 00000000;
00001cd2 : 00000000;
00001cd3 : 00000000;
00001cd4 : 00000000;
00001cd5 : 00000000;
00001cd6 : 00000000;
00001cd7 : 00000000;
00001cd8 : 00000000;
00001cd9 : 00000000;
00001cda : 00000000;
00001cdb : 00000000;
00001cdc : 00000000;
00001cdd : 00000000;
00001cde : 00000000;
00001cdf : 00000000;
00001ce0 : 00000000;
00001ce1 : 00000000;
00001ce2 : 00000000;
00001ce3 : 00000000;
00001ce4 : 00000000;
00001ce5 : 00000000;
00001ce6 : 00000000;
00001ce7 : 00000000;
00001ce8 : 00000000;
00001ce9 : 00000000;
00001cea : 00000000;
00001ceb : 00000000;
00001cec : 00000000;
00001ced : 00000000;
00001cee : 00000000;
00001cef : 00000000;
00001cf0 : 00000000;
00001cf1 : 00000000;
00001cf2 : 00000000;
00001cf3 : 00000000;
00001cf4 : 00000000;
00001cf5 : 00000000;
00001cf6 : 00000000;
00001cf7 : 00000000;
00001cf8 : 00000000;
00001cf9 : 00000000;
00001cfa : 00000000;
00001cfb : 00000000;
00001cfc : 00000000;
00001cfd : 00000000;
00001cfe : 00000000;
00001cff : 00000000;
00001d00 : 00000000;
00001d01 : 00000000;
00001d02 : 00000000;
00001d03 : 00000000;
00001d04 : 00000000;
00001d05 : 00000000;
00001d06 : 00000000;
00001d07 : 00000000;
00001d08 : 00000000;
00001d09 : 00000000;
00001d0a : 00000000;
00001d0b : 00000000;
00001d0c : 00000000;
00001d0d : 00000000;
00001d0e : 00000000;
00001d0f : 00000000;
00001d10 : 00000000;
00001d11 : 00000000;
00001d12 : 00000000;
00001d13 : 00000000;
00001d14 : 00000000;
00001d15 : 00000000;
00001d16 : 00000000;
00001d17 : 00000000;
00001d18 : 00000000;
00001d19 : 00000000;
00001d1a : 00000000;
00001d1b : 00000000;
00001d1c : 00000000;
00001d1d : 00000000;
00001d1e : 00000000;
00001d1f : 00000000;
00001d20 : 00000000;
00001d21 : 00000000;
00001d22 : 00000000;
00001d23 : 00000000;
00001d24 : 00000000;
00001d25 : 00000000;
00001d26 : 00000000;
00001d27 : 00000000;
00001d28 : 00000000;
00001d29 : 00000000;
00001d2a : 00000000;
00001d2b : 00000000;
00001d2c : 00000000;
00001d2d : 00000000;
00001d2e : 00000000;
00001d2f : 00000000;
00001d30 : 00000000;
00001d31 : 00000000;
00001d32 : 00000000;
00001d33 : 00000000;
00001d34 : 00000000;
00001d35 : 00000000;
00001d36 : 00000000;
00001d37 : 00000000;
00001d38 : 00000000;
00001d39 : 00000000;
00001d3a : 00000000;
00001d3b : 00000000;
00001d3c : 00000000;
00001d3d : 00000000;
00001d3e : 00000000;
00001d3f : 00000000;
00001d40 : 00000000;
00001d41 : 00000000;
00001d42 : 00000000;
00001d43 : 00000000;
00001d44 : 00000000;
00001d45 : 00000000;
00001d46 : 00000000;
00001d47 : 00000000;
00001d48 : 00000000;
00001d49 : 00000000;
00001d4a : 00000000;
00001d4b : 00000000;
00001d4c : 00000000;
00001d4d : 00000000;
00001d4e : 00000000;
00001d4f : 00000000;
00001d50 : 00000000;
00001d51 : 00000000;
00001d52 : 00000000;
00001d53 : 00000000;
00001d54 : 00000000;
00001d55 : 00000000;
00001d56 : 00000000;
00001d57 : 00000000;
00001d58 : 00000000;
00001d59 : 00000000;
00001d5a : 00000000;
00001d5b : 00000000;
00001d5c : 00000000;
00001d5d : 00000000;
00001d5e : 00000000;
00001d5f : 00000000;
00001d60 : 00000000;
00001d61 : 00000000;
00001d62 : 00000000;
00001d63 : 00000000;
00001d64 : 00000000;
00001d65 : 00000000;
00001d66 : 00000000;
00001d67 : 00000000;
00001d68 : 00000000;
00001d69 : 00000000;
00001d6a : 00000000;
00001d6b : 00000000;
00001d6c : 00000000;
00001d6d : 00000000;
00001d6e : 00000000;
00001d6f : 00000000;
00001d70 : 00000000;
00001d71 : 00000000;
00001d72 : 00000000;
00001d73 : 00000000;
00001d74 : 00000000;
00001d75 : 00000000;
00001d76 : 00000000;
00001d77 : 00000000;
00001d78 : 00000000;
00001d79 : 00000000;
00001d7a : 00000000;
00001d7b : 00000000;
00001d7c : 00000000;
00001d7d : 00000000;
00001d7e : 00000000;
00001d7f : 00000000;
00001d80 : 00000000;
00001d81 : 00000000;
00001d82 : 00000000;
00001d83 : 00000000;
00001d84 : 00000000;
00001d85 : 00000000;
00001d86 : 00000000;
00001d87 : 00000000;
00001d88 : 00000000;
00001d89 : 00000000;
00001d8a : 00000000;
00001d8b : 00000000;
00001d8c : 00000000;
00001d8d : 00000000;
00001d8e : 00000000;
00001d8f : 00000000;
00001d90 : 00000000;
00001d91 : 00000000;
00001d92 : 00000000;
00001d93 : 00000000;
00001d94 : 00000000;
00001d95 : 00000000;
00001d96 : 00000000;
00001d97 : 00000000;
00001d98 : 00000000;
00001d99 : 00000000;
00001d9a : 00000000;
00001d9b : 00000000;
00001d9c : 00000000;
00001d9d : 00000000;
00001d9e : 00000000;
00001d9f : 00000000;
00001da0 : 00000000;
00001da1 : 00000000;
00001da2 : 00000000;
00001da3 : 00000000;
00001da4 : 00000000;
00001da5 : 00000000;
00001da6 : 00000000;
00001da7 : 00000000;
00001da8 : 00000000;
00001da9 : 00000000;
00001daa : 00000000;
00001dab : 00000000;
00001dac : 00000000;
00001dad : 00000000;
00001dae : 00000000;
00001daf : 00000000;
00001db0 : 00000000;
00001db1 : 00000000;
00001db2 : 00000000;
00001db3 : 00000000;
00001db4 : 00000000;
00001db5 : 00000000;
00001db6 : 00000000;
00001db7 : 00000000;
00001db8 : 00000000;
00001db9 : 00000000;
00001dba : 00000000;
00001dbb : 00000000;
00001dbc : 00000000;
00001dbd : 00000000;
00001dbe : 00000000;
00001dbf : 00000000;
00001dc0 : 00000000;
00001dc1 : 00000000;
00001dc2 : 00000000;
00001dc3 : 00000000;
00001dc4 : 00000000;
00001dc5 : 00000000;
00001dc6 : 00000000;
00001dc7 : 00000000;
00001dc8 : 00000000;
00001dc9 : 00000000;
00001dca : 00000000;
00001dcb : 00000000;
00001dcc : 00000000;
00001dcd : 00000000;
00001dce : 00000000;
00001dcf : 00000000;
00001dd0 : 00000000;
00001dd1 : 00000000;
00001dd2 : 00000000;
00001dd3 : 00000000;
00001dd4 : 00000000;
00001dd5 : 00000000;
00001dd6 : 00000000;
00001dd7 : 00000000;
00001dd8 : 00000000;
00001dd9 : 00000000;
00001dda : 00000000;
00001ddb : 00000000;
00001ddc : 00000000;
00001ddd : 00000000;
00001dde : 00000000;
00001ddf : 00000000;
00001de0 : 00000000;
00001de1 : 00000000;
00001de2 : 00000000;
00001de3 : 00000000;
00001de4 : 00000000;
00001de5 : 00000000;
00001de6 : 00000000;
00001de7 : 00000000;
00001de8 : 00000000;
00001de9 : 00000000;
00001dea : 00000000;
00001deb : 00000000;
00001dec : 00000000;
00001ded : 00000000;
00001dee : 00000000;
00001def : 00000000;
00001df0 : 00000000;
00001df1 : 00000000;
00001df2 : 00000000;
00001df3 : 00000000;
00001df4 : 00000000;
00001df5 : 00000000;
00001df6 : 00000000;
00001df7 : 00000000;
00001df8 : 00000000;
00001df9 : 00000000;
00001dfa : 00000000;
00001dfb : 00000000;
00001dfc : 00000000;
00001dfd : 00000000;
00001dfe : 00000000;
00001dff : 00000000;
00001e00 : 00000000;
00001e01 : 00000000;
00001e02 : 00000000;
00001e03 : 00000000;
00001e04 : 00000000;
00001e05 : 00000000;
00001e06 : 00000000;
00001e07 : 00000000;
00001e08 : 00000000;
00001e09 : 00000000;
00001e0a : 00000000;
00001e0b : 00000000;
00001e0c : 00000000;
00001e0d : 00000000;
00001e0e : 00000000;
00001e0f : 00000000;
00001e10 : 00000000;
00001e11 : 00000000;
00001e12 : 00000000;
00001e13 : 00000000;
00001e14 : 00000000;
00001e15 : 00000000;
00001e16 : 00000000;
00001e17 : 00000000;
00001e18 : 00000000;
00001e19 : 00000000;
00001e1a : 00000000;
00001e1b : 00000000;
00001e1c : 00000000;
00001e1d : 00000000;
00001e1e : 00000000;
00001e1f : 00000000;
00001e20 : 00000000;
00001e21 : 00000000;
00001e22 : 00000000;
00001e23 : 00000000;
00001e24 : 00000000;
00001e25 : 00000000;
00001e26 : 00000000;
00001e27 : 00000000;
00001e28 : 00000000;
00001e29 : 00000000;
00001e2a : 00000000;
00001e2b : 00000000;
00001e2c : 00000000;
00001e2d : 00000000;
00001e2e : 00000000;
00001e2f : 00000000;
00001e30 : 00000000;
00001e31 : 00000000;
00001e32 : 00000000;
00001e33 : 00000000;
00001e34 : 00000000;
00001e35 : 00000000;
00001e36 : 00000000;
00001e37 : 00000000;
00001e38 : 00000000;
00001e39 : 00000000;
00001e3a : 00000000;
00001e3b : 00000000;
00001e3c : 00000000;
00001e3d : 00000000;
00001e3e : 00000000;
00001e3f : 00000000;
00001e40 : 00000000;
00001e41 : 00000000;
00001e42 : 00000000;
00001e43 : 00000000;
00001e44 : 00000000;
00001e45 : 00000000;
00001e46 : 00000000;
00001e47 : 00000000;
00001e48 : 00000000;
00001e49 : 00000000;
00001e4a : 00000000;
00001e4b : 00000000;
00001e4c : 00000000;
00001e4d : 00000000;
00001e4e : 00000000;
00001e4f : 00000000;
00001e50 : 00000000;
00001e51 : 00000000;
00001e52 : 00000000;
00001e53 : 00000000;
00001e54 : 00000000;
00001e55 : 00000000;
00001e56 : 00000000;
00001e57 : 00000000;
00001e58 : 00000000;
00001e59 : 00000000;
00001e5a : 00000000;
00001e5b : 00000000;
00001e5c : 00000000;
00001e5d : 00000000;
00001e5e : 00000000;
00001e5f : 00000000;
00001e60 : 00000000;
00001e61 : 00000000;
00001e62 : 00000000;
00001e63 : 00000000;
00001e64 : 00000000;
00001e65 : 00000000;
00001e66 : 00000000;
00001e67 : 00000000;
00001e68 : 00000000;
00001e69 : 00000000;
00001e6a : 00000000;
00001e6b : 00000000;
00001e6c : 00000000;
00001e6d : 00000000;
00001e6e : 00000000;
00001e6f : 00000000;
00001e70 : 00000000;
00001e71 : 00000000;
00001e72 : 00000000;
00001e73 : 00000000;
00001e74 : 00000000;
00001e75 : 00000000;
00001e76 : 00000000;
00001e77 : 00000000;
00001e78 : 00000000;
00001e79 : 00000000;
00001e7a : 00000000;
00001e7b : 00000000;
00001e7c : 00000000;
00001e7d : 00000000;
00001e7e : 00000000;
00001e7f : 00000000;
00001e80 : 00000000;
00001e81 : 00000000;
00001e82 : 00000000;
00001e83 : 00000000;
00001e84 : 00000000;
00001e85 : 00000000;
00001e86 : 00000000;
00001e87 : 00000000;
00001e88 : 00000000;
00001e89 : 00000000;
00001e8a : 00000000;
00001e8b : 00000000;
00001e8c : 00000000;
00001e8d : 00000000;
00001e8e : 00000000;
00001e8f : 00000000;
00001e90 : 00000000;
00001e91 : 00000000;
00001e92 : 00000000;
00001e93 : 00000000;
00001e94 : 00000000;
00001e95 : 00000000;
00001e96 : 00000000;
00001e97 : 00000000;
00001e98 : 00000000;
00001e99 : 00000000;
00001e9a : 00000000;
00001e9b : 00000000;
00001e9c : 00000000;
00001e9d : 00000000;
00001e9e : 00000000;
00001e9f : 00000000;
00001ea0 : 00000000;
00001ea1 : 00000000;
00001ea2 : 00000000;
00001ea3 : 00000000;
00001ea4 : 00000000;
00001ea5 : 00000000;
00001ea6 : 00000000;
00001ea7 : 00000000;
00001ea8 : 00000000;
00001ea9 : 00000000;
00001eaa : 00000000;
00001eab : 00000000;
00001eac : 00000000;
00001ead : 00000000;
00001eae : 00000000;
00001eaf : 00000000;
00001eb0 : 00000000;
00001eb1 : 00000000;
00001eb2 : 00000000;
00001eb3 : 00000000;
00001eb4 : 00000000;
00001eb5 : 00000020;
00001eb6 : 00000020;
00001eb7 : c7c7c7c7;
00001eb8 : c7c7c7c7;
00001eb9 : c7c7c7c7;
00001eba : c7c7c7c7;
00001ebb : c7c7c7c7;
00001ebc : c7c7c7c7;
00001ebd : c7c7c7c7;
00001ebe : c7c7c7c7;
00001ebf : c7c7c7c7;
00001ec0 : 01c7c7c7;
00001ec1 : c7010101;
00001ec2 : c7c7c7c7;
00001ec3 : c7c7c7c7;
00001ec4 : c7c7c7c7;
00001ec5 : c7c7c7c7;
00001ec6 : c7c7c7c7;
00001ec7 : c7c7c7c7;
00001ec8 : 0a01c7c7;
00001ec9 : 010a0a0a;
00001eca : c7c7c7c7;
00001ecb : c7c7c7c7;
00001ecc : c7c7c7c7;
00001ecd : c7c7c7c7;
00001ece : c7c7c7c7;
00001ecf : c7c7c7c7;
00001ed0 : 010a01c7;
00001ed1 : 0a130a0a;
00001ed2 : c7c70101;
00001ed3 : c7c7c7c7;
00001ed4 : c7c7c7c7;
00001ed5 : c7c7c7c7;
00001ed6 : c7c7c7c7;
00001ed7 : c7c7c7c7;
00001ed8 : c70101c7;
00001ed9 : 130a0a01;
00001eda : 01010a13;
00001edb : c7c7c7c7;
00001edc : c7c7c7c7;
00001edd : c7c7c7c7;
00001ede : c7c7c7c7;
00001edf : c7c7c7c7;
00001ee0 : c7c701c7;
00001ee1 : 0a0a0a01;
00001ee2 : 130a0a53;
00001ee3 : c7c70101;
00001ee4 : c7c7c7c7;
00001ee5 : c7c7c7c7;
00001ee6 : c7c7c7c7;
00001ee7 : c7c7c7c7;
00001ee8 : c7c7c7c7;
00001ee9 : 0a0a01c7;
00001eea : 1313130a;
00001eeb : 01015252;
00001eec : c7c7c701;
00001eed : c7c7c7c7;
00001eee : c7c7c7c7;
00001eef : c7c7c7c7;
00001ef0 : c7c7c7c7;
00001ef1 : 525201c7;
00001ef2 : 53131313;
00001ef3 : 0a0a0a53;
00001ef4 : c701010a;
00001ef5 : c7c7c7c7;
00001ef6 : c7c7c7c7;
00001ef7 : c7c7c7c7;
00001ef8 : c7c7c7c7;
00001ef9 : 0a0a0a01;
00001efa : 0101010a;
00001efb : 01010101;
00001efc : 010a0a0a;
00001efd : c7c7c7c7;
00001efe : c7c7c7c7;
00001eff : c7c7c7c7;
00001f00 : 01c7c7c7;
00001f01 : 010a0a0a;
00001f02 : 2d2d2401;
00001f03 : 246e6e6e;
00001f04 : c701010a;
00001f05 : c7c7c7c7;
00001f06 : c7c7c7c7;
00001f07 : c7c7c7c7;
00001f08 : 0a0101c7;
00001f09 : 2401010a;
00001f0a : 6e242d2d;
00001f0b : 41226e22;
00001f0c : c7c7c72d;
00001f0d : c7c7dac7;
00001f0e : c7c7c7c7;
00001f0f : c7c7c7c7;
00001f10 : 010a1301;
00001f11 : 6e242401;
00001f12 : 6e6e242d;
00001f13 : 416b6e6b;
00001f14 : c7c7c72d;
00001f15 : c7c7dada;
00001f16 : c7c7c7c7;
00001f17 : c7c7c7c7;
00001f18 : 010101c7;
00001f19 : 6e6e6e24;
00001f1a : 6e6e246e;
00001f1b : 416e6e6e;
00001f1c : dac7c7c7;
00001f1d : c7daa3da;
00001f1e : c7c7c7c7;
00001f1f : c7c7c7c7;
00001f20 : c7c7c7c7;
00001f21 : 2d6e6e24;
00001f22 : 6e6e246e;
00001f23 : 416e5e6e;
00001f24 : 01c7c7c7;
00001f25 : c701a3a3;
00001f26 : c7c7c7c7;
00001f27 : c7c7c7c7;
00001f28 : c7c7c7c7;
00001f29 : 2d6e6e24;
00001f2a : 652d6e41;
00001f2b : c7416e6e;
00001f2c : c7c7c7c7;
00001f2d : c7c70113;
00001f2e : c7c7c7c7;
00001f2f : c7c7c7c7;
00001f30 : 24c7c7c7;
00001f31 : 412d2d6e;
00001f32 : 536e0a93;
00001f33 : 4193934a;
00001f34 : c7c7c7c7;
00001f35 : c7c70a13;
00001f36 : c7c7c7c7;
00001f37 : c7c7c7c7;
00001f38 : 24c7c7c7;
00001f39 : 9341246e;
00001f3a : 134a9353;
00001f3b : 53934a53;
00001f3c : c7c7c741;
00001f3d : c7c7010a;
00001f3e : c7c7c7c7;
00001f3f : c7c7c7c7;
00001f40 : 24c7c7c7;
00001f41 : 9341246e;
00001f42 : 4a935341;
00001f43 : 4a4a5313;
00001f44 : 13c7c741;
00001f45 : c7c7c701;
00001f46 : c7c7c7c7;
00001f47 : c7c7c7c7;
00001f48 : 24c7c7c7;
00001f49 : 9353412d;
00001f4a : 9393534a;
00001f4b : 4a530a4a;
00001f4c : 13c7c741;
00001f4d : c7c7c701;
00001f4e : c7c7c7c7;
00001f4f : c7c7c7c7;
00001f50 : c7c7c7c7;
00001f51 : 93534124;
00001f52 : 9353534a;
00001f53 : 410a4a93;
00001f54 : 13ae934a;
00001f55 : c7c7c701;
00001f56 : c7c7c7c7;
00001f57 : c7c7c7c7;
00001f58 : c7c7c7c7;
00001f59 : 935341c7;
00001f5a : 53130a41;
00001f5b : 01531353;
00001f5c : 13ae664a;
00001f5d : c7c7c701;
00001f5e : c7c7c7c7;
00001f5f : c7c7c7c7;
00001f60 : c7c7c7c7;
00001f61 : 4a4a41c7;
00001f62 : 130a1341;
00001f63 : 01131353;
00001f64 : 0113c70a;
00001f65 : c7c7c7c7;
00001f66 : c7c7c7c7;
00001f67 : c7c7c7c7;
00001f68 : c7c7c7c7;
00001f69 : ae41c7c7;
00001f6a : 93934a66;
00001f6b : 414a9393;
00001f6c : 0113c70a;
00001f6d : c7c7c7c7;
00001f6e : c7c7c7c7;
00001f6f : c7c7c7c7;
00001f70 : c7c7c7c7;
00001f71 : 6641c7c7;
00001f72 : 93939341;
00001f73 : 4a539393;
00001f74 : 0113c741;
00001f75 : c7c7c7c7;
00001f76 : c7c7c7c7;
00001f77 : c7c7c7c7;
00001f78 : c7c7c7c7;
00001f79 : 4a4a41c7;
00001f7a : 9393934a;
00001f7b : 9393934a;
00001f7c : 0a534153;
00001f7d : c7c7c7c7;
00001f7e : c7c7c7c7;
00001f7f : c7c7c7c7;
00001f80 : c7c7c7c7;
00001f81 : 93934a41;
00001f82 : 4a939393;
00001f83 : 9393934a;
00001f84 : 0a534153;
00001f85 : c7c7c7c7;
00001f86 : c7c7c7c7;
00001f87 : c7c7c7c7;
00001f88 : c7c7c7c7;
00001f89 : 93534a41;
00001f8a : 4a535393;
00001f8b : 4a934a4a;
00001f8c : 0a534153;
00001f8d : c7c7c7c7;
00001f8e : c7c7c7c7;
00001f8f : c7c7c7c7;
00001f90 : c7c7c7c7;
00001f91 : 53534a41;
00001f92 : 4a4a4a53;
00001f93 : 4a534a4a;
00001f94 : 0113414a;
00001f95 : c7c7c7c7;
00001f96 : c7c7c7c7;
00001f97 : c7c7c7c7;
00001f98 : c7c7c7c7;
00001f99 : 414a4a41;
00001f9a : 41414149;
00001f9b : 41414141;
00001f9c : 0113c741;
00001f9d : c7c7c7c7;
00001f9e : c7c7c7c7;
00001f9f : c7c7c7c7;
00001fa0 : c7c7c7c7;
00001fa1 : 414141c7;
00001fa2 : c70a1301;
00001fa3 : 011301c7;
00001fa4 : 0a13c7c7;
00001fa5 : c7c7c7c7;
00001fa6 : c7c7c7c7;
00001fa7 : c7c7c7c7;
00001fa8 : c7c7c7c7;
00001fa9 : c7c7c7c7;
00001faa : 01535301;
00001fab : 535301c7;
00001fac : 0153c701;
00001fad : c7c7c7c7;
00001fae : c7c7c7c7;
00001faf : c7c7c7c7;
00001fb0 : c7c7c7c7;
00001fb1 : c7c7c7c7;
00001fb2 : 0101010a;
00001fb3 : 01010ac7;
00001fb4 : c7c7c701;
00001fb5 : c7c7c7c7;
00001fb6 : c7c7c7c7;
00001fb7 : 00000020;
00001fb8 : 00000020;
00001fb9 : c7c7c7c7;
00001fba : c7c7c7c7;
00001fbb : c7c7c7c7;
00001fbc : c7c7c7c7;
00001fbd : c7c7c7c7;
00001fbe : c7c7c7c7;
00001fbf : c7c7c7c7;
00001fc0 : c7c7c7c7;
00001fc1 : c7c7c7c7;
00001fc2 : 01c7c7c7;
00001fc3 : c7010101;
00001fc4 : c7c7c7c7;
00001fc5 : c7c7c7c7;
00001fc6 : c7c7c7c7;
00001fc7 : c7c7c7c7;
00001fc8 : c7c7c7c7;
00001fc9 : c7c7c7c7;
00001fca : 0a01c7c7;
00001fcb : 010a0a0a;
00001fcc : c7c7c7c7;
00001fcd : c7c7c7c7;
00001fce : c7c7c7c7;
00001fcf : c7c7c7c7;
00001fd0 : c7c7c7c7;
00001fd1 : c7c7c7c7;
00001fd2 : 010a01c7;
00001fd3 : 0a130a0a;
00001fd4 : c7c70101;
00001fd5 : c7c7c7c7;
00001fd6 : c7c7c7c7;
00001fd7 : c7c7c7c7;
00001fd8 : c7c7c7c7;
00001fd9 : c7c7c7c7;
00001fda : c70101c7;
00001fdb : 130a0a01;
00001fdc : 01010a13;
00001fdd : c7c7c7c7;
00001fde : c7c7c7c7;
00001fdf : c7c7c7c7;
00001fe0 : c7c7c7c7;
00001fe1 : c7c7c7c7;
00001fe2 : c7c701c7;
00001fe3 : 0a0a0a01;
00001fe4 : 130a0a53;
00001fe5 : c7c70101;
00001fe6 : c7c7c7c7;
00001fe7 : c7c7c7c7;
00001fe8 : c7c7c7c7;
00001fe9 : c7c7c7c7;
00001fea : c7c7c7c7;
00001feb : 0a0a01c7;
00001fec : 1313130a;
00001fed : 01015252;
00001fee : c7c7c701;
00001fef : c7c7c7c7;
00001ff0 : c7c7c7c7;
00001ff1 : c7c7c7c7;
00001ff2 : c7c7c7c7;
00001ff3 : 525201c7;
00001ff4 : 53131313;
00001ff5 : 0a0a0a53;
00001ff6 : c701010a;
00001ff7 : c7c7c7c7;
00001ff8 : c7c7c7c7;
00001ff9 : c7c7c7c7;
00001ffa : c7c7c7c7;
00001ffb : 0a0a0a01;
00001ffc : 0101010a;
00001ffd : 01010101;
00001ffe : 010a0a0a;
00001fff : c7c7c7c7;
00002000 : c7c7c7c7;
00002001 : c7c7c7c7;
00002002 : 01c7c7c7;
00002003 : 010a0a0a;
00002004 : 2d2d2401;
00002005 : 246e6e6e;
00002006 : c701010a;
00002007 : c7dac7c7;
00002008 : c7c7c7c7;
00002009 : c7c7c7c7;
0000200a : 0a0101c7;
0000200b : 2401010a;
0000200c : 6e242d2d;
0000200d : 41226e22;
0000200e : c7c7c72d;
0000200f : c7dadac7;
00002010 : c7c7c7c7;
00002011 : c7c7c7c7;
00002012 : 010a1301;
00002013 : 6e242401;
00002014 : 6e6e242d;
00002015 : 416b6e6b;
00002016 : c7c7c72d;
00002017 : daa3dada;
00002018 : c7c7c7c7;
00002019 : c7c7c7c7;
0000201a : 010101c7;
0000201b : 6e6e6e24;
0000201c : 6e6e246e;
0000201d : 416e6e6e;
0000201e : c7c7c7c7;
0000201f : 01a3a301;
00002020 : c7c7c7c7;
00002021 : c7c7c7c7;
00002022 : c7c7c7c7;
00002023 : 2d6e6e24;
00002024 : 6e6e246e;
00002025 : 416e6e6e;
00002026 : c7c7c7c7;
00002027 : c70113c7;
00002028 : c7c7c7c7;
00002029 : c7c7c7c7;
0000202a : c7c7c7c7;
0000202b : 2d6e6e24;
0000202c : 652d6e41;
0000202d : c7416e6e;
0000202e : c7c7c7c7;
0000202f : c70a13c7;
00002030 : c7c7c7c7;
00002031 : c7c7c7c7;
00002032 : 24c7c7c7;
00002033 : 412d2d6e;
00002034 : 536e0a93;
00002035 : 4193934a;
00002036 : c7c7c7c7;
00002037 : c7010ac7;
00002038 : c7c7c7c7;
00002039 : c7c7c7c7;
0000203a : 24c7c7c7;
0000203b : 9341246e;
0000203c : 134a9353;
0000203d : 53934a53;
0000203e : c7c7c741;
0000203f : c7c70113;
00002040 : c7c7c7c7;
00002041 : c7c7c7c7;
00002042 : 24c7c7c7;
00002043 : 9341246e;
00002044 : 4a935341;
00002045 : 4a4a5313;
00002046 : ae935341;
00002047 : c7c70113;
00002048 : c7c7c7c7;
00002049 : c7c7c7c7;
0000204a : 24c7c7c7;
0000204b : 9353412d;
0000204c : 9393534a;
0000204d : 4a530a4a;
0000204e : ae4a934a;
0000204f : c7c70113;
00002050 : c7c7c7c7;
00002051 : c7c7c7c7;
00002052 : c7c7c7c7;
00002053 : 9353415d;
00002054 : 9353534a;
00002055 : 410a4a93;
00002056 : c74a534a;
00002057 : c7c70113;
00002058 : c7c7c7c7;
00002059 : c7c7c7c7;
0000205a : c7c7c7c7;
0000205b : 935341c7;
0000205c : 53130a41;
0000205d : 01531353;
0000205e : 13c74a4a;
0000205f : c7c7c701;
00002060 : c7c7c7c7;
00002061 : c7c7c7c7;
00002062 : c7c7c7c7;
00002063 : 4a4a41c7;
00002064 : 130a1341;
00002065 : 01131353;
00002066 : 13c7c70a;
00002067 : c7c7c701;
00002068 : c7c7c7c7;
00002069 : c7c7c7c7;
0000206a : c7c7c7c7;
0000206b : ae41c7c7;
0000206c : 93934a66;
0000206d : 414a9393;
0000206e : 13c7c70a;
0000206f : c7c7c701;
00002070 : c7c7c7c7;
00002071 : c7c7c7c7;
00002072 : c7c7c7c7;
00002073 : 6641c7c7;
00002074 : 93939341;
00002075 : 4a539393;
00002076 : 53c7c741;
00002077 : c7c7c70a;
00002078 : c7c7c7c7;
00002079 : c7c7c7c7;
0000207a : c7c7c7c7;
0000207b : 4a4a41c7;
0000207c : 9393934a;
0000207d : 9393934a;
0000207e : 53c74153;
0000207f : c7c7c70a;
00002080 : c7c7c7c7;
00002081 : c7c7c7c7;
00002082 : c7c7c7c7;
00002083 : 93934a41;
00002084 : 4a939393;
00002085 : 9393934a;
00002086 : 53c74153;
00002087 : c7c7c70a;
00002088 : c7c7c7c7;
00002089 : c7c7c7c7;
0000208a : c7c7c7c7;
0000208b : 93534a41;
0000208c : 4a535393;
0000208d : 4a934a4a;
0000208e : 13c74153;
0000208f : c7c7c701;
00002090 : c7c7c7c7;
00002091 : c7c7c7c7;
00002092 : c7c7c7c7;
00002093 : 53534a41;
00002094 : 4a4a4a53;
00002095 : 4a534a4a;
00002096 : 13c7414a;
00002097 : c7c7c701;
00002098 : c7c7c7c7;
00002099 : c7c7c7c7;
0000209a : c7c7c7c7;
0000209b : 414a4a41;
0000209c : 41414149;
0000209d : 41414141;
0000209e : 13c7c741;
0000209f : c7c7c70a;
000020a0 : c7c7c7c7;
000020a1 : c7c7c7c7;
000020a2 : c7c7c7c7;
000020a3 : 414141c7;
000020a4 : 000a1301;
000020a5 : 01130100;
000020a6 : 53c7c7c7;
000020a7 : c7c7c701;
000020a8 : c7c7c7c7;
000020a9 : c7c7c7c7;
000020aa : c7c7c7c7;
000020ab : c7c7c7c7;
000020ac : 01535301;
000020ad : 53530100;
000020ae : c7c7c701;
000020af : c7c7c7c7;
000020b0 : c7c7c7c7;
000020b1 : c7c7c7c7;
000020b2 : c7c7c7c7;
000020b3 : c7c7c7c7;
000020b4 : 0101010a;
000020b5 : 01010a00;
000020b6 : c7c7c701;
000020b7 : c7c7c7c7;
000020b8 : c7c7c7c7;
000020b9 : c7c7c7c7;
000020ba : c7c7c7c7;
000020bb : c7c7c7c7;
000020bc : c7c7c7c7;
000020bd : c7c7c7c7;
000020be : c7c7c7c7;
000020bf : c7c7c7c7;
000020c0 : c7c7c7c7;
000020c1 : c7c7c7c7;
000020c2 : 01c7c7c7;
000020c3 : c7430101;
000020c4 : c7c7c7c7;
000020c5 : c7c7c7c7;
000020c6 : c7c7c7c7;
000020c7 : c7c7c7c7;
000020c8 : c7c7c7c7;
000020c9 : c7c7c7c7;
000020ca : 0a01c7c7;
000020cb : 430a0a0a;
000020cc : c7c7c7c7;
000020cd : c7c7c7c7;
000020ce : c7c7c7c7;
000020cf : c7c7c7c7;
000020d0 : c7c7c7c7;
000020d1 : c7c7c7c7;
000020d2 : 010a01c7;
000020d3 : 0a130a0a;
000020d4 : c7c70101;
000020d5 : c7c7c7c7;
000020d6 : c7c7c7c7;
000020d7 : c7c7c7c7;
000020d8 : c7c7c7c7;
000020d9 : c7c7c7c7;
000020da : c70101c7;
000020db : 130a0a01;
000020dc : 01010a13;
000020dd : c7c7c7c7;
000020de : c7c7c7c7;
000020df : c7c7c7c7;
000020e0 : c7c7c7c7;
000020e1 : c7c7c7c7;
000020e2 : c7c701c7;
000020e3 : 0a0a0a01;
000020e4 : 130a0a53;
000020e5 : c7c70101;
000020e6 : c7c7c7c7;
000020e7 : c7c7c7c7;
000020e8 : c7c7c7c7;
000020e9 : c7c7c7c7;
000020ea : c7c7c7c7;
000020eb : 0a0a01c7;
000020ec : 1313130a;
000020ed : 01015252;
000020ee : c7c7c701;
000020ef : c7c7c7c7;
000020f0 : c7c7c7c7;
000020f1 : c7c7c7c7;
000020f2 : c7c7c7c7;
000020f3 : 525201c7;
000020f4 : 53131313;
000020f5 : 0a0a0a53;
000020f6 : c701010a;
000020f7 : c7c7c7c7;
000020f8 : c7c7c7c7;
000020f9 : c7c7c7c7;
000020fa : c7c7c7c7;
000020fb : 0a0a0a01;
000020fc : 0101010a;
000020fd : 01010101;
000020fe : 010a0a0a;
000020ff : c7c7c7c7;
00002100 : dac7c7c7;
00002101 : c7c7c7c7;
00002102 : 01c7c7c7;
00002103 : 010a0a0a;
00002104 : 2d2d2401;
00002105 : 246e6e6e;
00002106 : c743010a;
00002107 : c7c7c7c7;
00002108 : dadadada;
00002109 : c7c7c7c7;
0000210a : 0a0101c7;
0000210b : 2401010a;
0000210c : 6e242d2d;
0000210d : 41226e22;
0000210e : c7c7c72d;
0000210f : c7c7c7c7;
00002110 : daa3a301;
00002111 : c7c7c7c7;
00002112 : 010a1301;
00002113 : 6e242401;
00002114 : 6e6e242d;
00002115 : 416b6e6b;
00002116 : c7c7c72d;
00002117 : c7c7c7c7;
00002118 : da011301;
00002119 : c7c7c7c7;
0000211a : 010101c7;
0000211b : 6e6e6e24;
0000211c : 6e6e246e;
0000211d : 416e6e6e;
0000211e : c7c7c7c7;
0000211f : c7c7c7c7;
00002120 : 01010a13;
00002121 : c7c7c7c7;
00002122 : c7c7c7c7;
00002123 : 2d6e6e24;
00002124 : 6e6e246e;
00002125 : 416e6e6e;
00002126 : c7c7c7c7;
00002127 : 13c7c7c7;
00002128 : c7c70a01;
00002129 : c7c7c7c7;
0000212a : 24c7c7c7;
0000212b : 2d6e6e6e;
0000212c : 652d6e41;
0000212d : c7416e6e;
0000212e : c7c7c7c7;
0000212f : 13c7c7c7;
00002130 : c7c7c701;
00002131 : c7c7c7c7;
00002132 : 24c7c7c7;
00002133 : 412d2d6e;
00002134 : 536e0a93;
00002135 : 4193934a;
00002136 : c7c7c741;
00002137 : 13c7c7c7;
00002138 : c7c7c701;
00002139 : c7c7c7c7;
0000213a : 6e24c7c7;
0000213b : 9341c72d;
0000213c : 134a9353;
0000213d : 53934a53;
0000213e : c7c74253;
0000213f : 0113c7c7;
00002140 : c7c7c7c7;
00002141 : c7c7c7c7;
00002142 : 6e24c7c7;
00002143 : 9341c72d;
00002144 : 4a935341;
00002145 : 4a4a5313;
00002146 : c741534a;
00002147 : 431353c7;
00002148 : c7c7c7c7;
00002149 : c7c7c7c7;
0000214a : 2d6e24c7;
0000214b : 935341c7;
0000214c : 9393534a;
0000214d : 4a530a4a;
0000214e : 41534a41;
0000214f : c70113c7;
00002150 : c7c7c7c7;
00002151 : c7c7c7c7;
00002152 : c7c7c7c7;
00002153 : 4a535341;
00002154 : 93534141;
00002155 : 410a4a93;
00002156 : 534a4100;
00002157 : c74c0a41;
00002158 : c7c7c7c7;
00002159 : c7c7c7c7;
0000215a : 41c7c7c7;
0000215b : 414a4a53;
0000215c : 53130ac7;
0000215d : 01531353;
0000215e : 4a41c700;
0000215f : c7c766ae;
00002160 : c7c7c7c7;
00002161 : c7c7c7c7;
00002162 : aec7c7c7;
00002163 : c7414a4a;
00002164 : 130a13c7;
00002165 : 01131353;
00002166 : 4100c70a;
00002167 : c7c7ae66;
00002168 : c7c7c7c7;
00002169 : c7c7c7c7;
0000216a : 6666c7c7;
0000216b : c7c741ae;
0000216c : 939341c7;
0000216d : 414a9393;
0000216e : 13c7c70a;
0000216f : c7c7c701;
00002170 : c7c7c7c7;
00002171 : c7c7c7c7;
00002172 : 66c7c7c7;
00002173 : c7c7c7c7;
00002174 : 93939341;
00002175 : 4a539393;
00002176 : 130ac741;
00002177 : c7c7c701;
00002178 : c7c7c7c7;
00002179 : c7c7c7c7;
0000217a : c7c7c7c7;
0000217b : 4a4a41c7;
0000217c : 9393934a;
0000217d : 9393934a;
0000217e : 41414153;
0000217f : c7c7c7c7;
00002180 : c7c7c7c7;
00002181 : c7c7c7c7;
00002182 : 41c7c7c7;
00002183 : 53939341;
00002184 : 53935353;
00002185 : 9393534a;
00002186 : 4a535353;
00002187 : c7c7c741;
00002188 : c7c7c7c7;
00002189 : c7c7c7c7;
0000218a : 934141c7;
0000218b : 4a535353;
0000218c : 4a534a4a;
0000218d : 4a534a4a;
0000218e : 414a4a4a;
0000218f : c7c7c742;
00002190 : c7c7c7c7;
00002191 : c7c7c7c7;
00002192 : 534a42c7;
00002193 : 414a4a53;
00002194 : 4a414141;
00002195 : 414a4a4a;
00002196 : c7414141;
00002197 : c7c7c7c7;
00002198 : c7c7c7c7;
00002199 : c7c7c7c7;
0000219a : 4a42c7c7;
0000219b : 01414a4a;
0000219c : 41c70113;
0000219d : 66414141;
0000219e : c7010aae;
0000219f : c7c7c7c7;
000021a0 : c7c7c7c7;
000021a1 : c7c7c7c7;
000021a2 : 42c7c7c7;
000021a3 : 0a014141;
000021a4 : c7c71353;
000021a5 : 1301c7c7;
000021a6 : 01135313;
000021a7 : c7c7c7c7;
000021a8 : c7c7c7c7;
000021a9 : c7c7c7c7;
000021aa : c7c7c7c7;
000021ab : 5343c7c7;
000021ac : c7015313;
000021ad : 1301c7c7;
000021ae : c7010153;
000021af : c7c7c7c7;
000021b0 : c7c7c7c7;
000021b1 : c7c7c7c7;
000021b2 : c7c7c7c7;
000021b3 : 01c7c7c7;
000021b4 : c7010101;
000021b5 : 01c7c7c7;
000021b6 : c7c7c701;
000021b7 : c7c7c7c7;
000021b8 : c7c7c7c7;
000021b9 : c7c7c7c7;
000021ba : c7c7c7c7;
000021bb : c7c7c7c7;
000021bc : c7c7c7c7;
000021bd : c7c7c7c7;
000021be : c7c7c7c7;
000021bf : c7c7c7c7;
000021c0 : c7c7c7c7;
000021c1 : c7c7c7c7;
000021c2 : 01c7c7c7;
000021c3 : c7010101;
000021c4 : c7c7c7c7;
000021c5 : c7c7c7c7;
000021c6 : c7c7c7c7;
000021c7 : c7c7c7c7;
000021c8 : c7c7c7c7;
000021c9 : c7c7c7c7;
000021ca : 0a01c7c7;
000021cb : 010a0a0a;
000021cc : c7c7c7c7;
000021cd : c7c7c7c7;
000021ce : c7c7c7c7;
000021cf : c7c7c7c7;
000021d0 : c7c7c7c7;
000021d1 : c7c7c7c7;
000021d2 : 010a01c7;
000021d3 : 0a130a0a;
000021d4 : c7c70101;
000021d5 : c7c7c7c7;
000021d6 : c7c7c7c7;
000021d7 : c7c7c7c7;
000021d8 : c7c7c7c7;
000021d9 : c7c7c7c7;
000021da : c70101c7;
000021db : 130a0a01;
000021dc : 01010a13;
000021dd : c7c7c7c7;
000021de : c7c7c7c7;
000021df : c7c7c7c7;
000021e0 : c7c7c7c7;
000021e1 : c7c7c7c7;
000021e2 : c7c701c7;
000021e3 : 0a0a0a01;
000021e4 : 130a0a53;
000021e5 : c7c70101;
000021e6 : c7c7c7c7;
000021e7 : c7c7c7c7;
000021e8 : c7c7c7c7;
000021e9 : c7c7c7c7;
000021ea : c7c7c7c7;
000021eb : 0a0a01c7;
000021ec : 1313130a;
000021ed : 01015252;
000021ee : c7c7c701;
000021ef : c7c7c7c7;
000021f0 : c7c7c7c7;
000021f1 : c7c7c7c7;
000021f2 : c7c7c7c7;
000021f3 : 525201c7;
000021f4 : 53131313;
000021f5 : 0a0a0a53;
000021f6 : c701010a;
000021f7 : c7c7c7c7;
000021f8 : c7c7c7c7;
000021f9 : c7c7c7c7;
000021fa : c7c7c7c7;
000021fb : 0a0a0a01;
000021fc : 0101010a;
000021fd : 01010101;
000021fe : 010a0a0a;
000021ff : c7c7c7c7;
00002200 : c7c7c7c7;
00002201 : c7c7c7c7;
00002202 : 01c7c7c7;
00002203 : 010a0a0a;
00002204 : 2d2d2401;
00002205 : 246e6e6e;
00002206 : c701010a;
00002207 : c7c7c7c7;
00002208 : c7c7c7c7;
00002209 : c7c7c7c7;
0000220a : 0a0101c7;
0000220b : 2401010a;
0000220c : 6e242d2d;
0000220d : 41226e22;
0000220e : c7c7c72d;
0000220f : c7c7c7c7;
00002210 : c7c7c7c7;
00002211 : c7c7c7c7;
00002212 : 010a1301;
00002213 : 6e242401;
00002214 : 6e6e242d;
00002215 : 416b6e6b;
00002216 : c7c7c72d;
00002217 : c7c7c7c7;
00002218 : c7c7c7c7;
00002219 : c7c7c7c7;
0000221a : 010101c7;
0000221b : 6e6e6e24;
0000221c : 6e6e246e;
0000221d : 416e6e6e;
0000221e : c7c7c7c7;
0000221f : c7c7c7c7;
00002220 : c7c7c7c7;
00002221 : c7c7c7c7;
00002222 : c7c7c7c7;
00002223 : 2d6e6e24;
00002224 : 6e6e246e;
00002225 : 416e6e6e;
00002226 : c7c7c7c7;
00002227 : c7c7c7c7;
00002228 : c7c7c7c7;
00002229 : c7c7c7c7;
0000222a : c7c7c7c7;
0000222b : 2d6e6e24;
0000222c : 652d6e41;
0000222d : c7416e6e;
0000222e : c7c7c7c7;
0000222f : c7c7c7c7;
00002230 : c7c7c7c7;
00002231 : c7c7c7c7;
00002232 : 24c7c7c7;
00002233 : 412d2d6e;
00002234 : 536e0a93;
00002235 : 4193934a;
00002236 : c7c7c7c7;
00002237 : c7c7c7c7;
00002238 : c7c7c7c7;
00002239 : c7c7c7c7;
0000223a : 24c7c7c7;
0000223b : 9341246e;
0000223c : 134a9353;
0000223d : 53934a53;
0000223e : c7c7c741;
0000223f : c7c7c7c7;
00002240 : c7c7c7c7;
00002241 : c7c7c7c7;
00002242 : 24c7c7c7;
00002243 : 5341246e;
00002244 : 4a935341;
00002245 : 4a4a5313;
00002246 : c7c7c741;
00002247 : c7c7c7c7;
00002248 : c7c7c7c7;
00002249 : c7c7c7c7;
0000224a : 24c7c7c7;
0000224b : 4a41c72d;
0000224c : 93934193;
0000224d : 4a530a4a;
0000224e : c7c7c741;
0000224f : c7c7c7c7;
00002250 : c7c7c7c7;
00002251 : c7c7c7c7;
00002252 : c7c7c7c7;
00002253 : 4a41c724;
00002254 : ae415353;
00002255 : 410a4a93;
00002256 : c7c7c741;
00002257 : c7c7c7c7;
00002258 : c7c7c7c7;
00002259 : c7c7c7c7;
0000225a : 1353c7c7;
0000225b : 41001353;
0000225c : 664a534a;
0000225d : 01531353;
0000225e : c7c7c741;
0000225f : c7c7c7c7;
00002260 : c7c7c7c7;
00002261 : c7c7c7c7;
00002262 : 0113c7c7;
00002263 : 13015301;
00002264 : 13414141;
00002265 : 01131353;
00002266 : c7c7ae66;
00002267 : c7da01c7;
00002268 : c7c7c7c7;
00002269 : c7c7c7c7;
0000226a : c7c7c7c7;
0000226b : 1353c7c7;
0000226c : 93934a41;
0000226d : 414a9393;
0000226e : 130a01ae;
0000226f : dadaa313;
00002270 : c7c7c7c7;
00002271 : c7c7c7c7;
00002272 : c7c7c7c7;
00002273 : c7c7c7c7;
00002274 : 93939341;
00002275 : 4a539393;
00002276 : 0a011341;
00002277 : daa3a301;
00002278 : c7c7c7da;
00002279 : c7c7c7c7;
0000227a : c7c7c7c7;
0000227b : 4a4a41c7;
0000227c : 9393934a;
0000227d : 9393934a;
0000227e : c7c74153;
0000227f : c7da01c7;
00002280 : c7c7c7c7;
00002281 : c7c7c7c7;
00002282 : c7c7c7c7;
00002283 : 93934a41;
00002284 : 4a939393;
00002285 : 9393934a;
00002286 : c7c74153;
00002287 : c7c7c7c7;
00002288 : c7c7c7c7;
00002289 : c7c7c7c7;
0000228a : c7c7c7c7;
0000228b : 93534a41;
0000228c : 4a535393;
0000228d : 4a934a4a;
0000228e : c7c74153;
0000228f : c7c7c7c7;
00002290 : c7c7c7c7;
00002291 : c7c7c7c7;
00002292 : c7c7c7c7;
00002293 : 53534a41;
00002294 : 4a4a4a53;
00002295 : 4a534a4a;
00002296 : c7c7414a;
00002297 : c7c7c7c7;
00002298 : c7c7c7c7;
00002299 : c7c7c7c7;
0000229a : c7c7c7c7;
0000229b : 414a4a41;
0000229c : 41414149;
0000229d : 41414141;
0000229e : c7c7c741;
0000229f : c7c7c7c7;
000022a0 : c7c7c7c7;
000022a1 : c7c7c7c7;
000022a2 : c7c7c7c7;
000022a3 : 414141c7;
000022a4 : 000a1301;
000022a5 : 01130100;
000022a6 : c7c7c7c7;
000022a7 : c7c7c7c7;
000022a8 : c7c7c7c7;
000022a9 : c7c7c7c7;
000022aa : c7c7c7c7;
000022ab : c7c7c7c7;
000022ac : 01535301;
000022ad : 53530100;
000022ae : c7c7c701;
000022af : c7c7c7c7;
000022b0 : c7c7c7c7;
000022b1 : c7c7c7c7;
000022b2 : c7c7c7c7;
000022b3 : c7c7c7c7;
000022b4 : 0101010a;
000022b5 : 01010a00;
000022b6 : c7c7c701;
000022b7 : c7c7c7c7;
000022b8 : c7c7c7c7;
000022b9 : c7c7c7c7;
000022ba : c7c7c7c7;
000022bb : c7c7c7c7;
000022bc : c7c7c7c7;
000022bd : c7c7c7c7;
000022be : c7c7c7c7;
000022bf : c7c7c7c7;
000022c0 : c7c7c7c7;
000022c1 : c7c7c7c7;
000022c2 : 01c7c7c7;
000022c3 : c7010101;
000022c4 : c7c7c7c7;
000022c5 : c7c7c7c7;
000022c6 : c7c7c7c7;
000022c7 : c7c7c7c7;
000022c8 : c7c7c7c7;
000022c9 : c7c7c7c7;
000022ca : 0a01c7c7;
000022cb : 010a0a0a;
000022cc : c7c7c7c7;
000022cd : c7c7c7c7;
000022ce : c7c7c7c7;
000022cf : c7c7c7c7;
000022d0 : c7c7c7c7;
000022d1 : c7c7c7c7;
000022d2 : 010a01c7;
000022d3 : 0a130a0a;
000022d4 : c7c70101;
000022d5 : c7c7c7c7;
000022d6 : c7c7c7c7;
000022d7 : c7c7c7c7;
000022d8 : c7c7c7c7;
000022d9 : c7c7c7c7;
000022da : c70101c7;
000022db : 130a0a01;
000022dc : 01010a13;
000022dd : c7c7c7c7;
000022de : c7c7c7c7;
000022df : c7c7c7c7;
000022e0 : c7c7c7c7;
000022e1 : c7c7c7c7;
000022e2 : c7c701c7;
000022e3 : 0a0a0a01;
000022e4 : 130a0a53;
000022e5 : c7c70101;
000022e6 : c7c7c7c7;
000022e7 : c7c7c7c7;
000022e8 : c7c7c7c7;
000022e9 : c7c7c7c7;
000022ea : c7c7c7c7;
000022eb : 0a0a01c7;
000022ec : 1313130a;
000022ed : 01015252;
000022ee : c7c7c701;
000022ef : c7c7c7c7;
000022f0 : c7c7c7c7;
000022f1 : c7c7c7c7;
000022f2 : c7c7c7c7;
000022f3 : 525201c7;
000022f4 : 53131313;
000022f5 : 0a0a0a53;
000022f6 : c701010a;
000022f7 : c7c7c7c7;
000022f8 : c7c7c7c7;
000022f9 : c7c7c7c7;
000022fa : c7c7c7c7;
000022fb : 0a0a0a01;
000022fc : 0101010a;
000022fd : 01010101;
000022fe : 010a0a0a;
000022ff : c7c7c7c7;
00002300 : c7c7c7c7;
00002301 : c7c7c7c7;
00002302 : 01c7c7c7;
00002303 : 010a0a0a;
00002304 : 2d2d2401;
00002305 : 246e6e6e;
00002306 : c701010a;
00002307 : c7c7c7c7;
00002308 : c7c7c7c7;
00002309 : c7c7c7c7;
0000230a : 0a0101c7;
0000230b : 2401010a;
0000230c : 6e242d2d;
0000230d : 41226e22;
0000230e : c7c7c72d;
0000230f : c7c7c7c7;
00002310 : c7c7c7c7;
00002311 : c7c7c7c7;
00002312 : 010a1301;
00002313 : 6e242401;
00002314 : 6e6e242d;
00002315 : 416b6e6b;
00002316 : c7c7c72d;
00002317 : c7c7c7c7;
00002318 : c7c7c7c7;
00002319 : c7c7c7c7;
0000231a : 010101c7;
0000231b : 6e6e6e24;
0000231c : 6e6e246e;
0000231d : 416e6e6e;
0000231e : c7c7c7c7;
0000231f : c7c7c7c7;
00002320 : c7c7c7c7;
00002321 : c7c7c7c7;
00002322 : c7c7c7c7;
00002323 : 2d6e6e24;
00002324 : 6e6e246e;
00002325 : 416e6e6e;
00002326 : c7c7c7c7;
00002327 : c7c7c7c7;
00002328 : c7c7c7c7;
00002329 : c7c7c7c7;
0000232a : 24c75313;
0000232b : 2d6e6e6e;
0000232c : 652d6e00;
0000232d : c7416e6e;
0000232e : c7c7c7c7;
0000232f : c7c7c7c7;
00002330 : c7c7c7c7;
00002331 : c7c7c7c7;
00002332 : 24130101;
00002333 : 002d2d6e;
00002334 : 536e0a41;
00002335 : 4193934a;
00002336 : c7c7c7c7;
00002337 : c7c7c7c7;
00002338 : c7c7c7c7;
00002339 : c7c7c7c7;
0000233a : 6e2401c7;
0000233b : 4100002d;
0000233c : 134a4153;
0000233d : 53934a53;
0000233e : c7c7c741;
0000233f : c7c7c7c7;
00002340 : c7c7c7c7;
00002341 : c7c7c7c7;
00002342 : 6e24c7c7;
00002343 : 4100532d;
00002344 : 41415393;
00002345 : 4a4a5313;
00002346 : c7c7c741;
00002347 : c7c7c7c7;
00002348 : c7c7c7c7;
00002349 : c7c7c7c7;
0000234a : 2d6e24c7;
0000234b : 00135301;
0000234c : 93935341;
0000234d : 4a530a41;
0000234e : c7c7c741;
0000234f : c7c7c7c7;
00002350 : c7c7c7c7;
00002351 : c7c7c7c7;
00002352 : c7c7c7c7;
00002353 : 130101c7;
00002354 : 93414193;
00002355 : 530a4193;
00002356 : c7c7c741;
00002357 : c7c7c7c7;
00002358 : c7c7c7c7;
00002359 : c7c7c7c7;
0000235a : c7c7c7c7;
0000235b : 53c7c7c7;
0000235c : 41130a01;
0000235d : 0166ae93;
0000235e : c7c7c7c7;
0000235f : c7c7c7c7;
00002360 : c7c7c7c7;
00002361 : c7c7c7c7;
00002362 : c7c7c7c7;
00002363 : c7c7c7c7;
00002364 : 130a130a;
00002365 : 66ae6641;
00002366 : c7c7c70a;
00002367 : c7c7c7c7;
00002368 : c7c7c7c7;
00002369 : c7c7c7c7;
0000236a : c7c7c7c7;
0000236b : c7c7c7c7;
0000236c : 01939341;
0000236d : 41669393;
0000236e : c7c7c70a;
0000236f : c7c7c7c7;
00002370 : c7c7c7c7;
00002371 : c7c7c7c7;
00002372 : c7c7c7c7;
00002373 : c7c7c7c7;
00002374 : 93939341;
00002375 : 4a539393;
00002376 : c7c7c741;
00002377 : c7c7c7c7;
00002378 : c7c7c7c7;
00002379 : c7c7c7c7;
0000237a : c7c7c7c7;
0000237b : 4a4a41c7;
0000237c : 9393934a;
0000237d : 9393934a;
0000237e : 41414153;
0000237f : c7c7c7c7;
00002380 : c7c7c7c7;
00002381 : c7c7c7c7;
00002382 : 41c7c7c7;
00002383 : 53939341;
00002384 : 53935353;
00002385 : 9393534a;
00002386 : 4a535353;
00002387 : c7c7c741;
00002388 : c7c7c7c7;
00002389 : c7c7c7c7;
0000238a : 934141c7;
0000238b : 4a535353;
0000238c : 4a534a4a;
0000238d : 4a534a4a;
0000238e : 014a4a4a;
0000238f : c7c7c713;
00002390 : c7c7c7c7;
00002391 : c7c7c7c7;
00002392 : 534a41c7;
00002393 : 414a4a53;
00002394 : 4a414141;
00002395 : 414a4a4a;
00002396 : a3014141;
00002397 : c7c7a3da;
00002398 : c7c7c7c7;
00002399 : c7c7c7c7;
0000239a : 4a41c7c7;
0000239b : 01414a4a;
0000239c : 41000113;
0000239d : 66414141;
0000239e : da130aae;
0000239f : c7c7dada;
000023a0 : c7c7c7c7;
000023a1 : c7c7c7c7;
000023a2 : 4100c7c7;
000023a3 : 0a014141;
000023a4 : 00001353;
000023a5 : 13010000;
000023a6 : 01135313;
000023a7 : c7c7dada;
000023a8 : c7c7c7c7;
000023a9 : c7c7c7c7;
000023aa : c7c7c7c7;
000023ab : 5301c7c7;
000023ac : c7015313;
000023ad : 1301c7c7;
000023ae : c7010153;
000023af : c7c7c7c7;
000023b0 : c7c7c7c7;
000023b1 : c7c7c7c7;
000023b2 : c7c7c7c7;
000023b3 : 01c7c7c7;
000023b4 : c7010101;
000023b5 : 01c7c7c7;
000023b6 : c7c7c701;
000023b7 : c7c7c7c7;
000023b8 : c7c7c7c7;
000023b9 : 00000020;
000023ba : 00000020;
000023bb : c7c7c7c7;
000023bc : c7c7c7c7;
000023bd : c7c7c7c7;
000023be : c7c7c7c7;
000023bf : c7c7c7c7;
000023c0 : c7c7c7c7;
000023c1 : c7c7c7c7;
000023c2 : c7c7c7c7;
000023c3 : c7c7c7c7;
000023c4 : 01c7c7c7;
000023c5 : c7010101;
000023c6 : c7c7c7c7;
000023c7 : c7c7c7c7;
000023c8 : c7c7c7c7;
000023c9 : c7c7c7c7;
000023ca : c7c7c7c7;
000023cb : c7c7c7c7;
000023cc : 0a01c7c7;
000023cd : 010a0a0a;
000023ce : c7c7c7c7;
000023cf : c7c7c7c7;
000023d0 : c7c7c7c7;
000023d1 : c7c7c7c7;
000023d2 : c7c7c7c7;
000023d3 : c7c7c7c7;
000023d4 : 010a01c7;
000023d5 : 0a130a0a;
000023d6 : c7c70101;
000023d7 : c7c7c7c7;
000023d8 : c7c7c7c7;
000023d9 : c7c7c7c7;
000023da : c7c7c7c7;
000023db : c7c7c7c7;
000023dc : c70101c7;
000023dd : 130a0a01;
000023de : 01010a13;
000023df : c7c7c7c7;
000023e0 : c7c7c7c7;
000023e1 : c7c7c7c7;
000023e2 : c7c7c7c7;
000023e3 : c7c7c7c7;
000023e4 : c7c701c7;
000023e5 : 0a0a0a01;
000023e6 : 130a0a53;
000023e7 : c7c70101;
000023e8 : c7c7c7c7;
000023e9 : c7c7c7c7;
000023ea : c7c7c7c7;
000023eb : c7c7c7c7;
000023ec : c7c7c7c7;
000023ed : 0a0a01c7;
000023ee : 1313130a;
000023ef : 01015252;
000023f0 : c7c7c701;
000023f1 : c7c7c7c7;
000023f2 : c7c7c7c7;
000023f3 : c7c7c7c7;
000023f4 : c7c7c7c7;
000023f5 : 525201c7;
000023f6 : 53131313;
000023f7 : 0a0a0a53;
000023f8 : c701010a;
000023f9 : c7c7c7c7;
000023fa : c7c7c7c7;
000023fb : c7c7c7c7;
000023fc : c7c7c7c7;
000023fd : 0a0a0a01;
000023fe : 0101010a;
000023ff : 01010101;
00002400 : 010a0a0a;
00002401 : c7c7c7c7;
00002402 : c7c7c7c7;
00002403 : c7c7c7c7;
00002404 : 01c7c7c7;
00002405 : 010a0a0a;
00002406 : 2d2d2401;
00002407 : 246e6e6e;
00002408 : c701010a;
00002409 : c7c7c7c7;
0000240a : c7c7c7c7;
0000240b : c7c7c7c7;
0000240c : 0a0101c7;
0000240d : 2401010a;
0000240e : 6e242d2d;
0000240f : 41226e22;
00002410 : c7c7c72d;
00002411 : c7c7c7da;
00002412 : c7c7c7c7;
00002413 : c7c7c7c7;
00002414 : 010a1301;
00002415 : 6e242401;
00002416 : 6e6e242d;
00002417 : 416b6e6b;
00002418 : dac7c72d;
00002419 : c7c7c7da;
0000241a : c7c7c7c7;
0000241b : c7c7c7c7;
0000241c : 010101c7;
0000241d : 6e6e6e24;
0000241e : 6e6e246e;
0000241f : 416e6e6e;
00002420 : dadac7c7;
00002421 : c7c7daa3;
00002422 : c7c7c7c7;
00002423 : c7c7c7c7;
00002424 : c7c7c7c7;
00002425 : 2d6e6e24;
00002426 : 6e6e246e;
00002427 : 416e6e6e;
00002428 : a301c7c7;
00002429 : c7c701a3;
0000242a : c7c7c7c7;
0000242b : c7c7c7c7;
0000242c : c7c7c7c7;
0000242d : 2d6e6e24;
0000242e : 652d6e41;
0000242f : c7416e6e;
00002430 : 13c7c7c7;
00002431 : c7c7c701;
00002432 : c7c7c7c7;
00002433 : c7c7c7c7;
00002434 : 24c7c7c7;
00002435 : 412d2d6e;
00002436 : 536e0a93;
00002437 : 4193934a;
00002438 : 13c7c7c7;
00002439 : c7c7c70a;
0000243a : c7c7c7c7;
0000243b : c7c7c7c7;
0000243c : 24c7c7c7;
0000243d : 9341246e;
0000243e : 134a9353;
0000243f : 53934a53;
00002440 : 0ac7c741;
00002441 : c7c7c701;
00002442 : c7c7c7c7;
00002443 : c7c7c7c7;
00002444 : 24c7c7c7;
00002445 : 9341246e;
00002446 : 4a935341;
00002447 : 4a4a5313;
00002448 : 0113c741;
00002449 : c7c7c7c7;
0000244a : c7c7c7c7;
0000244b : c7c7c7c7;
0000244c : 24c7c7c7;
0000244d : 9353412d;
0000244e : 9393534a;
0000244f : 4a530a4a;
00002450 : 0113c741;
00002451 : c7c7c7c7;
00002452 : c7c7c7c7;
00002453 : c7c7c7c7;
00002454 : c7c7c7c7;
00002455 : 93534124;
00002456 : 9353534a;
00002457 : 410a4a93;
00002458 : 0113ae4a;
00002459 : c7c7c7c7;
0000245a : c7c7c7c7;
0000245b : c7c7c7c7;
0000245c : c7c7c7c7;
0000245d : 935341c7;
0000245e : 53130a41;
0000245f : 01531353;
00002460 : 0113664a;
00002461 : c7c7c7c7;
00002462 : c7c7c7c7;
00002463 : c7c7c7c7;
00002464 : c7c7c7c7;
00002465 : 4a4a41c7;
00002466 : 130a1341;
00002467 : 01131353;
00002468 : c701130a;
00002469 : c7c7c7c7;
0000246a : c7c7c7c7;
0000246b : c7c7c7c7;
0000246c : c7c7c7c7;
0000246d : ae41c7c7;
0000246e : 93934a66;
0000246f : 414a9393;
00002470 : c701130a;
00002471 : c7c7c7c7;
00002472 : c7c7c7c7;
00002473 : c7c7c7c7;
00002474 : c7c7c7c7;
00002475 : 6641c7c7;
00002476 : 93939341;
00002477 : 4a539393;
00002478 : c7011341;
00002479 : c7c7c7c7;
0000247a : c7c7c7c7;
0000247b : c7c7c7c7;
0000247c : c7c7c7c7;
0000247d : 4a4a41c7;
0000247e : 9393934a;
0000247f : 9393934a;
00002480 : c70a4153;
00002481 : c7c7c7c7;
00002482 : c7c7c7c7;
00002483 : c7c7c7c7;
00002484 : c7c7c7c7;
00002485 : 93934a41;
00002486 : 4a939393;
00002487 : 9393934a;
00002488 : c70a4153;
00002489 : c7c7c7c7;
0000248a : c7c7c7c7;
0000248b : c7c7c7c7;
0000248c : c7c7c7c7;
0000248d : 93534a41;
0000248e : 4a535393;
0000248f : 4a934a4a;
00002490 : c70a4153;
00002491 : c7c7c7c7;
00002492 : c7c7c7c7;
00002493 : c7c7c7c7;
00002494 : c7c7c7c7;
00002495 : 53534a41;
00002496 : 4a4a4a53;
00002497 : 4a534a4a;
00002498 : c701414a;
00002499 : c7c7c7c7;
0000249a : c7c7c7c7;
0000249b : c7c7c7c7;
0000249c : c7c7c7c7;
0000249d : 414a4a41;
0000249e : 41414149;
0000249f : 41414141;
000024a0 : c7011341;
000024a1 : c7c7c7c7;
000024a2 : c7c7c7c7;
000024a3 : c7c7c7c7;
000024a4 : c7c7c7c7;
000024a5 : 414141c7;
000024a6 : c70a1301;
000024a7 : 011301c7;
000024a8 : c70a13c7;
000024a9 : c7c7c7c7;
000024aa : c7c7c7c7;
000024ab : c7c7c7c7;
000024ac : c7c7c7c7;
000024ad : c7c7c7c7;
000024ae : 01535301;
000024af : 535301c7;
000024b0 : c7015301;
000024b1 : c7c7c7c7;
000024b2 : c7c7c7c7;
000024b3 : c7c7c7c7;
000024b4 : c7c7c7c7;
000024b5 : c7c7c7c7;
000024b6 : 0101010a;
000024b7 : 01010ac7;
000024b8 : c7c7c701;
000024b9 : c7c7c7c7;
000024ba : c7c7c7c7;
000024bb : c7c7c7c7;
000024bc : c7c7c7c7;
000024bd : c7c7c7c7;
000024be : c7c7c7c7;
000024bf : c7c7c7c7;
000024c0 : c7c7c7c7;
000024c1 : c7c7c7c7;
000024c2 : c7c7c7c7;
000024c3 : c7c7c7c7;
000024c4 : 01c7c7c7;
000024c5 : c7010101;
000024c6 : c7c7c7c7;
000024c7 : c7c7c7c7;
000024c8 : c7c7c7c7;
000024c9 : c7c7c7c7;
000024ca : c7c7c7c7;
000024cb : c7c7c7c7;
000024cc : 0a01c7c7;
000024cd : 010a0a0a;
000024ce : c7c7c7c7;
000024cf : c7c7c7c7;
000024d0 : c7c7c7c7;
000024d1 : c7c7c7c7;
000024d2 : c7c7c7c7;
000024d3 : c7c7c7c7;
000024d4 : 010a01c7;
000024d5 : 0a130a0a;
000024d6 : c7c70101;
000024d7 : c7c7c7c7;
000024d8 : c7c7c7c7;
000024d9 : c7c7c7c7;
000024da : c7c7c7c7;
000024db : c7c7c7c7;
000024dc : c70101c7;
000024dd : 130a0a01;
000024de : 01010a13;
000024df : c7c7c7c7;
000024e0 : c7c7c7c7;
000024e1 : c7c7c7c7;
000024e2 : c7c7c7c7;
000024e3 : c7c7c7c7;
000024e4 : c7c701c7;
000024e5 : 0a0a0a01;
000024e6 : 130a0a53;
000024e7 : c7c70101;
000024e8 : c7c7c7c7;
000024e9 : c7c7c7c7;
000024ea : c7c7c7c7;
000024eb : c7c7c7c7;
000024ec : 00c7c7c7;
000024ed : 0a0a01c7;
000024ee : 1313130a;
000024ef : 01015252;
000024f0 : c7c7c701;
000024f1 : c7c7c7c7;
000024f2 : c7c7c7c7;
000024f3 : c7c7c7c7;
000024f4 : 0000c7c7;
000024f5 : 525201c7;
000024f6 : 53131313;
000024f7 : 0a0a0a53;
000024f8 : c701010a;
000024f9 : c7c7c7c7;
000024fa : c7c7c7c7;
000024fb : c7c7c7c7;
000024fc : c7c7c7c7;
000024fd : 0a0a0a01;
000024fe : 0101010a;
000024ff : 01010101;
00002500 : 010a0a0a;
00002501 : c7c7c7c7;
00002502 : c7c7c7c7;
00002503 : c7c7c7c7;
00002504 : 01c7c7c7;
00002505 : 010a0a0a;
00002506 : 2d2d2401;
00002507 : 246e6e6e;
00002508 : c701010a;
00002509 : c7c7dac7;
0000250a : c7c7c7c7;
0000250b : c7c7c7c7;
0000250c : 0a0101c7;
0000250d : 2401010a;
0000250e : 6e242d2d;
0000250f : 41226e22;
00002510 : c7c7c72d;
00002511 : c7c7dada;
00002512 : c7c7c7c7;
00002513 : c7c7c7c7;
00002514 : 010a1301;
00002515 : 6e242401;
00002516 : 6e6e242d;
00002517 : 416b6e6b;
00002518 : dac7c72d;
00002519 : c7daa3da;
0000251a : c7c7c7c7;
0000251b : c7c7c7c7;
0000251c : 010101c7;
0000251d : 6e6e6e24;
0000251e : 6e6e246e;
0000251f : 416e6e6e;
00002520 : 01c7c7c7;
00002521 : c701a3a3;
00002522 : c7c7c7c7;
00002523 : c7c7c7c7;
00002524 : c7c7c7c7;
00002525 : 2d6e6e24;
00002526 : 6e6e246e;
00002527 : 416e6e6e;
00002528 : c7c7c7c7;
00002529 : c7c70113;
0000252a : c7c7c7c7;
0000252b : c7c7c7c7;
0000252c : c7c7c7c7;
0000252d : 2d6e6e24;
0000252e : 652d6e41;
0000252f : c7416e6e;
00002530 : c7c7c7c7;
00002531 : c7c70a13;
00002532 : c7c7c7c7;
00002533 : c7c7c7c7;
00002534 : 24c7c7c7;
00002535 : 412d2d6e;
00002536 : 536e0a93;
00002537 : 4193934a;
00002538 : c7c7c7c7;
00002539 : c7c7010a;
0000253a : c7c7c7c7;
0000253b : c7c7c7c7;
0000253c : 24c7c7c7;
0000253d : 9341246e;
0000253e : 134a9353;
0000253f : 53934a53;
00002540 : 13c7c741;
00002541 : c7c7c701;
00002542 : c7c7c7c7;
00002543 : c7c7c7c7;
00002544 : 24c7c7c7;
00002545 : 9341246e;
00002546 : 4a935341;
00002547 : 4a4a5313;
00002548 : 13935341;
00002549 : c7c7c701;
0000254a : c7c7c7c7;
0000254b : c7c7c7c7;
0000254c : 24c7c7c7;
0000254d : 9353412d;
0000254e : 9393534a;
0000254f : 4a530a4a;
00002550 : 134a934a;
00002551 : c7c7c701;
00002552 : c7c7c7c7;
00002553 : c7c7c7c7;
00002554 : c7c7c7c7;
00002555 : 93534124;
00002556 : 9353534a;
00002557 : 410a4a93;
00002558 : 134a534a;
00002559 : c7c7c701;
0000255a : c7c7c7c7;
0000255b : c7c7c7c7;
0000255c : c7c7c7c7;
0000255d : 935341c7;
0000255e : 53130a41;
0000255f : 01531353;
00002560 : 01134a4a;
00002561 : c7c7c7c7;
00002562 : c7c7c7c7;
00002563 : c7c7c7c7;
00002564 : c7c7c7c7;
00002565 : 4a4a41c7;
00002566 : 130a1341;
00002567 : 01131353;
00002568 : 0113c70a;
00002569 : c7c7c7c7;
0000256a : c7c7c7c7;
0000256b : c7c7c7c7;
0000256c : c7c7c7c7;
0000256d : ae41c7c7;
0000256e : 93934a66;
0000256f : 414a9393;
00002570 : 0113c70a;
00002571 : c7c7c7c7;
00002572 : c7c7c7c7;
00002573 : c7c7c7c7;
00002574 : c7c7c7c7;
00002575 : 6641c7c7;
00002576 : 93939341;
00002577 : 4a539393;
00002578 : 0a53c741;
00002579 : c7c7c7c7;
0000257a : c7c7c7c7;
0000257b : c7c7c7c7;
0000257c : c7c7c7c7;
0000257d : 4a4a41c7;
0000257e : 9393934a;
0000257f : 9393934a;
00002580 : 0a534153;
00002581 : c7c7c7c7;
00002582 : c7c7c7c7;
00002583 : c7c7c7c7;
00002584 : c7c7c7c7;
00002585 : 93934a41;
00002586 : 4a939393;
00002587 : 9393934a;
00002588 : 0a534153;
00002589 : c7c7c7c7;
0000258a : c7c7c7c7;
0000258b : c7c7c7c7;
0000258c : c7c7c7c7;
0000258d : 93534a41;
0000258e : 4a535393;
0000258f : 4a934a4a;
00002590 : 01134153;
00002591 : c7c7c7c7;
00002592 : c7c7c7c7;
00002593 : c7c7c7c7;
00002594 : c7c7c7c7;
00002595 : 53534a41;
00002596 : 4a4a4a53;
00002597 : 4a534a4a;
00002598 : 0113414a;
00002599 : c7c7c7c7;
0000259a : c7c7c7c7;
0000259b : c7c7c7c7;
0000259c : c7c7c7c7;
0000259d : 414a4a41;
0000259e : 41414149;
0000259f : 41414141;
000025a0 : 0a13c741;
000025a1 : c7c7c7c7;
000025a2 : c7c7c7c7;
000025a3 : c7c7c7c7;
000025a4 : c7c7c7c7;
000025a5 : 414141c7;
000025a6 : c70a1301;
000025a7 : 011301c7;
000025a8 : 0153c7c7;
000025a9 : c7c7c7c7;
000025aa : c7c7c7c7;
000025ab : c7c7c7c7;
000025ac : c7c7c7c7;
000025ad : c7c7c7c7;
000025ae : 01535301;
000025af : 535301c7;
000025b0 : c7c7c701;
000025b1 : c7c7c7c7;
000025b2 : c7c7c7c7;
000025b3 : c7c7c7c7;
000025b4 : c7c7c7c7;
000025b5 : c7c7c7c7;
000025b6 : 0101010a;
000025b7 : 01010ac7;
000025b8 : c7c7c701;
000025b9 : c7c7c7c7;
000025ba : c7c7c7c7;
000025bb : c7c7c7c7;
000025bc : c7c7c7c7;
000025bd : c7c7c7c7;
000025be : c7c7c7c7;
000025bf : c7c7c7c7;
000025c0 : c7c7c7c7;
000025c1 : c7c7c7c7;
000025c2 : c7c7c7c7;
000025c3 : c7c7c7c7;
000025c4 : 01c7c7c7;
000025c5 : c7010101;
000025c6 : c7c7c7c7;
000025c7 : c7c7c7c7;
000025c8 : c7c7c7c7;
000025c9 : c7c7c7c7;
000025ca : c7c7c7c7;
000025cb : c7c7c7c7;
000025cc : 0a01c7c7;
000025cd : 010a0a0a;
000025ce : c7c7c7c7;
000025cf : c7c7c7c7;
000025d0 : c7c7c7c7;
000025d1 : c7c7c7c7;
000025d2 : c7c7c7c7;
000025d3 : c7c7c7c7;
000025d4 : 010a01c7;
000025d5 : 0a130a0a;
000025d6 : c7c70101;
000025d7 : c7c7c7c7;
000025d8 : c7c7c7c7;
000025d9 : c7c7c7c7;
000025da : c7c7c7c7;
000025db : c7c7c7c7;
000025dc : c70101c7;
000025dd : 130a0a01;
000025de : 01010a13;
000025df : c7c7c7c7;
000025e0 : c7c7c7c7;
000025e1 : c7c7c7c7;
000025e2 : c7c7c7c7;
000025e3 : c7c7c7c7;
000025e4 : c7c701c7;
000025e5 : 0a0a0a01;
000025e6 : 130a0a53;
000025e7 : c7c70101;
000025e8 : c7c7c7c7;
000025e9 : c7c7c7c7;
000025ea : c7c7c7c7;
000025eb : c7c7c7c7;
000025ec : c7c7c7c7;
000025ed : 0a0a01c7;
000025ee : 1313130a;
000025ef : 01015252;
000025f0 : c7c7c701;
000025f1 : c7c7c7c7;
000025f2 : c7c7c7c7;
000025f3 : c7c7c7c7;
000025f4 : c7c7c7c7;
000025f5 : 525201c7;
000025f6 : 53131313;
000025f7 : 0a0a0a53;
000025f8 : c701010a;
000025f9 : dac7c7c7;
000025fa : c7c7c7c7;
000025fb : c7c7c7c7;
000025fc : c7c7c7c7;
000025fd : 0a0a0a01;
000025fe : 0101010a;
000025ff : 01010101;
00002600 : 010a0a0a;
00002601 : dadac7c7;
00002602 : c7c7c7c7;
00002603 : c7c7c7c7;
00002604 : 01c7c7c7;
00002605 : 010a0a0a;
00002606 : 2d2d2401;
00002607 : 246e6e6e;
00002608 : c701010a;
00002609 : a3dadac7;
0000260a : c7c7c7da;
0000260b : c7c7c7c7;
0000260c : 0a0101c7;
0000260d : 2401010a;
0000260e : 6e242d2d;
0000260f : 41226e22;
00002610 : c7c7c72d;
00002611 : a3a301c7;
00002612 : c7c7c701;
00002613 : c7c7c7c7;
00002614 : 010a1301;
00002615 : 6e242401;
00002616 : 6e6e242d;
00002617 : 416b6e6b;
00002618 : c7c7c72d;
00002619 : 0113c7c7;
0000261a : c7c7c7c7;
0000261b : c7c7c7c7;
0000261c : 010101c7;
0000261d : 6e6e6e24;
0000261e : 6e6e246e;
0000261f : 416e6e6e;
00002620 : c7c7c7c7;
00002621 : 0a13c7c7;
00002622 : c7c7c7c7;
00002623 : c7c7c7c7;
00002624 : c7c7c7c7;
00002625 : 2d6e6e24;
00002626 : 6e6e246e;
00002627 : 416e6e6e;
00002628 : c7c7c7c7;
00002629 : 010ac7c7;
0000262a : c7c7c7c7;
0000262b : c7c7c7c7;
0000262c : c7c7c7c7;
0000262d : 2d6e6e24;
0000262e : 652d6e41;
0000262f : c7416e6e;
00002630 : c7c7c7c7;
00002631 : c70113c7;
00002632 : c7c7c7c7;
00002633 : c7c7c7c7;
00002634 : 24c7c7c7;
00002635 : 412d2d6e;
00002636 : 536e0a93;
00002637 : 4193934a;
00002638 : 41414141;
00002639 : c70113ae;
0000263a : c7c7c7c7;
0000263b : c7c7c7c7;
0000263c : 24c7c7c7;
0000263d : 9341246e;
0000263e : 134a9353;
0000263f : 53934a53;
00002640 : 93534a53;
00002641 : c70113ae;
00002642 : c7c7c7c7;
00002643 : c7c7c7c7;
00002644 : 24c7c7c7;
00002645 : 9341246e;
00002646 : 4a935341;
00002647 : 4a4a5313;
00002648 : 534a5393;
00002649 : c701134a;
0000264a : c7c7c7c7;
0000264b : c7c7c7c7;
0000264c : 24c7c7c7;
0000264d : 9353412d;
0000264e : 9393534a;
0000264f : 4a530a4a;
00002650 : 41539353;
00002651 : c7c70113;
00002652 : c7c7c7c7;
00002653 : c7c7c7c7;
00002654 : c7c7c7c7;
00002655 : 93534124;
00002656 : 9353534a;
00002657 : 410a4a93;
00002658 : c741934a;
00002659 : c7c70113;
0000265a : c7c7c7c7;
0000265b : c7c7c7c7;
0000265c : c7c7c7c7;
0000265d : 935341c7;
0000265e : 53130a41;
0000265f : 01531353;
00002660 : c7c7414a;
00002661 : c7c70113;
00002662 : c7c7c7c7;
00002663 : c7c7c7c7;
00002664 : c7c7c7c7;
00002665 : 4a4a5341;
00002666 : 130a1341;
00002667 : 01131353;
00002668 : c7c7c70a;
00002669 : c7c70a53;
0000266a : c7c7c7c7;
0000266b : c7c7c7c7;
0000266c : c7c7c7c7;
0000266d : 4166ae41;
0000266e : 93934ac7;
0000266f : 414a9393;
00002670 : c7c7c70a;
00002671 : c7c70a53;
00002672 : c7c7c7c7;
00002673 : c7c7c7c7;
00002674 : c7c7c7c7;
00002675 : c7c766c7;
00002676 : 93939341;
00002677 : 4a539393;
00002678 : c7c7c741;
00002679 : c7c70a53;
0000267a : c7c7c7c7;
0000267b : c7c7c7c7;
0000267c : c7c7c7c7;
0000267d : 4a4a41c7;
0000267e : 9393934a;
0000267f : 9393934a;
00002680 : c7c74153;
00002681 : c7c70113;
00002682 : c7c7c7c7;
00002683 : c7c7c7c7;
00002684 : c7c7c7c7;
00002685 : 93934a41;
00002686 : 4a939393;
00002687 : 9393934a;
00002688 : c7c74153;
00002689 : c7c70113;
0000268a : c7c7c7c7;
0000268b : c7c7c7c7;
0000268c : c7c7c7c7;
0000268d : 93534a41;
0000268e : 4a535393;
0000268f : 4a934a4a;
00002690 : c7c74153;
00002691 : c7c70a13;
00002692 : c7c7c7c7;
00002693 : c7c7c7c7;
00002694 : c7c7c7c7;
00002695 : 53534a41;
00002696 : 4a4a4a53;
00002697 : 4a534a4a;
00002698 : c7c7414a;
00002699 : c7c70153;
0000269a : c7c7c7c7;
0000269b : c7c7c7c7;
0000269c : c7c7c7c7;
0000269d : 414a4a41;
0000269e : 41414149;
0000269f : 41414141;
000026a0 : c7c7c741;
000026a1 : c7c7c7c7;
000026a2 : c7c7c7c7;
000026a3 : c7c7c7c7;
000026a4 : c7c7c7c7;
000026a5 : 414141c7;
000026a6 : c70a1301;
000026a7 : 011301c7;
000026a8 : c7c7c7c7;
000026a9 : c7c7c7c7;
000026aa : c7c7c7c7;
000026ab : c7c7c7c7;
000026ac : c7c7c7c7;
000026ad : c7c7c7c7;
000026ae : 01535301;
000026af : 535301c7;
000026b0 : c7c7c701;
000026b1 : c7c7c7c7;
000026b2 : c7c7c7c7;
000026b3 : c7c7c7c7;
000026b4 : c7c7c7c7;
000026b5 : c7c7c7c7;
000026b6 : 0101010a;
000026b7 : 01010ac7;
000026b8 : c7c7c701;
000026b9 : c7c7c7c7;
000026ba : c7c7c7c7;
000026bb : c7c7c7c7;
000026bc : c7c7c7c7;
000026bd : c7c7c7c7;
000026be : c7c7c7c7;
000026bf : c7c7c7c7;
000026c0 : c7c7c7c7;
000026c1 : c7c7c7c7;
000026c2 : c7c7c7c7;
000026c3 : c7c7c7c7;
000026c4 : 01c7c7c7;
000026c5 : c7010101;
000026c6 : c7c7c7c7;
000026c7 : c7c7c7c7;
000026c8 : c7c7c7c7;
000026c9 : c7c7c7c7;
000026ca : c7c7c7c7;
000026cb : c7c7c7c7;
000026cc : 0a43c7c7;
000026cd : 010a0a0a;
000026ce : c7c7c7c7;
000026cf : c7c7c7c7;
000026d0 : c7c7c7c7;
000026d1 : c7c7c7c7;
000026d2 : c7c7c7c7;
000026d3 : c7c7c7c7;
000026d4 : 010a01c7;
000026d5 : 0a130a0a;
000026d6 : c7c70101;
000026d7 : c7c7c7c7;
000026d8 : c7c7c7c7;
000026d9 : c7c7c7c7;
000026da : c7c7c7c7;
000026db : c7c7c7c7;
000026dc : c70101c7;
000026dd : 130a0a01;
000026de : 01010a13;
000026df : c7c7c7c7;
000026e0 : c7c7c7c7;
000026e1 : c7c7c7c7;
000026e2 : c7c7c7c7;
000026e3 : c7c7c7c7;
000026e4 : c7c701c7;
000026e5 : 0a0a0a01;
000026e6 : 130a0a53;
000026e7 : c7c70101;
000026e8 : c7c7c7c7;
000026e9 : c7c7c7c7;
000026ea : c7c7c7c7;
000026eb : c7c7c7c7;
000026ec : c7c7c7c7;
000026ed : 0a0a01c7;
000026ee : 1313130a;
000026ef : 01015252;
000026f0 : c7c7c701;
000026f1 : c7c7c7c7;
000026f2 : c7c7c7c7;
000026f3 : c7c7c7c7;
000026f4 : c7c7c7c7;
000026f5 : 525201c7;
000026f6 : 53131313;
000026f7 : 0a0a0a53;
000026f8 : c701010a;
000026f9 : dac7c7c7;
000026fa : c7c7c7c7;
000026fb : c7c7c7c7;
000026fc : c7c7c7c7;
000026fd : 0a0a0a43;
000026fe : 0101010a;
000026ff : 01010101;
00002700 : 010a0a0a;
00002701 : dadac7c7;
00002702 : c7c7c7c7;
00002703 : c7c7c7c7;
00002704 : 01c7c7c7;
00002705 : 010a0a0a;
00002706 : 2d2d2401;
00002707 : 246e6e6e;
00002708 : c701010a;
00002709 : a3dadac7;
0000270a : c7c7c7da;
0000270b : c7c7c7c7;
0000270c : 0a0101c7;
0000270d : 2401010a;
0000270e : 6e242d2d;
0000270f : 41226e22;
00002710 : c7c7c72d;
00002711 : a3a301c7;
00002712 : c7c7c701;
00002713 : c7c7c7c7;
00002714 : 010a1301;
00002715 : 6e242401;
00002716 : 6e6e242d;
00002717 : 416b6e6b;
00002718 : c7c7c72d;
00002719 : 0113c7c7;
0000271a : c7c7c7c7;
0000271b : c7c7c7c7;
0000271c : 010101c7;
0000271d : 6e6e6e24;
0000271e : 6e6e246e;
0000271f : 416e6e6e;
00002720 : c7c7c7c7;
00002721 : 0a13c7c7;
00002722 : c7c7c7c7;
00002723 : c7c7c7c7;
00002724 : c7c7c7c7;
00002725 : 2d6e6e24;
00002726 : 6e6e246e;
00002727 : 416e6e6e;
00002728 : c7c7c7c7;
00002729 : 010ac7c7;
0000272a : c7c7c7c7;
0000272b : c7c7c7c7;
0000272c : c7c7c7c7;
0000272d : 2d6e6e24;
0000272e : 652d6e41;
0000272f : c7416e6e;
00002730 : c7c7c7c7;
00002731 : c70113c7;
00002732 : c7c7c7c7;
00002733 : c7c7c7c7;
00002734 : 24c7c7c7;
00002735 : 412d2d6e;
00002736 : 536e0a93;
00002737 : 4193934a;
00002738 : 41414141;
00002739 : c70113ae;
0000273a : c7c7c7c7;
0000273b : c7c7c7c7;
0000273c : 24c7c7c7;
0000273d : 9341246e;
0000273e : 134a9353;
0000273f : 53934a53;
00002740 : 93534a53;
00002741 : c70113ae;
00002742 : c7c7c7c7;
00002743 : c7c7c7c7;
00002744 : 24c7c7c7;
00002745 : 9341246e;
00002746 : 4a935341;
00002747 : 4a4a5313;
00002748 : 534a5393;
00002749 : c701134a;
0000274a : c7c7c7c7;
0000274b : c7c7c7c7;
0000274c : 24c7c7c7;
0000274d : 9353412d;
0000274e : 9393534a;
0000274f : 4a530a4a;
00002750 : 41539353;
00002751 : c7c70113;
00002752 : c7c7c7c7;
00002753 : c7c7c7c7;
00002754 : c7c7c7c7;
00002755 : 93534124;
00002756 : 9353534a;
00002757 : 410a4a93;
00002758 : c741934a;
00002759 : c7c70113;
0000275a : c7c7c7c7;
0000275b : c7c7c7c7;
0000275c : c7c7c7c7;
0000275d : 935341c7;
0000275e : 53130a41;
0000275f : 01531353;
00002760 : c7c7414a;
00002761 : c7c70113;
00002762 : c7c7c7c7;
00002763 : c7c7c7c7;
00002764 : c7c7c7c7;
00002765 : 4a4a5341;
00002766 : 130a1341;
00002767 : 01131353;
00002768 : c7c7c70a;
00002769 : c7c70a53;
0000276a : c7c7c7c7;
0000276b : c7c7c7c7;
0000276c : c7c7c7c7;
0000276d : 4166ae41;
0000276e : 93934ac7;
0000276f : 414a9393;
00002770 : c7c7c70a;
00002771 : c7c70a53;
00002772 : c7c7c7c7;
00002773 : c7c7c7c7;
00002774 : c7c7c7c7;
00002775 : c7c766c7;
00002776 : 93939341;
00002777 : 4a539393;
00002778 : c7c7c741;
00002779 : c7c70a53;
0000277a : c7c7c7c7;
0000277b : c7c7c7c7;
0000277c : c7c7c7c7;
0000277d : 4a4a41c7;
0000277e : 9393934a;
0000277f : 9393934a;
00002780 : c7004153;
00002781 : c7c70113;
00002782 : c7c7c7c7;
00002783 : c7c7c7c7;
00002784 : c7c7c7c7;
00002785 : 93934a41;
00002786 : 4a939393;
00002787 : 9393934a;
00002788 : c7004153;
00002789 : c7c70113;
0000278a : c7c7c7c7;
0000278b : c7c7c7c7;
0000278c : c7c7c7c7;
0000278d : 93534a41;
0000278e : 4a535393;
0000278f : 4a934a4a;
00002790 : c7004153;
00002791 : c7c70a13;
00002792 : c7c7c7c7;
00002793 : c7c7c7c7;
00002794 : c7c7c7c7;
00002795 : 53534a41;
00002796 : 4a4a4a53;
00002797 : 4a534a4a;
00002798 : c7c7414a;
00002799 : c7c70153;
0000279a : c7c7c7c7;
0000279b : c7c7c7c7;
0000279c : c7c7c7c7;
0000279d : 414a4a41;
0000279e : 41414149;
0000279f : 41414141;
000027a0 : c7c7c741;
000027a1 : c7c7c7c7;
000027a2 : c7c7c7c7;
000027a3 : c7c7c7c7;
000027a4 : c7c7c7c7;
000027a5 : 414141c7;
000027a6 : c70a1301;
000027a7 : 011301c7;
000027a8 : c7c7c7c7;
000027a9 : c7c7c7c7;
000027aa : c7c7c7c7;
000027ab : c7c7c7c7;
000027ac : c7c7c7c7;
000027ad : c7c7c7c7;
000027ae : 01535301;
000027af : 535301c7;
000027b0 : c7c7c701;
000027b1 : c7c7c7c7;
000027b2 : c7c7c7c7;
000027b3 : c7c7c7c7;
000027b4 : c7c7c7c7;
000027b5 : c7c7c7c7;
000027b6 : 0101010a;
000027b7 : 01010ac7;
000027b8 : c7c7c701;
000027b9 : c7c7c7c7;
000027ba : c7c7c7c7;
000027bb : c7c7c7c7;
000027bc : c7c7c7c7;
000027bd : c7c7c7c7;
000027be : c7c7c7c7;
000027bf : c7c7c7c7;
000027c0 : c7c7c7c7;
000027c1 : c7c7c7c7;
000027c2 : c7c7c7c7;
000027c3 : c7c7c7c7;
000027c4 : 01c7c7c7;
000027c5 : c7010101;
000027c6 : c7c7c7c7;
000027c7 : c7c7c7c7;
000027c8 : c7c7c7c7;
000027c9 : c7c7c7c7;
000027ca : c7c7c7c7;
000027cb : c7c7c7c7;
000027cc : 0a43c7c7;
000027cd : 010a0a0a;
000027ce : c7c7c7c7;
000027cf : c7c7c7c7;
000027d0 : c7c7c7c7;
000027d1 : c7c7c7c7;
000027d2 : c7c7c7c7;
000027d3 : c7c7c7c7;
000027d4 : 010a01c7;
000027d5 : 0a130a0a;
000027d6 : c7c70101;
000027d7 : c7c7c7c7;
000027d8 : c7c7c7c7;
000027d9 : c7c7c7c7;
000027da : c7c7c7c7;
000027db : c7c7c7c7;
000027dc : c70101c7;
000027dd : 130a0a01;
000027de : 01010a13;
000027df : c7c7c7c7;
000027e0 : c7c7c7c7;
000027e1 : c7c7c7c7;
000027e2 : c7c7c7c7;
000027e3 : c7c7c7c7;
000027e4 : c7c701c7;
000027e5 : 0a0a0a01;
000027e6 : 130a0a53;
000027e7 : c7c70101;
000027e8 : c7c7c7c7;
000027e9 : c7c7c7c7;
000027ea : c7c7dac7;
000027eb : c7c7c7c7;
000027ec : c7c7c7c7;
000027ed : 0a0a01c7;
000027ee : 1313130a;
000027ef : 01015252;
000027f0 : c7c7c701;
000027f1 : c7c7c7c7;
000027f2 : c7c7dadb;
000027f3 : c7c7c7c7;
000027f4 : c7c7c7c7;
000027f5 : 525201c7;
000027f6 : 53131313;
000027f7 : 0a0a0a53;
000027f8 : c701010a;
000027f9 : dbc7c7c7;
000027fa : c7daedda;
000027fb : c7c7c7c7;
000027fc : c7c7c7c7;
000027fd : 0a0a0a01;
000027fe : 0101010a;
000027ff : 01010101;
00002800 : 010a0a0a;
00002801 : 01c7c7c7;
00002802 : c701eded;
00002803 : c7c7c7c7;
00002804 : 01c7c7c7;
00002805 : 010a0a0a;
00002806 : 2d2d2401;
00002807 : 246e6e6e;
00002808 : c701010a;
00002809 : c7c7c7c7;
0000280a : c7c70113;
0000280b : c7c7c7c7;
0000280c : 0a0101c7;
0000280d : 2401010a;
0000280e : 6e242d2d;
0000280f : 41226e22;
00002810 : c7c7c72d;
00002811 : c7c7c7c7;
00002812 : c7c70a13;
00002813 : c7c7c7c7;
00002814 : 010a1301;
00002815 : 6e242401;
00002816 : 6e6e242d;
00002817 : 416b6e6b;
00002818 : c7c7c72d;
00002819 : c7c7c7c7;
0000281a : c7c7010a;
0000281b : c7c7c7c7;
0000281c : 010101c7;
0000281d : 6e6e6e24;
0000281e : 6e6e246e;
0000281f : 416e6e6e;
00002820 : c7c7c7c7;
00002821 : 13c7c7c7;
00002822 : c7c7c701;
00002823 : c7c7c7c7;
00002824 : c7c7c7c7;
00002825 : 2d6e6e24;
00002826 : 6e6e246e;
00002827 : 416e6e6e;
00002828 : c7c7c7c7;
00002829 : 13ae4141;
0000282a : c7c7c701;
0000282b : c7c7c7c7;
0000282c : c7c7c7c7;
0000282d : 2d6e6e24;
0000282e : 652d6e41;
0000282f : c7416e6e;
00002830 : 4141c7c7;
00002831 : 13ae5393;
00002832 : c7c7c701;
00002833 : c7c7c7c7;
00002834 : 24c7c7c7;
00002835 : 412d2d6e;
00002836 : 536e0a93;
00002837 : 4193934a;
00002838 : 4a934141;
00002839 : 13664153;
0000283a : c7c7c701;
0000283b : c7c7c7c7;
0000283c : 24c7c7c7;
0000283d : 9341246e;
0000283e : 134a9353;
0000283f : 53934a53;
00002840 : 93534a53;
00002841 : 0113414a;
00002842 : c7c7c7c7;
00002843 : c7c7c7c7;
00002844 : 24c7c7c7;
00002845 : 9341246e;
00002846 : 4a935341;
00002847 : 4a4a5313;
00002848 : 414a5393;
00002849 : 01130041;
0000284a : c7c7c7c7;
0000284b : c7c7c7c7;
0000284c : 6e24c7c7;
0000284d : 9353412d;
0000284e : 9393534a;
0000284f : 4a530a4a;
00002850 : c7419353;
00002851 : 0113c7c7;
00002852 : c7c7c7c7;
00002853 : c7c7c7c7;
00002854 : c7c7c7c7;
00002855 : 93534100;
00002856 : 9353534a;
00002857 : 410a4a93;
00002858 : c7c7414a;
00002859 : 0a53c7c7;
0000285a : c7c7c7c7;
0000285b : c7c7c7c7;
0000285c : c7c7c7c7;
0000285d : 93535341;
0000285e : 53130a41;
0000285f : 01531353;
00002860 : c7c7414a;
00002861 : 0a53c7c7;
00002862 : c7c7c7c7;
00002863 : c7c7c7c7;
00002864 : c7c7c7c7;
00002865 : 414a4166;
00002866 : 130a1300;
00002867 : 01131353;
00002868 : c7c7c70a;
00002869 : 0a53c7c7;
0000286a : c7c7c7c7;
0000286b : c7c7c7c7;
0000286c : 66c7c7c7;
0000286d : c741ae66;
0000286e : 93934a00;
0000286f : 414a9393;
00002870 : c7c7c70a;
00002871 : 0113c7c7;
00002872 : c7c7c7c7;
00002873 : c7c7c7c7;
00002874 : c7c7c7c7;
00002875 : c7c7c75d;
00002876 : 93939341;
00002877 : 4a539393;
00002878 : c7c7c741;
00002879 : 0113c7c7;
0000287a : c7c7c7c7;
0000287b : c7c7c7c7;
0000287c : c7c7c7c7;
0000287d : 4a4a4100;
0000287e : 9393934a;
0000287f : 9393934a;
00002880 : c7c74153;
00002881 : 0a13c7c7;
00002882 : c7c7c7c7;
00002883 : c7c7c7c7;
00002884 : c7c7c7c7;
00002885 : 93934a41;
00002886 : 4a939393;
00002887 : 9393934a;
00002888 : c7c74153;
00002889 : 0153c7c7;
0000288a : c7c7c7c7;
0000288b : c7c7c7c7;
0000288c : c7c7c7c7;
0000288d : 93534a41;
0000288e : 4a535393;
0000288f : 4a934a4a;
00002890 : c7c74153;
00002891 : c7c7c7c7;
00002892 : c7c7c7c7;
00002893 : c7c7c7c7;
00002894 : c7c7c7c7;
00002895 : 53534a41;
00002896 : 4a4a4a53;
00002897 : 4a534a4a;
00002898 : c7c7414a;
00002899 : c7c7c7c7;
0000289a : c7c7c7c7;
0000289b : c7c7c7c7;
0000289c : 41c7c7c7;
0000289d : 414a4a4a;
0000289e : 41414149;
0000289f : 41414141;
000028a0 : c7c74241;
000028a1 : c7c7c7c7;
000028a2 : c7c7c7c7;
000028a3 : c7c7c7c7;
000028a4 : c7c7c7c7;
000028a5 : 41414141;
000028a6 : c70a1301;
000028a7 : 011301c7;
000028a8 : c7c7c7c7;
000028a9 : c7c7c7c7;
000028aa : c7c7c7c7;
000028ab : c7c7c7c7;
000028ac : c7c7c7c7;
000028ad : c7c7c7c7;
000028ae : 01535301;
000028af : 535301c7;
000028b0 : c7c7c701;
000028b1 : c7c7c7c7;
000028b2 : c7c7c7c7;
000028b3 : c7c7c7c7;
000028b4 : c7c7c7c7;
000028b5 : c7c7c7c7;
000028b6 : 0101010a;
000028b7 : 01010ac7;
000028b8 : c7c7c701;
000028b9 : c7c7c7c7;
000028ba : c7c7c7c7;
000028bb : c7c7c7c7;
000028bc : c7c7c7c7;
000028bd : c7c7c7c7;
000028be : c7c7c7c7;
000028bf : c7c7c7c7;
000028c0 : c7c7c7c7;
000028c1 : c7c7c7c7;
000028c2 : c7c7c7c7;
000028c3 : c7c7c7c7;
000028c4 : 01c7c7c7;
000028c5 : c7010101;
000028c6 : c7c7c7c7;
000028c7 : c7c7c7c7;
000028c8 : c7c7c7c7;
000028c9 : c7c7c7c7;
000028ca : c7c7c7c7;
000028cb : c7c7c7c7;
000028cc : 0a43c7c7;
000028cd : 010a0a0a;
000028ce : c7c7c7c7;
000028cf : c7c7c7c7;
000028d0 : c7c7c7c7;
000028d1 : c7c7c7c7;
000028d2 : c7c7c7c7;
000028d3 : c7c7c7c7;
000028d4 : 010a01c7;
000028d5 : 0a130a0a;
000028d6 : c7c70101;
000028d7 : c7c7c7c7;
000028d8 : c7c7c7c7;
000028d9 : c7c7c7c7;
000028da : c7c7c7c7;
000028db : c7c7c7c7;
000028dc : c70101c7;
000028dd : 130a0a01;
000028de : 01010a13;
000028df : c7c7c7c7;
000028e0 : c7c7c7c7;
000028e1 : c7c7c7c7;
000028e2 : c7c7c7c7;
000028e3 : c7c7c7c7;
000028e4 : c7c701c7;
000028e5 : 0a0a0a01;
000028e6 : 130a0a53;
000028e7 : c7c70101;
000028e8 : c7c7c7c7;
000028e9 : c7c7c7c7;
000028ea : c7c7edc7;
000028eb : c7c7c7c7;
000028ec : c7c7c7c7;
000028ed : 0a0a01c7;
000028ee : 1313130a;
000028ef : 01015252;
000028f0 : c7c7c701;
000028f1 : c7c7c7c7;
000028f2 : c7c7eded;
000028f3 : c7c7c7c7;
000028f4 : c7c7c7c7;
000028f5 : 525201c7;
000028f6 : 53131313;
000028f7 : 0a0a0a53;
000028f8 : c701010a;
000028f9 : edc7c7c7;
000028fa : c7ededed;
000028fb : c7c7c7c7;
000028fc : c7c7c7c7;
000028fd : 0a0a0a43;
000028fe : 0101010a;
000028ff : 01010101;
00002900 : 010a0a0a;
00002901 : 01c7c7c7;
00002902 : c701eded;
00002903 : c7c7c7c7;
00002904 : 01c7c7c7;
00002905 : 010a0a0a;
00002906 : 2d2d2401;
00002907 : 246e6e6e;
00002908 : c701010a;
00002909 : c7c7c7c7;
0000290a : c7c70113;
0000290b : c7c7c7c7;
0000290c : 0a0101c7;
0000290d : 2401010a;
0000290e : 6e242d2d;
0000290f : 41226e22;
00002910 : c7c7c72d;
00002911 : c7c7c7c7;
00002912 : c7c70a13;
00002913 : c7c7c7c7;
00002914 : 010a1301;
00002915 : 6e242401;
00002916 : 6e6e242d;
00002917 : 416b6e6b;
00002918 : c7c7c72d;
00002919 : c7c7c7c7;
0000291a : c7c7010a;
0000291b : c7c7c7c7;
0000291c : 010101c7;
0000291d : 6e6e6e24;
0000291e : 6e6e246e;
0000291f : 416e6e6e;
00002920 : c7c7c7c7;
00002921 : 13c7c7c7;
00002922 : c7c7c701;
00002923 : c7c7c7c7;
00002924 : c7c7c7c7;
00002925 : 2d6e6e24;
00002926 : 6e6e246e;
00002927 : 416e6e6e;
00002928 : c7c7c7c7;
00002929 : 13ae4141;
0000292a : c7c7c701;
0000292b : c7c7c7c7;
0000292c : c7c7c7c7;
0000292d : 2d6e6e24;
0000292e : 652d6e41;
0000292f : c7416e6e;
00002930 : 4141c7c7;
00002931 : 13ae5393;
00002932 : c7c7c701;
00002933 : c7c7c7c7;
00002934 : 24c7c7c7;
00002935 : 412d2d6e;
00002936 : 536e0a93;
00002937 : 4193934a;
00002938 : 4a934141;
00002939 : 13664153;
0000293a : c7c7c701;
0000293b : c7c7c7c7;
0000293c : 24c7c7c7;
0000293d : 9341246e;
0000293e : 134a9353;
0000293f : 53934a53;
00002940 : 93534a53;
00002941 : 0113414a;
00002942 : c7c7c7c7;
00002943 : c7c7c7c7;
00002944 : 2d24c7c7;
00002945 : 9341246e;
00002946 : 4a935341;
00002947 : 4a4a5313;
00002948 : 53415393;
00002949 : 0113414a;
0000294a : c7c7c7c7;
0000294b : c7c7c7c7;
0000294c : c72dc7c7;
0000294d : 935341c7;
0000294e : 9393534a;
0000294f : 4a530a4a;
00002950 : 41c74153;
00002951 : 0113c741;
00002952 : c7c7c7c7;
00002953 : c7c7c7c7;
00002954 : c7c7c7c7;
00002955 : 935341c7;
00002956 : 9353534a;
00002957 : 410a4a93;
00002958 : c7c7424a;
00002959 : 0a53c7c7;
0000295a : c7c7c7c7;
0000295b : c7c7c7c7;
0000295c : c7c7c7c7;
0000295d : 93534a41;
0000295e : 53130a41;
0000295f : 01531353;
00002960 : c7c7c741;
00002961 : 0a53c7c7;
00002962 : c7c7c7c7;
00002963 : c7c7c7c7;
00002964 : 41c7c7c7;
00002965 : 414a5353;
00002966 : 130a1300;
00002967 : 01131353;
00002968 : c7c7c70a;
00002969 : 0a53c7c7;
0000296a : c7c7c7c7;
0000296b : c7c7c7c7;
0000296c : 66c7c7c7;
0000296d : 00414a41;
0000296e : 93934a00;
0000296f : 414a9393;
00002970 : c7c7c70a;
00002971 : 0113c7c7;
00002972 : c7c7c7c7;
00002973 : c7c7c7c7;
00002974 : ae5dc7c7;
00002975 : 00004166;
00002976 : 93939341;
00002977 : 4a539393;
00002978 : c7c7c741;
00002979 : 0113c7c7;
0000297a : c7c7c7c7;
0000297b : c7c7c7c7;
0000297c : 5dc7c7c7;
0000297d : 4a4ac7c7;
0000297e : 9393934a;
0000297f : 9393934a;
00002980 : c7c74253;
00002981 : 0a13c7c7;
00002982 : c7c7c7c7;
00002983 : c7c7c7c7;
00002984 : c7c7c7c7;
00002985 : 93934ac7;
00002986 : 4a939393;
00002987 : 9393934a;
00002988 : c7c74153;
00002989 : 0153c7c7;
0000298a : c7c7c7c7;
0000298b : c7c7c7c7;
0000298c : c7c7c7c7;
0000298d : 93534a41;
0000298e : 4a535393;
0000298f : 4a934a4a;
00002990 : c7c74153;
00002991 : c7c7c7c7;
00002992 : c7c7c7c7;
00002993 : c7c7c7c7;
00002994 : 41c7c7c7;
00002995 : 53534a4a;
00002996 : 4a4a4a53;
00002997 : 4a534a4a;
00002998 : c7c7414a;
00002999 : c7c7c7c7;
0000299a : c7c7c7c7;
0000299b : c7c7c7c7;
0000299c : c7c7c7c7;
0000299d : 414a4a41;
0000299e : 41414149;
0000299f : 41414141;
000029a0 : c7c7c741;
000029a1 : c7c7c7c7;
000029a2 : c7c7c7c7;
000029a3 : c7c7c7c7;
000029a4 : c7c7c7c7;
000029a5 : 414141c7;
000029a6 : c70a1301;
000029a7 : 011301c7;
000029a8 : c7c7c7c7;
000029a9 : c7c7c7c7;
000029aa : c7c7c7c7;
000029ab : c7c7c7c7;
000029ac : c7c7c7c7;
000029ad : c7c7c7c7;
000029ae : 01535301;
000029af : 535301c7;
000029b0 : c7c7c701;
000029b1 : c7c7c7c7;
000029b2 : c7c7c7c7;
000029b3 : c7c7c7c7;
000029b4 : c7c7c7c7;
000029b5 : c7c7c7c7;
000029b6 : 0101010a;
000029b7 : 01010ac7;
000029b8 : c7c7c701;
000029b9 : c7c7c7c7;
000029ba : c7c7c7c7;
000029bb : c7c7c7c7;
000029bc : c7c7c7c7;
000029bd : c7c7c7c7;
000029be : c7c7c7c7;
000029bf : c7c7c7c7;
000029c0 : c7c7c7c7;
000029c1 : c7c7c7c7;
000029c2 : c7c7c7c7;
000029c3 : c7c7c7c7;
000029c4 : 01c7c7c7;
000029c5 : c7010101;
000029c6 : c7c7c7c7;
000029c7 : c7c7c7c7;
000029c8 : c7c7c7c7;
000029c9 : c7c7c7c7;
000029ca : c7c7c7c7;
000029cb : c7c7c7c7;
000029cc : 0a01c7c7;
000029cd : 010a0a0a;
000029ce : c7c7c7c7;
000029cf : c7c7c7c7;
000029d0 : c7c7c7c7;
000029d1 : c7c7c7c7;
000029d2 : c7c7edc7;
000029d3 : c7c7c7c7;
000029d4 : 010a01c7;
000029d5 : 0a130a0a;
000029d6 : c7c70101;
000029d7 : c7c7c7c7;
000029d8 : c7c7c7c7;
000029d9 : c7c7c7c7;
000029da : c7c7c7c7;
000029db : c7c7c7c7;
000029dc : c70101c7;
000029dd : 130a0a01;
000029de : 01010a13;
000029df : c7c7c7c7;
000029e0 : c7c7c7c7;
000029e1 : a3c7c7c7;
000029e2 : c7c7c7c7;
000029e3 : c7c7c7c7;
000029e4 : c7c701c7;
000029e5 : 0a0a0a01;
000029e6 : 130a0a53;
000029e7 : c7c70101;
000029e8 : c7c7c7c7;
000029e9 : c7edc7c7;
000029ea : a3c7edc7;
000029eb : c7c7c7c7;
000029ec : c7c7c7c7;
000029ed : 0a0a01c7;
000029ee : 1313130a;
000029ef : 01015252;
000029f0 : c7c7c701;
000029f1 : c7c7c7c7;
000029f2 : c7c7eded;
000029f3 : c7c7c7c7;
000029f4 : c7c7c7c7;
000029f5 : 525201c7;
000029f6 : 53131313;
000029f7 : 0a0a0a53;
000029f8 : c701010a;
000029f9 : edc7c7c7;
000029fa : c7eda3ed;
000029fb : c7c7c7c7;
000029fc : c7c7c7c7;
000029fd : 0a0a0a01;
000029fe : 0101010a;
000029ff : 01010101;
00002a00 : 010a0a0a;
00002a01 : 01c7edc7;
00002a02 : c701a3a3;
00002a03 : c7c7c7c7;
00002a04 : 01c7c7c7;
00002a05 : 010a0a0a;
00002a06 : 2d2d2401;
00002a07 : 246e6e6e;
00002a08 : c701010a;
00002a09 : c7a3c7c7;
00002a0a : c7c70113;
00002a0b : c7c7c7c7;
00002a0c : 0a0101c7;
00002a0d : 2401010a;
00002a0e : 6e242d2d;
00002a0f : 41226e22;
00002a10 : c7c7c72d;
00002a11 : c7c7c7c7;
00002a12 : c7c70a13;
00002a13 : c7c7c7c7;
00002a14 : 010a1301;
00002a15 : 6e242401;
00002a16 : 6e6e242d;
00002a17 : 416b6e6b;
00002a18 : c7c7c72d;
00002a19 : c7c7c7c7;
00002a1a : edc7010a;
00002a1b : c7c7c7c7;
00002a1c : 010101c7;
00002a1d : 6e6e6e24;
00002a1e : 6e6e246e;
00002a1f : 416e6e6e;
00002a20 : c7c7c7c7;
00002a21 : 13c7c7c7;
00002a22 : c7c7c701;
00002a23 : c7c7c7c7;
00002a24 : c7c7c7c7;
00002a25 : 2d6e6e24;
00002a26 : 6e6e246e;
00002a27 : 416e6e6e;
00002a28 : c7c7c7c7;
00002a29 : 13ae4141;
00002a2a : c7c7c701;
00002a2b : c7c7c7c7;
00002a2c : 24c7c7c7;
00002a2d : 2d6e6e24;
00002a2e : 652d6e41;
00002a2f : c7416e6e;
00002a30 : 4141c7c7;
00002a31 : 13ae5393;
00002a32 : c7c7c701;
00002a33 : c7c7c7c7;
00002a34 : 6e2424c7;
00002a35 : 41c72d6e;
00002a36 : 536e0a93;
00002a37 : 4193934a;
00002a38 : 4a934141;
00002a39 : 13664153;
00002a3a : c7c7c701;
00002a3b : c7c7c7c7;
00002a3c : 2d6e24c7;
00002a3d : 9341c76e;
00002a3e : 134a9353;
00002a3f : 53934a53;
00002a40 : 93534a53;
00002a41 : 0113414a;
00002a42 : c7c7c7c7;
00002a43 : c7c7c7c7;
00002a44 : c72d2d24;
00002a45 : 939341c7;
00002a46 : 4a935341;
00002a47 : 4a4a5313;
00002a48 : 53415393;
00002a49 : 0113414a;
00002a4a : c7c7c7c7;
00002a4b : c7c7c7c7;
00002a4c : c76ec7c7;
00002a4d : 53939341;
00002a4e : 9393534a;
00002a4f : 4a530a4a;
00002a50 : 41c74153;
00002a51 : 0113c741;
00002a52 : c7c7c7c7;
00002a53 : c7c7c7c7;
00002a54 : 41c7c7c7;
00002a55 : 41539353;
00002a56 : 9353534a;
00002a57 : 410a4a93;
00002a58 : c7c7414a;
00002a59 : 0a53c7c7;
00002a5a : c7c7c7c7;
00002a5b : c7c7c7c7;
00002a5c : 66c7c7c7;
00002a5d : c7415341;
00002a5e : 53130a41;
00002a5f : 01531353;
00002a60 : c7c7c741;
00002a61 : 0a53c7c7;
00002a62 : c7c7c7c7;
00002a63 : c7c7c7c7;
00002a64 : ae66c7c7;
00002a65 : c7c7415d;
00002a66 : 130a13c7;
00002a67 : 01131353;
00002a68 : c7c7c70a;
00002a69 : 0a53c7c7;
00002a6a : c7c7c7c7;
00002a6b : c7c7c7c7;
00002a6c : 5d5dc7c7;
00002a6d : c7c7c7c7;
00002a6e : 93934ac7;
00002a6f : 414a5393;
00002a70 : c7c7c70a;
00002a71 : 0113c7c7;
00002a72 : c7c7c7c7;
00002a73 : c7c7c7c7;
00002a74 : c7c7c7c7;
00002a75 : c7c7c7c7;
00002a76 : 93939341;
00002a77 : 4a535353;
00002a78 : c7c7c741;
00002a79 : 0113c7c7;
00002a7a : c7c7c7c7;
00002a7b : c7c7c7c7;
00002a7c : c7c7c7c7;
00002a7d : 4a4a41c7;
00002a7e : 5393934a;
00002a7f : 9393534a;
00002a80 : c7c74153;
00002a81 : 0a13c7c7;
00002a82 : c7c7c7c7;
00002a83 : c7c7c7c7;
00002a84 : 41c7c7c7;
00002a85 : 4a534a41;
00002a86 : 4a539393;
00002a87 : 4a935349;
00002a88 : c7c74153;
00002a89 : 0153c7c7;
00002a8a : c7c7c7c7;
00002a8b : c7c7c7c7;
00002a8c : 4a41c7c7;
00002a8d : 534a4a4a;
00002a8e : 4a535353;
00002a8f : 4a534a49;
00002a90 : c7c74153;
00002a91 : c7c7c7c7;
00002a92 : c7c7c7c7;
00002a93 : c7c7c7c7;
00002a94 : 41c7c7c7;
00002a95 : 4a4a4a49;
00002a96 : 494a4a4a;
00002a97 : 4a4a4a49;
00002a98 : c7c7414a;
00002a99 : c7c7c7c7;
00002a9a : c7c7c7c7;
00002a9b : c7c7c7c7;
00002a9c : c7c7c7c7;
00002a9d : 41414141;
00002a9e : 41414149;
00002a9f : 41414141;
00002aa0 : c7c7c741;
00002aa1 : c7c7c7c7;
00002aa2 : c7c7c7c7;
00002aa3 : c7c7c7c7;
00002aa4 : c7c7c7c7;
00002aa5 : c7c7c7c7;
00002aa6 : c70a1301;
00002aa7 : 011301c7;
00002aa8 : c7c7c7c7;
00002aa9 : c7c7c7c7;
00002aaa : c7c7c7c7;
00002aab : c7c7c7c7;
00002aac : c7c7c7c7;
00002aad : c7c7c7c7;
00002aae : 01535301;
00002aaf : 535301c7;
00002ab0 : c7c7c701;
00002ab1 : c7c7c7c7;
00002ab2 : c7c7c7c7;
00002ab3 : c7c7c7c7;
00002ab4 : c7c7c7c7;
00002ab5 : c7c7c7c7;
00002ab6 : 0101010a;
00002ab7 : 01010ac7;
00002ab8 : c7c7c701;
00002ab9 : c7c7c7c7;
00002aba : c7c7c7c7;
00002abb : c7c7c7c7;
00002abc : c7c7c7c7;
00002abd : c7c7c7c7;
00002abe : c7c7c7c7;
00002abf : c7c7c7c7;
00002ac0 : c7c7c7c7;
00002ac1 : c7c7c7c7;
00002ac2 : c7c7c7c7;
00002ac3 : c7c7c7c7;
00002ac4 : 01c7c7c7;
00002ac5 : c7010101;
00002ac6 : c7c7c7c7;
00002ac7 : c7c7c7c7;
00002ac8 : c7c7c7c7;
00002ac9 : c7c7c7c7;
00002aca : c7c7c7c7;
00002acb : c7c7c7c7;
00002acc : 0a01c7c7;
00002acd : 430a0a0a;
00002ace : c7c7c7c7;
00002acf : c7c7c7c7;
00002ad0 : c7c7c7c7;
00002ad1 : c7c7c7c7;
00002ad2 : c7c7edc7;
00002ad3 : c7c7c7c7;
00002ad4 : 010a01c7;
00002ad5 : 0a130a0a;
00002ad6 : c7c70101;
00002ad7 : c7c7c7c7;
00002ad8 : c7c7c7c7;
00002ad9 : c7c7c7c7;
00002ada : c7c7c7c7;
00002adb : c7c7c7c7;
00002adc : c70101c7;
00002add : 130a0a01;
00002ade : 01010a13;
00002adf : c7c7c7c7;
00002ae0 : c7c7c7c7;
00002ae1 : a3c7c7c7;
00002ae2 : c7c7c7c7;
00002ae3 : c7c7c7c7;
00002ae4 : c7c701c7;
00002ae5 : 0a0a0a01;
00002ae6 : 130a0a53;
00002ae7 : c7c74301;
00002ae8 : c7c7c7c7;
00002ae9 : c7edc7c7;
00002aea : a3c7edc7;
00002aeb : c7c7c7c7;
00002aec : c7c7c7c7;
00002aed : 0a0a01c7;
00002aee : 1313130a;
00002aef : 01015252;
00002af0 : c7c7c743;
00002af1 : c7c7c7c7;
00002af2 : c7c7eded;
00002af3 : c7c7c7c7;
00002af4 : c7c7c7c7;
00002af5 : 525201c7;
00002af6 : 53131313;
00002af7 : 0a0a0a53;
00002af8 : c743010a;
00002af9 : edc7c7c7;
00002afa : c7eda3ed;
00002afb : c7c7c7c7;
00002afc : c7c7c7c7;
00002afd : 0a0a0a01;
00002afe : 0101010a;
00002aff : 01010101;
00002b00 : 010a0a0a;
00002b01 : 01c7edc7;
00002b02 : c701a3a3;
00002b03 : c7c7c7c7;
00002b04 : 01c7c7c7;
00002b05 : 010a0a0a;
00002b06 : 2d2d2401;
00002b07 : 246e6e6e;
00002b08 : c701010a;
00002b09 : c7a3c7c7;
00002b0a : c7c70113;
00002b0b : c7c7c7c7;
00002b0c : 0a0101c7;
00002b0d : 2401010a;
00002b0e : 6e242d2d;
00002b0f : 41226e22;
00002b10 : c7c7c72d;
00002b11 : c7c7c7c7;
00002b12 : c7c70a13;
00002b13 : c7c7c7c7;
00002b14 : 010a1301;
00002b15 : 6e242401;
00002b16 : 6e6e242d;
00002b17 : 416b6e6b;
00002b18 : c7c7c72d;
00002b19 : c7c7c7c7;
00002b1a : edc7010a;
00002b1b : c7c7c7c7;
00002b1c : 010101c7;
00002b1d : 6e6e6e24;
00002b1e : 6e6e246e;
00002b1f : 416e6e6e;
00002b20 : c7c7c7c7;
00002b21 : 13c7c7c7;
00002b22 : c7c7c701;
00002b23 : c7c7c7c7;
00002b24 : c7c7c7c7;
00002b25 : 2d6e6e24;
00002b26 : 6e6e246e;
00002b27 : 416e6e6e;
00002b28 : c7c7c7c7;
00002b29 : 13ae4141;
00002b2a : c7c7c701;
00002b2b : c7c7c7c7;
00002b2c : 24c7c7c7;
00002b2d : 2d6e6e24;
00002b2e : 652d6e41;
00002b2f : c7416e6e;
00002b30 : 4141c7c7;
00002b31 : 13ae5393;
00002b32 : c7c7c701;
00002b33 : c7c7c7c7;
00002b34 : 6e2424c7;
00002b35 : 41c72d6e;
00002b36 : 536e0a93;
00002b37 : 4193934a;
00002b38 : 4a934141;
00002b39 : 13664153;
00002b3a : c7c7c701;
00002b3b : c7c7c7c7;
00002b3c : 2d6e24c7;
00002b3d : 9341c76e;
00002b3e : 134a9353;
00002b3f : 53934a53;
00002b40 : 93534a53;
00002b41 : 0113414a;
00002b42 : c7c7c7c7;
00002b43 : c7c7c7c7;
00002b44 : c72d2d24;
00002b45 : 939341c7;
00002b46 : 4a935341;
00002b47 : 4a4a5313;
00002b48 : 53415393;
00002b49 : 0113414a;
00002b4a : c7c7c7c7;
00002b4b : c7c7c7c7;
00002b4c : c76ec7c7;
00002b4d : 53939341;
00002b4e : 9393534a;
00002b4f : 4a530a4a;
00002b50 : 41c74153;
00002b51 : 0113c741;
00002b52 : c7c7c7c7;
00002b53 : c7c7c7c7;
00002b54 : 41c7c7c7;
00002b55 : 41539353;
00002b56 : 9353534a;
00002b57 : 410a4a93;
00002b58 : c7c7414a;
00002b59 : 0a53c7c7;
00002b5a : c7c7c7c7;
00002b5b : c7c7c7c7;
00002b5c : 66c7c7c7;
00002b5d : c7415341;
00002b5e : 53130a41;
00002b5f : 01531353;
00002b60 : c7c7c741;
00002b61 : 0a53c7c7;
00002b62 : c7c7c7c7;
00002b63 : c7c7c7c7;
00002b64 : ae96c7c7;
00002b65 : c7c7415d;
00002b66 : 130a13c7;
00002b67 : 01131353;
00002b68 : c7c7c70a;
00002b69 : 0a53c7c7;
00002b6a : c7c7c7c7;
00002b6b : c7c7c7c7;
00002b6c : 5d8ec7c7;
00002b6d : c7c7c7c7;
00002b6e : 93934ac7;
00002b6f : 414a5393;
00002b70 : c7c7c70a;
00002b71 : 0113c7c7;
00002b72 : c7c7c7c7;
00002b73 : c7c7c7c7;
00002b74 : c7c7c7c7;
00002b75 : c7c7c7c7;
00002b76 : 93939341;
00002b77 : 4a535353;
00002b78 : c7c7c741;
00002b79 : 0113c7c7;
00002b7a : c7c7c7c7;
00002b7b : c7c7c7c7;
00002b7c : c7c7c7c7;
00002b7d : 4a4a41c7;
00002b7e : 5393934a;
00002b7f : 9393534a;
00002b80 : c7c74153;
00002b81 : 0a13c7c7;
00002b82 : c7c7c7c7;
00002b83 : c7c7c7c7;
00002b84 : 41c7c7c7;
00002b85 : 4a534a41;
00002b86 : 4a539393;
00002b87 : 4a935349;
00002b88 : c7c74153;
00002b89 : 0153c7c7;
00002b8a : c7c7c7c7;
00002b8b : c7c7c7c7;
00002b8c : 4a41c7c7;
00002b8d : 534a4a4a;
00002b8e : 4a535353;
00002b8f : 4a534a49;
00002b90 : c7c74153;
00002b91 : c7c7c7c7;
00002b92 : c7c7c7c7;
00002b93 : c7c7c7c7;
00002b94 : 41c7c7c7;
00002b95 : 4a4a4a49;
00002b96 : 494a4a4a;
00002b97 : 4a4a4a49;
00002b98 : c7c7414a;
00002b99 : c7c7c7c7;
00002b9a : c7c7c7c7;
00002b9b : c7c7c7c7;
00002b9c : c7c7c7c7;
00002b9d : 41414141;
00002b9e : 41414149;
00002b9f : 41414141;
00002ba0 : c7c7c741;
00002ba1 : c7c7c7c7;
00002ba2 : c7c7c7c7;
00002ba3 : c7c7c7c7;
00002ba4 : c7c7c7c7;
00002ba5 : c7c7c7c7;
00002ba6 : c70a1301;
00002ba7 : 011301c7;
00002ba8 : c7c7c7c7;
00002ba9 : c7c7c7c7;
00002baa : c7c7c7c7;
00002bab : c7c7c7c7;
00002bac : c7c7c7c7;
00002bad : c7c7c7c7;
00002bae : 01535301;
00002baf : 535301c7;
00002bb0 : c7c7c701;
00002bb1 : c7c7c7c7;
00002bb2 : c7c7c7c7;
00002bb3 : c7c7c7c7;
00002bb4 : c7c7c7c7;
00002bb5 : c7c7c7c7;
00002bb6 : 0101010a;
00002bb7 : 01010ac7;
00002bb8 : c7c7c701;
00002bb9 : c7c7c7c7;
00002bba : c7c7c7c7;
00002bbb : c7c7c7c7;
00002bbc : c7c7c7c7;
00002bbd : c7c7c7c7;
00002bbe : c7c7c7c7;
00002bbf : c7c7c7c7;
00002bc0 : c7c7c7c7;
00002bc1 : c7c7c7c7;
00002bc2 : c7c7c7c7;
00002bc3 : c7c7c7c7;
00002bc4 : 01c7c7c7;
00002bc5 : c7010101;
00002bc6 : c7c7c7c7;
00002bc7 : c7c7c7c7;
00002bc8 : c7c7c7c7;
00002bc9 : c7c7c7c7;
00002bca : c7c7c7c7;
00002bcb : c7c7c7c7;
00002bcc : 0a01c7c7;
00002bcd : 010a0a0a;
00002bce : c7c7c7c7;
00002bcf : c7c7c7c7;
00002bd0 : c7c7c7c7;
00002bd1 : c7c7c7c7;
00002bd2 : c7c7c7c7;
00002bd3 : c7c7c7c7;
00002bd4 : 010a01c7;
00002bd5 : 0a130a0a;
00002bd6 : c7c70101;
00002bd7 : c7c7c7c7;
00002bd8 : c7c7c7c7;
00002bd9 : c7c7c7c7;
00002bda : c7c7c7c7;
00002bdb : c7c7c7c7;
00002bdc : c70101c7;
00002bdd : 130a0a01;
00002bde : 01010a13;
00002bdf : c7c7c7c7;
00002be0 : c7c7c7c7;
00002be1 : c7c7c7c7;
00002be2 : c7c7c7c7;
00002be3 : c7c7c7c7;
00002be4 : c7c701c7;
00002be5 : 0a0a0a01;
00002be6 : 130a0a53;
00002be7 : c7c70101;
00002be8 : c7c7c7c7;
00002be9 : c7c7c7c7;
00002bea : c7c7edc7;
00002beb : c7c7c7c7;
00002bec : c7c7c7c7;
00002bed : 0a0a01c7;
00002bee : 1313130a;
00002bef : 01015252;
00002bf0 : c7c7c701;
00002bf1 : c7c7c7c7;
00002bf2 : c7c7eded;
00002bf3 : c7c7c7c7;
00002bf4 : c7c7c7c7;
00002bf5 : 525201c7;
00002bf6 : 53131313;
00002bf7 : 0a0a0a53;
00002bf8 : c701010a;
00002bf9 : edc7c7c7;
00002bfa : c7ededed;
00002bfb : c7c7c7c7;
00002bfc : c7c7c7c7;
00002bfd : 0a0a0a01;
00002bfe : 0101010a;
00002bff : 01010101;
00002c00 : 010a0a0a;
00002c01 : 01c7c7c7;
00002c02 : c701eded;
00002c03 : c7c7c7c7;
00002c04 : 01c7c7c7;
00002c05 : 010a0a0a;
00002c06 : 2d2d2401;
00002c07 : 246e6e6e;
00002c08 : c701010a;
00002c09 : c7c7c7c7;
00002c0a : c7c70113;
00002c0b : c7c7c7c7;
00002c0c : 0a0101c7;
00002c0d : 2401010a;
00002c0e : 6e242d2d;
00002c0f : 41226e22;
00002c10 : c7c7c72d;
00002c11 : c7c7c7c7;
00002c12 : c7c70a13;
00002c13 : c7c7c7c7;
00002c14 : 010a1301;
00002c15 : 6e242401;
00002c16 : 6e6e242d;
00002c17 : 416b6e6b;
00002c18 : c7c7c72d;
00002c19 : c7c7c7c7;
00002c1a : c7c7010a;
00002c1b : c7c7c7c7;
00002c1c : 010101c7;
00002c1d : 6e6e6e24;
00002c1e : 6e6e246e;
00002c1f : 416e6e6e;
00002c20 : c7c7c7c7;
00002c21 : 13c7c7c7;
00002c22 : c7c7c701;
00002c23 : c7c7c7c7;
00002c24 : c7c7c7c7;
00002c25 : 2d6e6e24;
00002c26 : 6e6e246e;
00002c27 : 416e6e6e;
00002c28 : c7c7c7c7;
00002c29 : 13ae4141;
00002c2a : c7c7c701;
00002c2b : c7c7c7c7;
00002c2c : c7c7c7c7;
00002c2d : 2d6e6e24;
00002c2e : 652d6e41;
00002c2f : c7416e6e;
00002c30 : 4141c7c7;
00002c31 : 13ae5393;
00002c32 : c7c7c701;
00002c33 : c7c7c7c7;
00002c34 : 24c7c7c7;
00002c35 : 412d2d6e;
00002c36 : 536e0a93;
00002c37 : 4193934a;
00002c38 : 4a934141;
00002c39 : 13664153;
00002c3a : c7c7c701;
00002c3b : c7c7c7c7;
00002c3c : 24c7c7c7;
00002c3d : 9341246e;
00002c3e : 134a9353;
00002c3f : 53934a53;
00002c40 : 93534a53;
00002c41 : 0113414a;
00002c42 : c7c7c7c7;
00002c43 : c7c7c7c7;
00002c44 : 2d24c7c7;
00002c45 : 9341246e;
00002c46 : 4a935341;
00002c47 : 4a4a5313;
00002c48 : 53415393;
00002c49 : 0113414a;
00002c4a : c7c7c7c7;
00002c4b : c7c7c7c7;
00002c4c : c72dc7c7;
00002c4d : 935341c7;
00002c4e : 9393534a;
00002c4f : 4a530a4a;
00002c50 : 41c74153;
00002c51 : 0113c741;
00002c52 : c7c7c7c7;
00002c53 : c7c7c7c7;
00002c54 : c7c7c7c7;
00002c55 : 935341c7;
00002c56 : 9353534a;
00002c57 : 410a4a93;
00002c58 : c7c7414a;
00002c59 : 0a53c7c7;
00002c5a : c7c7c7c7;
00002c5b : c7c7c7c7;
00002c5c : c7c7c7c7;
00002c5d : 93534a41;
00002c5e : 53130a41;
00002c5f : 01531353;
00002c60 : c7c7c741;
00002c61 : 0a53c7c7;
00002c62 : c7c7c7c7;
00002c63 : c7c7c7c7;
00002c64 : 41c7c7c7;
00002c65 : 414a5353;
00002c66 : 130a13c7;
00002c67 : 01131353;
00002c68 : c7c7c70a;
00002c69 : 0a53c7c7;
00002c6a : c7c7c7c7;
00002c6b : c7c7c7c7;
00002c6c : 66c7c7c7;
00002c6d : c7414a41;
00002c6e : 93934ac7;
00002c6f : 414a9393;
00002c70 : c7c7c70a;
00002c71 : 0113c7c7;
00002c72 : c7c7c7c7;
00002c73 : c7c7c7c7;
00002c74 : ae8ec7c7;
00002c75 : c7c74166;
00002c76 : 93939341;
00002c77 : 4a539393;
00002c78 : c7c7c741;
00002c79 : 0113c7c7;
00002c7a : c7c7c7c7;
00002c7b : c7c7c7c7;
00002c7c : 5dc7c7c7;
00002c7d : 4a4ac7c7;
00002c7e : 9393934a;
00002c7f : 9393934a;
00002c80 : c7c74153;
00002c81 : 0a13c7c7;
00002c82 : c7c7c7c7;
00002c83 : c7c7c7c7;
00002c84 : c7c7c7c7;
00002c85 : 93934ac7;
00002c86 : 4a939393;
00002c87 : 9393934a;
00002c88 : c7c74153;
00002c89 : 0153c7c7;
00002c8a : c7c7c7c7;
00002c8b : c7c7c7c7;
00002c8c : c7c7c7c7;
00002c8d : 93534a41;
00002c8e : 4a535393;
00002c8f : 4a934a4a;
00002c90 : c7c74153;
00002c91 : c7c7c7c7;
00002c92 : c7c7c7c7;
00002c93 : c7c7c7c7;
00002c94 : 41c7c7c7;
00002c95 : 53534a4a;
00002c96 : 4a4a4a53;
00002c97 : 4a534a4a;
00002c98 : c7c7414a;
00002c99 : c7c7c7c7;
00002c9a : c7c7c7c7;
00002c9b : c7c7c7c7;
00002c9c : c7c7c7c7;
00002c9d : 414a4a41;
00002c9e : 41414149;
00002c9f : 41414141;
00002ca0 : c7c7c741;
00002ca1 : c7c7c7c7;
00002ca2 : c7c7c7c7;
00002ca3 : c7c7c7c7;
00002ca4 : c7c7c7c7;
00002ca5 : 414141c7;
00002ca6 : c70a1301;
00002ca7 : 011301c7;
00002ca8 : c7c7c7c7;
00002ca9 : c7c7c7c7;
00002caa : c7c7c7c7;
00002cab : c7c7c7c7;
00002cac : c7c7c7c7;
00002cad : c7c7c7c7;
00002cae : 01535301;
00002caf : 535301c7;
00002cb0 : c7c7c701;
00002cb1 : c7c7c7c7;
00002cb2 : c7c7c7c7;
00002cb3 : c7c7c7c7;
00002cb4 : c7c7c7c7;
00002cb5 : c7c7c7c7;
00002cb6 : 0101010a;
00002cb7 : 01010ac7;
00002cb8 : c7c7c701;
00002cb9 : c7c7c7c7;
00002cba : c7c7c7c7;
00002cbb : c7c7c7c7;
00002cbc : c7c7c7c7;
00002cbd : c7c7c7c7;
00002cbe : c7c7c7c7;
00002cbf : c7c7c7c7;
00002cc0 : c7c7c7c7;
00002cc1 : c7c7c7c7;
00002cc2 : c7c7c7c7;
00002cc3 : c7c7c7c7;
00002cc4 : 01c7c7c7;
00002cc5 : c7010101;
00002cc6 : c7c7c7c7;
00002cc7 : c7c7c7c7;
00002cc8 : c7c7c7c7;
00002cc9 : c7c7c7c7;
00002cca : c7c7c7c7;
00002ccb : c7c7c7c7;
00002ccc : 0a01c7c7;
00002ccd : 010a0a0a;
00002cce : c7c7c7c7;
00002ccf : c7c7c7c7;
00002cd0 : c7c7c7c7;
00002cd1 : c7c7c7c7;
00002cd2 : c7c7c7c7;
00002cd3 : c7c7c7c7;
00002cd4 : 010a01c7;
00002cd5 : 0a130a0a;
00002cd6 : c7c70101;
00002cd7 : c7c7c7c7;
00002cd8 : c7c7c7c7;
00002cd9 : c7c7c7c7;
00002cda : c7c7c7c7;
00002cdb : c7c7c7c7;
00002cdc : c70101c7;
00002cdd : 130a0a01;
00002cde : 01010a13;
00002cdf : c7c7c7c7;
00002ce0 : c7c7c7c7;
00002ce1 : c7c7c7c7;
00002ce2 : c7c7c7c7;
00002ce3 : c7c7c7c7;
00002ce4 : c7c701c7;
00002ce5 : 0a0a0a01;
00002ce6 : 130a0a53;
00002ce7 : c7c70101;
00002ce8 : c7c7c7c7;
00002ce9 : c7c7c7c7;
00002cea : c7c7dac7;
00002ceb : c7c7c7c7;
00002cec : c7c7c7c7;
00002ced : 0a0a01c7;
00002cee : 1313130a;
00002cef : 01015252;
00002cf0 : c7c7c701;
00002cf1 : c7c7c7c7;
00002cf2 : c7c7dada;
00002cf3 : c7c7c7c7;
00002cf4 : c7c7c7c7;
00002cf5 : 525201c7;
00002cf6 : 53131313;
00002cf7 : 0a0a0a53;
00002cf8 : c701010a;
00002cf9 : dac7c7c7;
00002cfa : c7daedda;
00002cfb : c7c7c7c7;
00002cfc : c7c7c7c7;
00002cfd : 0a0a0a01;
00002cfe : 0101010a;
00002cff : 01010101;
00002d00 : 010a0a0a;
00002d01 : 01c7c7c7;
00002d02 : c701eded;
00002d03 : c7c7c7c7;
00002d04 : 01c7c7c7;
00002d05 : 010a0a0a;
00002d06 : 2d2d2401;
00002d07 : 246e6e6e;
00002d08 : c701010a;
00002d09 : c7c7c7c7;
00002d0a : c7c70113;
00002d0b : c7c7c7c7;
00002d0c : 0a0101c7;
00002d0d : 2401010a;
00002d0e : 6e242d2d;
00002d0f : 41226e22;
00002d10 : c7c7c72d;
00002d11 : c7c7c7c7;
00002d12 : c7c70a13;
00002d13 : c7c7c7c7;
00002d14 : 010a1301;
00002d15 : 6e242401;
00002d16 : 6e6e242d;
00002d17 : 416b6e6b;
00002d18 : c7c7c72d;
00002d19 : c7c7c7c7;
00002d1a : c7c7010a;
00002d1b : c7c7c7c7;
00002d1c : 010101c7;
00002d1d : 6e6e6e24;
00002d1e : 6e6e246e;
00002d1f : 416e6e6e;
00002d20 : c7c7c7c7;
00002d21 : 13c7c7c7;
00002d22 : c7c7c701;
00002d23 : c7c7c7c7;
00002d24 : c7c7c7c7;
00002d25 : 2d6e6e24;
00002d26 : 6e6e246e;
00002d27 : 416e6e6e;
00002d28 : c7c7c7c7;
00002d29 : 13ae4141;
00002d2a : c7c7c701;
00002d2b : c7c7c7c7;
00002d2c : c7c7c7c7;
00002d2d : 2d6e6e24;
00002d2e : 652d6e41;
00002d2f : c7416e6e;
00002d30 : 4141c7c7;
00002d31 : 13ae5393;
00002d32 : c7c7c701;
00002d33 : c7c7c7c7;
00002d34 : 24c7c7c7;
00002d35 : 412d2d6e;
00002d36 : 536e0a93;
00002d37 : 4193934a;
00002d38 : 4a934141;
00002d39 : 13664153;
00002d3a : c7c7c701;
00002d3b : c7c7c7c7;
00002d3c : 24c7c7c7;
00002d3d : 9341246e;
00002d3e : 134a9353;
00002d3f : 53934a53;
00002d40 : 93534a53;
00002d41 : 0113414a;
00002d42 : c7c7c7c7;
00002d43 : c7c7c7c7;
00002d44 : 24c7c7c7;
00002d45 : 9341246e;
00002d46 : 4a935341;
00002d47 : 4a4a5313;
00002d48 : 414a5393;
00002d49 : 0113c741;
00002d4a : c7c7c7c7;
00002d4b : c7c7c7c7;
00002d4c : 6e24c7c7;
00002d4d : 9353412d;
00002d4e : 9393534a;
00002d4f : 4a530a4a;
00002d50 : c7419353;
00002d51 : 0113c7c7;
00002d52 : c7c7c7c7;
00002d53 : c7c7c7c7;
00002d54 : c7c7c7c7;
00002d55 : 935341c7;
00002d56 : 9353534a;
00002d57 : 410a4a93;
00002d58 : c7c7414a;
00002d59 : 0a53c7c7;
00002d5a : c7c7c7c7;
00002d5b : c7c7c7c7;
00002d5c : c7c7c7c7;
00002d5d : 93535341;
00002d5e : 53130a41;
00002d5f : 01531353;
00002d60 : c7c7414a;
00002d61 : 0a53c7c7;
00002d62 : c7c7c7c7;
00002d63 : c7c7c7c7;
00002d64 : c7c7c7c7;
00002d65 : 414a4166;
00002d66 : 130a13c7;
00002d67 : 01131353;
00002d68 : c7c7c70a;
00002d69 : 0a53c7c7;
00002d6a : c7c7c7c7;
00002d6b : c7c7c7c7;
00002d6c : 66c7c7c7;
00002d6d : c741ae66;
00002d6e : 93934ac7;
00002d6f : 414a9393;
00002d70 : c7c7c70a;
00002d71 : 0113c7c7;
00002d72 : c7c7c7c7;
00002d73 : c7c7c7c7;
00002d74 : c7c7c7c7;
00002d75 : c7c7c75d;
00002d76 : 93939341;
00002d77 : 4a539393;
00002d78 : c7c7c741;
00002d79 : 0113c7c7;
00002d7a : c7c7c7c7;
00002d7b : c7c7c7c7;
00002d7c : c7c7c7c7;
00002d7d : 4a4a4100;
00002d7e : 9393934a;
00002d7f : 9393934a;
00002d80 : c7c74153;
00002d81 : 0a13c7c7;
00002d82 : c7c7c7c7;
00002d83 : c7c7c7c7;
00002d84 : c7c7c7c7;
00002d85 : 93934a41;
00002d86 : 4a939393;
00002d87 : 9393934a;
00002d88 : c7c74153;
00002d89 : 0153c7c7;
00002d8a : c7c7c7c7;
00002d8b : c7c7c7c7;
00002d8c : c7c7c7c7;
00002d8d : 93534a41;
00002d8e : 4a535393;
00002d8f : 4a934a4a;
00002d90 : c7c74153;
00002d91 : c7c7c7c7;
00002d92 : c7c7c7c7;
00002d93 : c7c7c7c7;
00002d94 : c7c7c7c7;
00002d95 : 53534a41;
00002d96 : 4a4a4a53;
00002d97 : 4a534a4a;
00002d98 : c7c7414a;
00002d99 : c7c7c7c7;
00002d9a : c7c7c7c7;
00002d9b : c7c7c7c7;
00002d9c : 41c7c7c7;
00002d9d : 414a4a4a;
00002d9e : 41414149;
00002d9f : 41414141;
00002da0 : c7c7c741;
00002da1 : c7c7c7c7;
00002da2 : c7c7c7c7;
00002da3 : c7c7c7c7;
00002da4 : c7c7c7c7;
00002da5 : 41414141;
00002da6 : c70a1301;
00002da7 : 011301c7;
00002da8 : c7c7c7c7;
00002da9 : c7c7c7c7;
00002daa : c7c7c7c7;
00002dab : c7c7c7c7;
00002dac : c7c7c7c7;
00002dad : c7c7c7c7;
00002dae : 01535301;
00002daf : 535301c7;
00002db0 : c7c7c701;
00002db1 : c7c7c7c7;
00002db2 : c7c7c7c7;
00002db3 : c7c7c7c7;
00002db4 : c7c7c7c7;
00002db5 : c7c7c7c7;
00002db6 : 0101010a;
00002db7 : 01010ac7;
00002db8 : c7c7c701;
00002db9 : c7c7c7c7;
00002dba : c7c7c7c7;
00002dbb : c7c7c7c7;
00002dbc : c7c7c7c7;
00002dbd : c7c7c7c7;
00002dbe : c7c7c7c7;
00002dbf : c7c7c7c7;
00002dc0 : c7c7c7c7;
00002dc1 : c7c7c7c7;
00002dc2 : c7c7c7c7;
00002dc3 : c7c7c7c7;
00002dc4 : 01c7c7c7;
00002dc5 : c7010101;
00002dc6 : c7c7c7c7;
00002dc7 : c7c7c7c7;
00002dc8 : c7c7c7c7;
00002dc9 : c7c7c7c7;
00002dca : c7c7c7c7;
00002dcb : c7c7c7c7;
00002dcc : 0a01c7c7;
00002dcd : 010a0a0a;
00002dce : c7c7c7c7;
00002dcf : c7c7c7c7;
00002dd0 : c7c7c7c7;
00002dd1 : c7c7c7c7;
00002dd2 : c7c7c7c7;
00002dd3 : c7c7c7c7;
00002dd4 : 010a01c7;
00002dd5 : 0a130a0a;
00002dd6 : c7c70101;
00002dd7 : c7c7c7c7;
00002dd8 : c7c7c7c7;
00002dd9 : c7c7c7c7;
00002dda : c7c7c7c7;
00002ddb : c7c7c7c7;
00002ddc : c70101c7;
00002ddd : 130a0a01;
00002dde : 01010a13;
00002ddf : c7c7c7c7;
00002de0 : c7c7c7c7;
00002de1 : c7c7c7c7;
00002de2 : c7c7c7c7;
00002de3 : c7c7c7c7;
00002de4 : c7c701c7;
00002de5 : 0a0a0a01;
00002de6 : 130a0a53;
00002de7 : c7c70101;
00002de8 : c7c7c7c7;
00002de9 : c7c7c7c7;
00002dea : c7c7c7c7;
00002deb : c7c7c7c7;
00002dec : c7c7c7c7;
00002ded : 0a0a01c7;
00002dee : 1313130a;
00002def : 01015252;
00002df0 : c7c7c701;
00002df1 : c7c7c7c7;
00002df2 : c7c7c7c7;
00002df3 : c7c7c7c7;
00002df4 : c7c7c7c7;
00002df5 : 525201c7;
00002df6 : 53131313;
00002df7 : 0a0a0a53;
00002df8 : c701010a;
00002df9 : dac7c7c7;
00002dfa : c7c7c7c7;
00002dfb : c7c7c7c7;
00002dfc : c7c7c7c7;
00002dfd : 0a0a0a01;
00002dfe : 0101010a;
00002dff : 01010101;
00002e00 : 010a0a0a;
00002e01 : dadac7c7;
00002e02 : c7c7c7c7;
00002e03 : c7c7c7c7;
00002e04 : 01c7c7c7;
00002e05 : 010a0a0a;
00002e06 : 2d2d2401;
00002e07 : 246e6e6e;
00002e08 : c701010a;
00002e09 : a3dadac7;
00002e0a : c7c7c7da;
00002e0b : c7c7c7c7;
00002e0c : 0a0101c7;
00002e0d : 2401010a;
00002e0e : 6e242d2d;
00002e0f : 41226e22;
00002e10 : c7c7c72d;
00002e11 : a3a301c7;
00002e12 : c7c7c701;
00002e13 : c7c7c7c7;
00002e14 : 010a1301;
00002e15 : 6e242401;
00002e16 : 6e6e242d;
00002e17 : 416b6e6b;
00002e18 : c7c7c72d;
00002e19 : 0113c7c7;
00002e1a : c7c7c7c7;
00002e1b : c7c7c7c7;
00002e1c : 010101c7;
00002e1d : 6e6e6e24;
00002e1e : 6e6e246e;
00002e1f : 416e6e6e;
00002e20 : c7c7c7c7;
00002e21 : 0a13c7c7;
00002e22 : c7c7c7c7;
00002e23 : c7c7c7c7;
00002e24 : c7c7c7c7;
00002e25 : 2d6e6e24;
00002e26 : 6e6e246e;
00002e27 : 416e6e6e;
00002e28 : c7c7c7c7;
00002e29 : 010ac7c7;
00002e2a : c7c7c7c7;
00002e2b : c7c7c7c7;
00002e2c : c7c7c7c7;
00002e2d : 2d6e6e24;
00002e2e : 652d6e41;
00002e2f : c7416e6e;
00002e30 : c7c7c7c7;
00002e31 : c70113c7;
00002e32 : c7c7c7c7;
00002e33 : c7c7c7c7;
00002e34 : 24c7c7c7;
00002e35 : 412d2d6e;
00002e36 : 536e0a93;
00002e37 : 4193934a;
00002e38 : 41414141;
00002e39 : c70113ae;
00002e3a : c7c7c7c7;
00002e3b : c7c7c7c7;
00002e3c : 24c7c7c7;
00002e3d : 9341246e;
00002e3e : 134a9353;
00002e3f : 53934a53;
00002e40 : 93534a53;
00002e41 : c70113ae;
00002e42 : c7c7c7c7;
00002e43 : c7c7c7c7;
00002e44 : 24c7c7c7;
00002e45 : 9341246e;
00002e46 : 4a935341;
00002e47 : 4a4a5313;
00002e48 : 534a5393;
00002e49 : c701134a;
00002e4a : c7c7c7c7;
00002e4b : c7c7c7c7;
00002e4c : 24c7c7c7;
00002e4d : 9353412d;
00002e4e : 9393534a;
00002e4f : 4a530a4a;
00002e50 : 41539353;
00002e51 : c7c70113;
00002e52 : c7c7c7c7;
00002e53 : c7c7c7c7;
00002e54 : c7c7c7c7;
00002e55 : 93534124;
00002e56 : 9353534a;
00002e57 : 410a4a93;
00002e58 : c741934a;
00002e59 : c7c70113;
00002e5a : c7c7c7c7;
00002e5b : c7c7c7c7;
00002e5c : c7c7c7c7;
00002e5d : 935341c7;
00002e5e : 53130a41;
00002e5f : 01531353;
00002e60 : c7c7414a;
00002e61 : c7c70113;
00002e62 : c7c7c7c7;
00002e63 : c7c7c7c7;
00002e64 : c7c7c7c7;
00002e65 : 4a4a5341;
00002e66 : 130a1341;
00002e67 : 01131353;
00002e68 : c7c7c70a;
00002e69 : c7c70a53;
00002e6a : c7c7c7c7;
00002e6b : c7c7c7c7;
00002e6c : c7c7c7c7;
00002e6d : 4166ae41;
00002e6e : 93934a00;
00002e6f : 414a9393;
00002e70 : c7c7c70a;
00002e71 : c7c70a53;
00002e72 : c7c7c7c7;
00002e73 : c7c7c7c7;
00002e74 : c7c7c7c7;
00002e75 : c7c766c7;
00002e76 : 93939341;
00002e77 : 4a539393;
00002e78 : c7c7c741;
00002e79 : c7c70a53;
00002e7a : c7c7c7c7;
00002e7b : c7c7c7c7;
00002e7c : c7c7c7c7;
00002e7d : 4a4a41c7;
00002e7e : 9393934a;
00002e7f : 9393934a;
00002e80 : c7c74153;
00002e81 : c7c70113;
00002e82 : c7c7c7c7;
00002e83 : c7c7c7c7;
00002e84 : c7c7c7c7;
00002e85 : 93934a41;
00002e86 : 4a939393;
00002e87 : 9393934a;
00002e88 : c7c74153;
00002e89 : c7c70113;
00002e8a : c7c7c7c7;
00002e8b : c7c7c7c7;
00002e8c : c7c7c7c7;
00002e8d : 93534a41;
00002e8e : 4a535393;
00002e8f : 4a934a4a;
00002e90 : c7c74153;
00002e91 : c7c70a13;
00002e92 : c7c7c7c7;
00002e93 : c7c7c7c7;
00002e94 : c7c7c7c7;
00002e95 : 53534a41;
00002e96 : 4a4a4a53;
00002e97 : 4a534a4a;
00002e98 : c7c7414a;
00002e99 : c7c70153;
00002e9a : c7c7c7c7;
00002e9b : c7c7c7c7;
00002e9c : c7c7c7c7;
00002e9d : 414a4a41;
00002e9e : 41414149;
00002e9f : 41414141;
00002ea0 : c7c7c741;
00002ea1 : c7c7c7c7;
00002ea2 : c7c7c7c7;
00002ea3 : c7c7c7c7;
00002ea4 : c7c7c7c7;
00002ea5 : 414141c7;
00002ea6 : c70a1301;
00002ea7 : 011301c7;
00002ea8 : c7c7c7c7;
00002ea9 : c7c7c7c7;
00002eaa : c7c7c7c7;
00002eab : c7c7c7c7;
00002eac : c7c7c7c7;
00002ead : c7c7c7c7;
00002eae : 01535301;
00002eaf : 535301c7;
00002eb0 : c7c7c701;
00002eb1 : c7c7c7c7;
00002eb2 : c7c7c7c7;
00002eb3 : c7c7c7c7;
00002eb4 : c7c7c7c7;
00002eb5 : c7c7c7c7;
00002eb6 : 0101010a;
00002eb7 : 01010ac7;
00002eb8 : c7c7c701;
00002eb9 : c7c7c7c7;
00002eba : c7c7c7c7;
00002ebb : c7c7c7c7;
00002ebc : c7c7c7c7;
00002ebd : c7c7c7c7;
00002ebe : c7c7c7c7;
00002ebf : c7c7c7c7;
00002ec0 : c7c7c7c7;
00002ec1 : c7c7c7c7;
00002ec2 : c7c7c7c7;
00002ec3 : c7c7c7c7;
00002ec4 : 01c7c7c7;
00002ec5 : c7010101;
00002ec6 : c7c7c7c7;
00002ec7 : c7c7c7c7;
00002ec8 : c7c7c7c7;
00002ec9 : c7c7c7c7;
00002eca : c7c7c7c7;
00002ecb : c7c7c7c7;
00002ecc : 0a01c7c7;
00002ecd : 010a0a0a;
00002ece : c7c7c7c7;
00002ecf : c7c7c7c7;
00002ed0 : c7c7c7c7;
00002ed1 : c7c7c7c7;
00002ed2 : c7c7c7c7;
00002ed3 : c7c7c7c7;
00002ed4 : 010a01c7;
00002ed5 : 0a130a0a;
00002ed6 : c7c74301;
00002ed7 : c7c7c7c7;
00002ed8 : c7c7c7c7;
00002ed9 : c7c7c7c7;
00002eda : c7c7c7c7;
00002edb : c7c7c7c7;
00002edc : c70101c7;
00002edd : 130a0a01;
00002ede : 01010a13;
00002edf : c7c7c7c7;
00002ee0 : c7c7c7c7;
00002ee1 : c7c7c7c7;
00002ee2 : c7c7c7c7;
00002ee3 : c7c7c7c7;
00002ee4 : c7c701c7;
00002ee5 : 0a0a0a01;
00002ee6 : 130a0a53;
00002ee7 : c7c70101;
00002ee8 : c7c7c7c7;
00002ee9 : c7c7c7c7;
00002eea : c7c7c7c7;
00002eeb : c7c7c7c7;
00002eec : c7c7c7c7;
00002eed : 0a0a01c7;
00002eee : 1313130a;
00002eef : 01015252;
00002ef0 : c7c7c701;
00002ef1 : c7c7c7c7;
00002ef2 : c7c7c7c7;
00002ef3 : c7c7c7c7;
00002ef4 : c7c7c7c7;
00002ef5 : 525201c7;
00002ef6 : 53131313;
00002ef7 : 0a0a0a53;
00002ef8 : c701010a;
00002ef9 : c7c7c7c7;
00002efa : c7c7c7c7;
00002efb : c7c7c7c7;
00002efc : c7c7c7c7;
00002efd : 0a0a0a01;
00002efe : 0101010a;
00002eff : 01010101;
00002f00 : 010a0a0a;
00002f01 : c7c7c7c7;
00002f02 : c7c7c7c7;
00002f03 : c7c7c7c7;
00002f04 : 01c7c7c7;
00002f05 : 010a0a0a;
00002f06 : 2d2d2401;
00002f07 : 246e6e6e;
00002f08 : c701010a;
00002f09 : c7c7dac7;
00002f0a : c7c7c7c7;
00002f0b : c7c7c7c7;
00002f0c : 0a0101c7;
00002f0d : 2401010a;
00002f0e : 6e242d2d;
00002f0f : 41226e22;
00002f10 : c7c7c72d;
00002f11 : c7c7dada;
00002f12 : c7c7c7c7;
00002f13 : c7c7c7c7;
00002f14 : 010a1301;
00002f15 : 6e242401;
00002f16 : 6e6e242d;
00002f17 : 416b6e6b;
00002f18 : dac7c72d;
00002f19 : c7daa3da;
00002f1a : c7c7c7c7;
00002f1b : c7c7c7c7;
00002f1c : 010101c7;
00002f1d : 6e6e6e24;
00002f1e : 6e6e246e;
00002f1f : 416e6e6e;
00002f20 : 01c7c7c7;
00002f21 : c701a3a3;
00002f22 : c7c7c7c7;
00002f23 : c7c7c7c7;
00002f24 : c7c7c7c7;
00002f25 : 2d6e6e24;
00002f26 : 6e6e246e;
00002f27 : 416e6e6e;
00002f28 : c7c7c7c7;
00002f29 : c7c70113;
00002f2a : c7c7c7c7;
00002f2b : c7c7c7c7;
00002f2c : c7c7c7c7;
00002f2d : 2d6e6e24;
00002f2e : 652d6e41;
00002f2f : c7416e6e;
00002f30 : c7c7c7c7;
00002f31 : c7c70a13;
00002f32 : c7c7c7c7;
00002f33 : c7c7c7c7;
00002f34 : 24c7c7c7;
00002f35 : 412d2d6e;
00002f36 : 536e0a93;
00002f37 : 4193934a;
00002f38 : c7c7c7c7;
00002f39 : c7c7010a;
00002f3a : c7c7c7c7;
00002f3b : c7c7c7c7;
00002f3c : 24c7c7c7;
00002f3d : 9341246e;
00002f3e : 134a9353;
00002f3f : 53934a53;
00002f40 : 13c7c741;
00002f41 : c7c7c701;
00002f42 : c7c7c7c7;
00002f43 : c7c7c7c7;
00002f44 : 24c7c7c7;
00002f45 : 9341246e;
00002f46 : 4a935341;
00002f47 : 4a4a5313;
00002f48 : 13935341;
00002f49 : c7c7c701;
00002f4a : c7c7c7c7;
00002f4b : c7c7c7c7;
00002f4c : 5dc7c7c7;
00002f4d : 9353412d;
00002f4e : 9393534a;
00002f4f : 4a530a4a;
00002f50 : 134a934a;
00002f51 : c7c7c701;
00002f52 : c7c7c7c7;
00002f53 : c7c7c7c7;
00002f54 : c7c7c7c7;
00002f55 : 93534124;
00002f56 : 9353534a;
00002f57 : 410a4a93;
00002f58 : 134a534a;
00002f59 : c7c7c701;
00002f5a : c7c7c7c7;
00002f5b : c7c7c7c7;
00002f5c : c7c7c7c7;
00002f5d : 935341c7;
00002f5e : 53130a41;
00002f5f : 01531353;
00002f60 : 01134a4a;
00002f61 : c7c7c7c7;
00002f62 : c7c7c7c7;
00002f63 : c7c7c7c7;
00002f64 : c7c7c7c7;
00002f65 : 4a4a41c7;
00002f66 : 130a1341;
00002f67 : 01131353;
00002f68 : 0113c70a;
00002f69 : c7c7c7c7;
00002f6a : c7c7c7c7;
00002f6b : c7c7c7c7;
00002f6c : c7c7c7c7;
00002f6d : ae41c7c7;
00002f6e : 93934a66;
00002f6f : 414a9393;
00002f70 : 0113c70a;
00002f71 : c7c7c7c7;
00002f72 : c7c7c7c7;
00002f73 : c7c7c7c7;
00002f74 : c7c7c7c7;
00002f75 : 6641c7c7;
00002f76 : 93939341;
00002f77 : 4a539393;
00002f78 : 0a53c741;
00002f79 : c7c7c7c7;
00002f7a : c7c7c7c7;
00002f7b : c7c7c7c7;
00002f7c : c7c7c7c7;
00002f7d : 4a4a41c7;
00002f7e : 9393934a;
00002f7f : 9393934a;
00002f80 : 0a534153;
00002f81 : c7c7c7c7;
00002f82 : c7c7c7c7;
00002f83 : c7c7c7c7;
00002f84 : c7c7c7c7;
00002f85 : 93934a41;
00002f86 : 4a939393;
00002f87 : 9393934a;
00002f88 : 0a534153;
00002f89 : c7c7c7c7;
00002f8a : c7c7c7c7;
00002f8b : c7c7c7c7;
00002f8c : c7c7c7c7;
00002f8d : 93534a41;
00002f8e : 4a535393;
00002f8f : 4a934a4a;
00002f90 : 01134153;
00002f91 : c7c7c7c7;
00002f92 : c7c7c7c7;
00002f93 : c7c7c7c7;
00002f94 : c7c7c7c7;
00002f95 : 53534a41;
00002f96 : 4a4a4a53;
00002f97 : 4a534a4a;
00002f98 : 0113414a;
00002f99 : c7c7c7c7;
00002f9a : c7c7c7c7;
00002f9b : c7c7c7c7;
00002f9c : c7c7c7c7;
00002f9d : 414a4a41;
00002f9e : 41414149;
00002f9f : 41414141;
00002fa0 : 0a13c741;
00002fa1 : c7c7c7c7;
00002fa2 : c7c7c7c7;
00002fa3 : c7c7c7c7;
00002fa4 : c7c7c7c7;
00002fa5 : 414141c7;
00002fa6 : c70a1301;
00002fa7 : 011301c7;
00002fa8 : 0153c7c7;
00002fa9 : c7c7c7c7;
00002faa : c7c7c7c7;
00002fab : c7c7c7c7;
00002fac : c7c7c7c7;
00002fad : c7c7c7c7;
00002fae : 01535301;
00002faf : 535301c7;
00002fb0 : c7c7c701;
00002fb1 : c7c7c7c7;
00002fb2 : c7c7c7c7;
00002fb3 : c7c7c7c7;
00002fb4 : c7c7c7c7;
00002fb5 : c7c7c7c7;
00002fb6 : 0101010a;
00002fb7 : 01010ac7;
00002fb8 : c7c7c701;
00002fb9 : c7c7c7c7;
00002fba : c7c7c7c7;
00002fbb : 00000020;
00002fbc : 00000020;
00002fbd : c7c7c7c7;
00002fbe : c7c7c7c7;
00002fbf : c7c7c7c7;
00002fc0 : c7c7c7c7;
00002fc1 : c7c7c7c7;
00002fc2 : c7c7c7c7;
00002fc3 : c7c7c7c7;
00002fc4 : c7c7c7c7;
00002fc5 : c7c7c7c7;
00002fc6 : 01c7c7c7;
00002fc7 : c7010101;
00002fc8 : c7c7c7c7;
00002fc9 : c7c7c7c7;
00002fca : c7c7c7c7;
00002fcb : c7c7c7c7;
00002fcc : c7c7c7c7;
00002fcd : c7c7c7c7;
00002fce : 0a01c7c7;
00002fcf : 010a0a0a;
00002fd0 : c7c7c7c7;
00002fd1 : c7c7c7c7;
00002fd2 : c7c7c7c7;
00002fd3 : c7c7c7c7;
00002fd4 : c7c7c7c7;
00002fd5 : c7c7c7c7;
00002fd6 : 010a01c7;
00002fd7 : 0a130a0a;
00002fd8 : c7c70101;
00002fd9 : c7c7c7c7;
00002fda : c7c7c7c7;
00002fdb : c7c7c7c7;
00002fdc : c7c7c7c7;
00002fdd : c7c7c7c7;
00002fde : c70101c7;
00002fdf : 130a0a01;
00002fe0 : 01010a13;
00002fe1 : c7c7c7c7;
00002fe2 : c7c7c7c7;
00002fe3 : c7c7c7c7;
00002fe4 : c7c7c7c7;
00002fe5 : c7c7c7c7;
00002fe6 : c7c701c7;
00002fe7 : 0a0a0a01;
00002fe8 : 130a0a53;
00002fe9 : c7c70101;
00002fea : c7c7c7c7;
00002feb : c7c7c7c7;
00002fec : c7c7c7c7;
00002fed : c7c7c7c7;
00002fee : c7c7c7c7;
00002fef : 0a0a01c7;
00002ff0 : 1313130a;
00002ff1 : 01015252;
00002ff2 : c7c7c701;
00002ff3 : c7c7c7c7;
00002ff4 : c7c7c7c7;
00002ff5 : c7c7c7c7;
00002ff6 : c7c7c7c7;
00002ff7 : 525201c7;
00002ff8 : 53131313;
00002ff9 : 0a0a0a53;
00002ffa : c701010a;
00002ffb : c7c7c7c7;
00002ffc : c7c7c7c7;
00002ffd : c7c7c7c7;
00002ffe : c7c7c7c7;
00002fff : 0a0a0a43;
00003000 : 0101010a;
00003001 : 01010101;
00003002 : 010a0a0a;
00003003 : c7c7c7c7;
00003004 : c7c7c7c7;
00003005 : c7c7c7c7;
00003006 : 01c7c7c7;
00003007 : 010a0a0a;
00003008 : 2d2d2401;
00003009 : 246e6e6e;
0000300a : c701010a;
0000300b : c7c7c7c7;
0000300c : c7c7c7c7;
0000300d : c7c7c7c7;
0000300e : 0a0101c7;
0000300f : 6e01010a;
00003010 : 6e242d2d;
00003011 : 41226e22;
00003012 : c7c7c72d;
00003013 : c7c7c7c7;
00003014 : c7c7c7c7;
00003015 : c7c7c7c7;
00003016 : 010a1301;
00003017 : 6e242401;
00003018 : 6e6e242d;
00003019 : 416b6e6b;
0000301a : c7c7c72d;
0000301b : c7c7c7da;
0000301c : c7c7c7c7;
0000301d : c7c7c7c7;
0000301e : 010101c7;
0000301f : 6e6e6e24;
00003020 : 6e6e246e;
00003021 : 416e6e6e;
00003022 : dac7c7c7;
00003023 : c7c7c7da;
00003024 : c7c7c7c7;
00003025 : c7c7c7c7;
00003026 : c7c7c7c7;
00003027 : 2d6e6e24;
00003028 : 6e6e246e;
00003029 : 416e6e6e;
0000302a : dadac7c7;
0000302b : c7c7daa3;
0000302c : c7c7c7c7;
0000302d : c7c7c7c7;
0000302e : c7c7c7c7;
0000302f : 2d6e6e24;
00003030 : 652d6e41;
00003031 : c7416e6e;
00003032 : a301c7c7;
00003033 : c7c701a3;
00003034 : c7c7c7c7;
00003035 : c7c7c7c7;
00003036 : 24c7c7c7;
00003037 : 412d2d6e;
00003038 : 536e0a93;
00003039 : 4193934a;
0000303a : 13c7c7c7;
0000303b : c7c7c701;
0000303c : c7c7c7c7;
0000303d : c7c7c7c7;
0000303e : 24c7c7c7;
0000303f : 9341246e;
00003040 : 134a9353;
00003041 : 53934a53;
00003042 : 13c7c741;
00003043 : c7c7c70a;
00003044 : c7c7c7c7;
00003045 : c7c7c7c7;
00003046 : 24c7c7c7;
00003047 : 9341246e;
00003048 : 4a935341;
00003049 : 4a4a5313;
0000304a : 0ac7c741;
0000304b : c7c7c701;
0000304c : c7c7c7c7;
0000304d : c7c7c7c7;
0000304e : 24c7c7c7;
0000304f : 9353412d;
00003050 : 9393534a;
00003051 : 4a530a4a;
00003052 : 0113c741;
00003053 : c7c7c7c7;
00003054 : c7c7c7c7;
00003055 : c7c7c7c7;
00003056 : c7c7c7c7;
00003057 : 93534124;
00003058 : 9353534a;
00003059 : 410a4a93;
0000305a : 01aeae4a;
0000305b : c7c7c7c7;
0000305c : c7c7c7c7;
0000305d : c7c7c7c7;
0000305e : c7c7c7c7;
0000305f : 935341c7;
00003060 : 53130a41;
00003061 : 01531353;
00003062 : 01ae664a;
00003063 : c7c7c7c7;
00003064 : c7c7c7c7;
00003065 : c7c7c7c7;
00003066 : c7c7c7c7;
00003067 : 4a4a41c7;
00003068 : 130a1341;
00003069 : 01131353;
0000306a : 0113c70a;
0000306b : c7c7c7c7;
0000306c : c7c7c7c7;
0000306d : c7c7c7c7;
0000306e : c7c7c7c7;
0000306f : ae41c7c7;
00003070 : 93934a66;
00003071 : 414a9393;
00003072 : c701130a;
00003073 : c7c7c7c7;
00003074 : c7c7c7c7;
00003075 : c7c7c7c7;
00003076 : c7c7c7c7;
00003077 : 6641c7c7;
00003078 : 93939341;
00003079 : 4a539393;
0000307a : c7011341;
0000307b : c7c7c7c7;
0000307c : c7c7c7c7;
0000307d : c7c7c7c7;
0000307e : c7c7c7c7;
0000307f : 4a4a41c7;
00003080 : 9393934a;
00003081 : 9393934a;
00003082 : c7014153;
00003083 : c7c7c7c7;
00003084 : c7c7c7c7;
00003085 : c7c7c7c7;
00003086 : c7c7c7c7;
00003087 : 93934a41;
00003088 : 4a939393;
00003089 : 9393934a;
0000308a : c70a4153;
0000308b : c7c7c7c7;
0000308c : c7c7c7c7;
0000308d : c7c7c7c7;
0000308e : c7c7c7c7;
0000308f : 93534a41;
00003090 : 4a535393;
00003091 : 4a934a4a;
00003092 : c70a4153;
00003093 : c7c7c7c7;
00003094 : c7c7c7c7;
00003095 : c7c7c7c7;
00003096 : c7c7c7c7;
00003097 : 53534a41;
00003098 : 4a4a4a53;
00003099 : 4a534a4a;
0000309a : c70a414a;
0000309b : c7c7c7c7;
0000309c : c7c7c7c7;
0000309d : c7c7c7c7;
0000309e : c7c7c7c7;
0000309f : 414a4a41;
000030a0 : 41414149;
000030a1 : 41414141;
000030a2 : c7015341;
000030a3 : c7c7c7c7;
000030a4 : c7c7c7c7;
000030a5 : c7c7c7c7;
000030a6 : c7c7c7c7;
000030a7 : 414141c7;
000030a8 : c70a1301;
000030a9 : 011301c7;
000030aa : c70113c7;
000030ab : c7c7c7c7;
000030ac : c7c7c7c7;
000030ad : c7c7c7c7;
000030ae : c7c7c7c7;
000030af : c7c7c7c7;
000030b0 : 01535301;
000030b1 : 535301c7;
000030b2 : c70a1301;
000030b3 : c7c7c7c7;
000030b4 : c7c7c7c7;
000030b5 : c7c7c7c7;
000030b6 : c7c7c7c7;
000030b7 : c7c7c7c7;
000030b8 : 0101010a;
000030b9 : 01010ac7;
000030ba : c7015301;
000030bb : c7c7c7c7;
000030bc : c7c7c7c7;
000030bd : c7c7c7c7;
000030be : c7c7c7c7;
000030bf : c7c7c7c7;
000030c0 : c7c7c7c7;
000030c1 : c7c7c7c7;
000030c2 : c7c7c7c7;
000030c3 : c7c7c7c7;
000030c4 : c7c7c7c7;
000030c5 : c7c7c7c7;
000030c6 : c7c7c7c7;
000030c7 : c7c7c7c7;
000030c8 : c7c7c7c7;
000030c9 : c7c7c7c7;
000030ca : c7c7c7c7;
000030cb : c7c7c7c7;
000030cc : c7c7c7c7;
000030cd : c7c7c7c7;
000030ce : 01c7c7c7;
000030cf : c7010101;
000030d0 : c7c7c7c7;
000030d1 : c7c7c7c7;
000030d2 : c7c7c7c7;
000030d3 : c7c7c7c7;
000030d4 : c7c7c7c7;
000030d5 : c7c7c7c7;
000030d6 : 0a01c7c7;
000030d7 : 010a0a0a;
000030d8 : c7c7c7c7;
000030d9 : c7c7c7c7;
000030da : c7c7c7c7;
000030db : c7c7c7c7;
000030dc : c7c7c7c7;
000030dd : c7c7c7c7;
000030de : 010a01c7;
000030df : 0a130a0a;
000030e0 : c7c70101;
000030e1 : c7c7c7c7;
000030e2 : c7c7c7c7;
000030e3 : c7c7c7c7;
000030e4 : c7c7c7c7;
000030e5 : c7c7c7c7;
000030e6 : c70101c7;
000030e7 : 130a0a01;
000030e8 : 01010a13;
000030e9 : c7c7c7c7;
000030ea : c7c7c7c7;
000030eb : c7c7c7c7;
000030ec : c7c7c7c7;
000030ed : c7c7c7c7;
000030ee : c7c701c7;
000030ef : 0a0a0a01;
000030f0 : 130a0a53;
000030f1 : c7c70101;
000030f2 : c7c7c7c7;
000030f3 : c7c7c7c7;
000030f4 : c7c7c7c7;
000030f5 : c7c7c7c7;
000030f6 : c7c7c7c7;
000030f7 : 0a0a01c7;
000030f8 : 1313130a;
000030f9 : 01015252;
000030fa : c7c7c701;
000030fb : c7c7c7c7;
000030fc : c7c7c7c7;
000030fd : c7c7c7c7;
000030fe : c7c7c7c7;
000030ff : 525201c7;
00003100 : 53131313;
00003101 : 0a0a0a53;
00003102 : c701010a;
00003103 : c7c7c7c7;
00003104 : c7c7c7c7;
00003105 : c7c7c7c7;
00003106 : c7c7c7c7;
00003107 : 0a0a0a01;
00003108 : 0101010a;
00003109 : 01010101;
0000310a : 010a0a0a;
0000310b : c7c7c7c7;
0000310c : c7c7c7c7;
0000310d : c7c7c7c7;
0000310e : 01c7c7c7;
0000310f : 010a0a0a;
00003110 : 2d2d2401;
00003111 : 246e6e6e;
00003112 : c701010a;
00003113 : c7dbc7c7;
00003114 : c7c7c7c7;
00003115 : c7c7c7c7;
00003116 : 0a0101c7;
00003117 : 6e01010a;
00003118 : 6e242d2d;
00003119 : 41226e22;
0000311a : c7c7c72d;
0000311b : c7dadac7;
0000311c : c7c7c7c7;
0000311d : c7c7c7c7;
0000311e : 010a1301;
0000311f : 6e242401;
00003120 : 6e6e242d;
00003121 : 416b6e6b;
00003122 : c7c7c72d;
00003123 : daa3dada;
00003124 : c7c7c7c7;
00003125 : c7c7c7c7;
00003126 : 010101c7;
00003127 : 6e6e6e24;
00003128 : 6e6e246e;
00003129 : 416e6e6e;
0000312a : c7c7c7c7;
0000312b : 01a3a301;
0000312c : c7c7c7c7;
0000312d : c7c7c7c7;
0000312e : c7c7c7c7;
0000312f : 2d6e6e24;
00003130 : 6e6e246e;
00003131 : 416e6e6e;
00003132 : c7c7c7c7;
00003133 : c70113c7;
00003134 : c7c7c7c7;
00003135 : c7c7c7c7;
00003136 : c7c7c7c7;
00003137 : 2d6e6e24;
00003138 : 652d6e2d;
00003139 : c7416e6e;
0000313a : c7c7c7c7;
0000313b : c70a13c7;
0000313c : c7c7c7c7;
0000313d : c7c7c7c7;
0000313e : 24c7c7c7;
0000313f : 2d2d2d6e;
00003140 : 136e5341;
00003141 : 53934a53;
00003142 : c7c7c741;
00003143 : c7010ac7;
00003144 : c7c7c7c7;
00003145 : c7c7c7c7;
00003146 : 24c7c7c7;
00003147 : 4124246e;
00003148 : 4a935353;
00003149 : 4a4a5313;
0000314a : c7c74141;
0000314b : c7c70113;
0000314c : c7c7c7c7;
0000314d : c7c7c7c7;
0000314e : 24c7c7c7;
0000314f : 4124246e;
00003150 : 93934a4a;
00003151 : 4a530a4a;
00003152 : c7414a93;
00003153 : c7c70113;
00003154 : c7c7c7c7;
00003155 : c7c7c7c7;
00003156 : 24c7c7c7;
00003157 : 93412d2d;
00003158 : 93534153;
00003159 : 410a4a93;
0000315a : ae934a4a;
0000315b : c7c701ae;
0000315c : c7c7c7c7;
0000315d : c7c7c7c7;
0000315e : c7c7c7c7;
0000315f : 93412424;
00003160 : 93934153;
00003161 : 01539393;
00003162 : 664a934a;
00003163 : c7c701ae;
00003164 : c7c7c7c7;
00003165 : c7c7c7c7;
00003166 : c7c7c7c7;
00003167 : 4a41c7c7;
00003168 : 130a4153;
00003169 : 01131353;
0000316a : 13c7410a;
0000316b : c7c7c701;
0000316c : c7c7c7c7;
0000316d : c7c7c7c7;
0000316e : c7c7c7c7;
0000316f : 5341c7c7;
00003170 : 53134153;
00003171 : 130a1353;
00003172 : 13c7c70a;
00003173 : c7c7c701;
00003174 : c7c7c7c7;
00003175 : c7c7c7c7;
00003176 : c7c7c7c7;
00003177 : 41c7c7c7;
00003178 : 939366ae;
00003179 : 4a539393;
0000317a : 13c7c741;
0000317b : c7c7c701;
0000317c : c7c7c7c7;
0000317d : c7c7c7c7;
0000317e : c7c7c7c7;
0000317f : 414a41c7;
00003180 : 93939366;
00003181 : 9393934a;
00003182 : 53c74153;
00003183 : c7c7c70a;
00003184 : c7c7c7c7;
00003185 : c7c7c7c7;
00003186 : c7c7c7c7;
00003187 : 93934a41;
00003188 : 4a939393;
00003189 : 9393934a;
0000318a : 53415353;
0000318b : c7c7c70a;
0000318c : c7c7c7c7;
0000318d : c7c7c7c7;
0000318e : c7c7c7c7;
0000318f : 93534a41;
00003190 : 4a535393;
00003191 : 4a934a4a;
00003192 : 414a5353;
00003193 : c7c7c70a;
00003194 : c7c7c7c7;
00003195 : c7c7c7c7;
00003196 : c7c7c7c7;
00003197 : 53534a41;
00003198 : 4a4a4a53;
00003199 : 4a534a4a;
0000319a : 414a534a;
0000319b : c7c7c701;
0000319c : c7c7c7c7;
0000319d : c7c7c7c7;
0000319e : c7c7c7c7;
0000319f : 414a4a41;
000031a0 : 4a411301;
000031a1 : 4141414a;
000031a2 : 13414a41;
000031a3 : c7c7c701;
000031a4 : c7c7c7c7;
000031a5 : c7c7c7c7;
000031a6 : c7c7c7c7;
000031a7 : 414141c7;
000031a8 : 410a1301;
000031a9 : 01130141;
000031aa : 13c741c7;
000031ab : c7c7c70a;
000031ac : c7c7c7c7;
000031ad : c7c7c7c7;
000031ae : c7c7c7c7;
000031af : c7c7c7c7;
000031b0 : 01535301;
000031b1 : 535301c7;
000031b2 : 53c7c701;
000031b3 : c7c7c701;
000031b4 : c7c7c7c7;
000031b5 : c7c7c7c7;
000031b6 : c7c7c7c7;
000031b7 : c7c7c7c7;
000031b8 : 0101010a;
000031b9 : 01010ac7;
000031ba : c7c7c701;
000031bb : c7c7c7c7;
000031bc : c7c7c7c7;
000031bd : c7c7c7c7;
000031be : c7c7c7c7;
000031bf : c7c7c7c7;
000031c0 : c7c7c7c7;
000031c1 : c7c7c7c7;
000031c2 : c7c7c7c7;
000031c3 : c7c7c7c7;
000031c4 : c7c7c7c7;
000031c5 : c7c7c7c7;
000031c6 : c7c7c7c7;
000031c7 : c7c7c7c7;
000031c8 : c7c7c7c7;
000031c9 : c7c7c7c7;
000031ca : c7c7c7c7;
000031cb : c7c7c7c7;
000031cc : c7c7c7c7;
000031cd : c7c7c7c7;
000031ce : c7c7c7c7;
000031cf : c7c7c7c7;
000031d0 : c7c7c7c7;
000031d1 : c7c7c7c7;
000031d2 : c7c7c7c7;
000031d3 : c7c7c7c7;
000031d4 : c7c7c7c7;
000031d5 : c7c7c7c7;
000031d6 : 01c7c7c7;
000031d7 : c7010101;
000031d8 : c7c7c7c7;
000031d9 : c7c7c7c7;
000031da : c7c7c7c7;
000031db : c7c7c7c7;
000031dc : c7c7c7c7;
000031dd : c7c7c7c7;
000031de : 0a01c7c7;
000031df : 010a0a0a;
000031e0 : c7c7c7c7;
000031e1 : c7c7c7c7;
000031e2 : c7c7c7c7;
000031e3 : c7c7c7c7;
000031e4 : c7c7c7c7;
000031e5 : c7c7c7c7;
000031e6 : 010a01c7;
000031e7 : 0a130a0a;
000031e8 : c7c74301;
000031e9 : c7c7c7c7;
000031ea : c7c7c7c7;
000031eb : c7c7c7c7;
000031ec : c7c7c7c7;
000031ed : c7c7c7c7;
000031ee : c70101c7;
000031ef : 130a0a01;
000031f0 : 01010a13;
000031f1 : c7c7c7c7;
000031f2 : c7c7c7c7;
000031f3 : c7c7c7c7;
000031f4 : c7c7c7c7;
000031f5 : c7c7c7c7;
000031f6 : c7c701c7;
000031f7 : 0a0a0a01;
000031f8 : 130a0a53;
000031f9 : c7c70101;
000031fa : c7c7c7c7;
000031fb : c7c7c7c7;
000031fc : c7c7c7c7;
000031fd : c7c7c7c7;
000031fe : c7c7c7c7;
000031ff : 0a0a01c7;
00003200 : 1313130a;
00003201 : 01015252;
00003202 : c7c7c701;
00003203 : c7c7c7c7;
00003204 : c7c7c7c7;
00003205 : c7c7c7c7;
00003206 : c7c7c7c7;
00003207 : 525201c7;
00003208 : 53131313;
00003209 : 0a0a0a53;
0000320a : c701010a;
0000320b : c7c7c7c7;
0000320c : c7c7c7c7;
0000320d : c7c7c7c7;
0000320e : c7c7c7c7;
0000320f : 0a0a0a01;
00003210 : 0101010a;
00003211 : 01010101;
00003212 : 010a0a0a;
00003213 : c7c7c7c7;
00003214 : c7c7c7c7;
00003215 : c7c7c7c7;
00003216 : 01c7c7c7;
00003217 : 010a0a0a;
00003218 : 2d2d2401;
00003219 : 246e6e6e;
0000321a : c701010a;
0000321b : c7dac7c7;
0000321c : c7c7c7c7;
0000321d : c7c7c7c7;
0000321e : 0a0101c7;
0000321f : 6e01010a;
00003220 : 6e242d2d;
00003221 : 41226e22;
00003222 : c7c7c72d;
00003223 : c7dadac7;
00003224 : c7c7c7c7;
00003225 : c7c7c7c7;
00003226 : 010a1301;
00003227 : 6e242401;
00003228 : 6e6e242d;
00003229 : 416b6e6b;
0000322a : c7c7c72d;
0000322b : daa3dada;
0000322c : c7c7c7c7;
0000322d : c7c7c7c7;
0000322e : 010101c7;
0000322f : 6e6e6e24;
00003230 : 6e6e246e;
00003231 : 416e6e6e;
00003232 : c7c7c7c7;
00003233 : 01a3a301;
00003234 : c7c7c7c7;
00003235 : c7c7c7c7;
00003236 : c7c7c7c7;
00003237 : 2d6e6e24;
00003238 : 6e6e246e;
00003239 : 416e6e6e;
0000323a : c7c7c7c7;
0000323b : c70113c7;
0000323c : c7c7c7c7;
0000323d : c7c7c7c7;
0000323e : c7c7c7c7;
0000323f : 2d6e6e24;
00003240 : 652d6e2d;
00003241 : 53416e6e;
00003242 : c7c7c741;
00003243 : c70a13c7;
00003244 : c7c7c7c7;
00003245 : c7c7c7c7;
00003246 : 24c7c7c7;
00003247 : 2d2d2d6e;
00003248 : 4a6e5353;
00003249 : 4a4a5313;
0000324a : c7c74141;
0000324b : c7010ac7;
0000324c : c7c7c7c7;
0000324d : c7c7c7c7;
0000324e : 24c7c7c7;
0000324f : 4124246e;
00003250 : 93934a4a;
00003251 : 4a530a4a;
00003252 : c7414a93;
00003253 : c7c70113;
00003254 : c7c7c7c7;
00003255 : c7c7c7c7;
00003256 : 24c7c7c7;
00003257 : 9324246e;
00003258 : 93534153;
00003259 : 410a4a93;
0000325a : 41934a4a;
0000325b : c7c70113;
0000325c : c7c7c7c7;
0000325d : c7c7c7c7;
0000325e : 24c7c7c7;
0000325f : 93412d2d;
00003260 : 93934153;
00003261 : 01539393;
00003262 : ae4a934a;
00003263 : c7c701ae;
00003264 : c7c7c7c7;
00003265 : c7c7c7c7;
00003266 : c7c7c7c7;
00003267 : 4a412424;
00003268 : 4a4a4153;
00003269 : 534a4a4a;
0000326a : 664a4101;
0000326b : c7c701ae;
0000326c : c7c7c7c7;
0000326d : c7c7c7c7;
0000326e : c7c7c7c7;
0000326f : 5341c7c7;
00003270 : 53415353;
00003271 : 130a1353;
00003272 : 1341000a;
00003273 : c7c7c701;
00003274 : c7c7c7c7;
00003275 : c7c7c7c7;
00003276 : c7c7c7c7;
00003277 : 41c7c7c7;
00003278 : 0a66ae93;
00003279 : 0a535353;
0000327a : 1300000a;
0000327b : c7c7c701;
0000327c : c7c7c7c7;
0000327d : c7c7c7c7;
0000327e : c7c7c7c7;
0000327f : 414a41c7;
00003280 : 53936641;
00003281 : 9393934a;
00003282 : 13004153;
00003283 : c7c7c701;
00003284 : c7c7c7c7;
00003285 : c7c7c7c7;
00003286 : c7c7c7c7;
00003287 : 93934a41;
00003288 : 4a535393;
00003289 : 5353534a;
0000328a : 53415353;
0000328b : c7c7c70a;
0000328c : c7c7c7c7;
0000328d : c7c7c7c7;
0000328e : c7c7c7c7;
0000328f : 93534a41;
00003290 : 4a4a4a53;
00003291 : 4a4a4a4a;
00003292 : 414a534a;
00003293 : c7c7c70a;
00003294 : c7c7c7c7;
00003295 : c7c7c7c7;
00003296 : c7c7c7c7;
00003297 : 4a534a41;
00003298 : 4a414141;
00003299 : 41414a4a;
0000329a : 414a4a41;
0000329b : c7c7c70a;
0000329c : c7c7c7c7;
0000329d : c7c7c7c7;
0000329e : c7c7c7c7;
0000329f : 414a4a41;
000032a0 : 41130a01;
000032a1 : 0a134141;
000032a2 : 53414a01;
000032a3 : c7c7c701;
000032a4 : c7c7c7c7;
000032a5 : c7c7c7c7;
000032a6 : c7c7c7c7;
000032a7 : 414141c7;
000032a8 : c70a1301;
000032a9 : 011301c7;
000032aa : 13c741c7;
000032ab : c7c7c701;
000032ac : c7c7c7c7;
000032ad : c7c7c7c7;
000032ae : c7c7c7c7;
000032af : c7c7c7c7;
000032b0 : 01535301;
000032b1 : 535301c7;
000032b2 : 13c7c701;
000032b3 : c7c7c70a;
000032b4 : c7c7c7c7;
000032b5 : c7c7c7c7;
000032b6 : c7c7c7c7;
000032b7 : c7c7c7c7;
000032b8 : 0101010a;
000032b9 : 01010ac7;
000032ba : 53c7c701;
000032bb : c7c7c701;
000032bc : c7c7c7c7;
000032bd : c7c7c7c7;
000032be : c7c7c7c7;
000032bf : c7c7c7c7;
000032c0 : c7c7c7c7;
000032c1 : c7c7c7c7;
000032c2 : c7c7c7c7;
000032c3 : c7c7c7c7;
000032c4 : c7c7c7c7;
000032c5 : c7c7c7c7;
000032c6 : c7c7c7c7;
000032c7 : c7c7c7c7;
000032c8 : c7c7c7c7;
000032c9 : c7c7c7c7;
000032ca : c7c7c7c7;
000032cb : c7c7c7c7;
000032cc : c7c7c7c7;
000032cd : c7c7c7c7;
000032ce : 01c7c7c7;
000032cf : c7010101;
000032d0 : c7c7c7c7;
000032d1 : c7c7c7c7;
000032d2 : c7c7c7c7;
000032d3 : c7c7c7c7;
000032d4 : c7c7c7c7;
000032d5 : c7c7c7c7;
000032d6 : 0a01c7c7;
000032d7 : 010a0a0a;
000032d8 : c7c7c7c7;
000032d9 : c7c7c7c7;
000032da : c7c7c7c7;
000032db : c7c7c7c7;
000032dc : c7c7c7c7;
000032dd : c7c7c7c7;
000032de : 010a01c7;
000032df : 0a130a0a;
000032e0 : c7c70101;
000032e1 : c7c7c7c7;
000032e2 : c7c7c7c7;
000032e3 : c7c7c7c7;
000032e4 : c7c7c7c7;
000032e5 : c7c7c7c7;
000032e6 : c70101c7;
000032e7 : 130a0a01;
000032e8 : 01010a13;
000032e9 : c7c7c7c7;
000032ea : c7c7c7c7;
000032eb : c7c7c7c7;
000032ec : c7c7c7c7;
000032ed : c7c7c7c7;
000032ee : c7c701c7;
000032ef : 0a0a0a01;
000032f0 : 130a0a53;
000032f1 : c7c70101;
000032f2 : c7c7c7c7;
000032f3 : c7c7c7c7;
000032f4 : c7c7c7c7;
000032f5 : c7c7c7c7;
000032f6 : c7c7c7c7;
000032f7 : 0a0a01c7;
000032f8 : 1313130a;
000032f9 : 01015252;
000032fa : c7c7c701;
000032fb : c7c7c7c7;
000032fc : c7c7c7c7;
000032fd : c7c7c7c7;
000032fe : c7c7c7c7;
000032ff : 525201c7;
00003300 : 53131313;
00003301 : 0a0a0a53;
00003302 : c743010a;
00003303 : c7c7c7c7;
00003304 : c7c7c7c7;
00003305 : c7c7c7c7;
00003306 : c7c7c7c7;
00003307 : 0a0a0a01;
00003308 : 0101010a;
00003309 : 01010101;
0000330a : 010a0a0a;
0000330b : c7c7c7c7;
0000330c : c7c7c7c7;
0000330d : c7c7c7c7;
0000330e : 01c7c7c7;
0000330f : 010a0a0a;
00003310 : 2d2d2401;
00003311 : 246e6e6e;
00003312 : c701010a;
00003313 : dac7c7c7;
00003314 : c7c7c7c7;
00003315 : c7c7c7c7;
00003316 : 0a0101c7;
00003317 : 6e01010a;
00003318 : 6e242d2d;
00003319 : 41226e22;
0000331a : c7c7c72d;
0000331b : dadac7c7;
0000331c : c7c7c7c7;
0000331d : c7c7c7c7;
0000331e : 010a1301;
0000331f : 6e242401;
00003320 : 6e6e242d;
00003321 : 416b6e6b;
00003322 : c7c7c72d;
00003323 : a3dadac7;
00003324 : c7c7c7da;
00003325 : c7c7c7c7;
00003326 : 010101c7;
00003327 : 6e6e6e24;
00003328 : 6e6e246e;
00003329 : 416e6e6e;
0000332a : c7c7c7c7;
0000332b : a3a301c7;
0000332c : c7c7c701;
0000332d : c7c7c7c7;
0000332e : c7c7c7c7;
0000332f : 2d6e6e24;
00003330 : 6e66246e;
00003331 : 416e6e6e;
00003332 : c7c7c7c7;
00003333 : 0113c7c7;
00003334 : c7c7c7c7;
00003335 : c7c7c7c7;
00003336 : c7c7c7c7;
00003337 : 2d6e6e24;
00003338 : 66666e2d;
00003339 : 41416e6e;
0000333a : c7c7c7c7;
0000333b : 0a13c7c7;
0000333c : c7c7c7c7;
0000333d : c7c7c7c7;
0000333e : 24c7c7c7;
0000333f : 2d2d2d6e;
00003340 : 132d6e41;
00003341 : 53934a53;
00003342 : c7c74141;
00003343 : 010ac7c7;
00003344 : c7c7c7c7;
00003345 : c7c7c7c7;
00003346 : 24c7c7c7;
00003347 : 4124246e;
00003348 : 4a6e5353;
00003349 : 4a4a5313;
0000334a : 41419393;
0000334b : c70113c7;
0000334c : c7c7c7c7;
0000334d : c7c7c7c7;
0000334e : 24c7c7c7;
0000334f : 41c7246e;
00003350 : 93934a93;
00003351 : 4a530a4a;
00003352 : 93934a93;
00003353 : c7011341;
00003354 : c7c7c7c7;
00003355 : c7c7c7c7;
00003356 : 24c7c7c7;
00003357 : 9341c72d;
00003358 : 93534153;
00003359 : 410a4a93;
0000335a : 934a4a4a;
0000335b : c701aeae;
0000335c : c7c7c7c7;
0000335d : c7c7c7c7;
0000335e : 2d5dc7c7;
0000335f : 9341c7c7;
00003360 : 93934153;
00003361 : 01539393;
00003362 : 4a41c74a;
00003363 : c701ae66;
00003364 : c7c7c7c7;
00003365 : c7c7c7c7;
00003366 : c7c7c7c7;
00003367 : 4a41c7c7;
00003368 : 010a4153;
00003369 : 530a0a53;
0000336a : 41c7c701;
0000336b : c7c70113;
0000336c : c7c7c7c7;
0000336d : c7c7c7c7;
0000336e : c7c7c7c7;
0000336f : 5341c7c7;
00003370 : 0a934153;
00003371 : 13535353;
00003372 : c7c7c70a;
00003373 : c7c70113;
00003374 : c7c7c7c7;
00003375 : c7c7c7c7;
00003376 : c7c7c7c7;
00003377 : 41c7c7c7;
00003378 : 939366ae;
00003379 : 93939393;
0000337a : c7c74193;
0000337b : c7c70113;
0000337c : c7c7c7c7;
0000337d : c7c7c7c7;
0000337e : c7c7c7c7;
0000337f : 414a41c7;
00003380 : 53939366;
00003381 : 9393934a;
00003382 : c7415353;
00003383 : c7c70a53;
00003384 : c7c7c7c7;
00003385 : c7c7c7c7;
00003386 : c7c7c7c7;
00003387 : 93934a41;
00003388 : 4a535393;
00003389 : 5353534a;
0000338a : 41535353;
0000338b : c7c70a53;
0000338c : c7c7c7c7;
0000338d : c7c7c7c7;
0000338e : 41c7c7c7;
0000338f : 9353534a;
00003390 : 41ae4a53;
00003391 : ae414a4a;
00003392 : 4a4a41ae;
00003393 : c7c70a41;
00003394 : c7c7c7c7;
00003395 : c7c7c7c7;
00003396 : 4a41c7c7;
00003397 : 41534a4a;
00003398 : 4166ae01;
00003399 : 66014141;
0000339a : 41414101;
0000339b : c7c70153;
0000339c : c7c7c7c7;
0000339d : c7c7c7c7;
0000339e : 41c7c7c7;
0000339f : 01414141;
000033a0 : c7010a13;
000033a1 : 1301c7c7;
000033a2 : c7c7c701;
000033a3 : c7c70113;
000033a4 : c7c7c7c7;
000033a5 : c7c7c7c7;
000033a6 : c7c7c7c7;
000033a7 : 01c7c7c7;
000033a8 : c7015313;
000033a9 : 1301c7c7;
000033aa : c7c70153;
000033ab : c7c70a13;
000033ac : c7c7c7c7;
000033ad : c7c7c7c7;
000033ae : c7c7c7c7;
000033af : c7c7c7ad;
000033b0 : c7010101;
000033b1 : 01c7c7c7;
000033b2 : c7c70101;
000033b3 : c7c70153;
000033b4 : c7c7c7c7;
000033b5 : c7c7c7c7;
000033b6 : adc7c7c7;
000033b7 : c7c7adc7;
000033b8 : c7c7c7c7;
000033b9 : c7c7c7c7;
000033ba : c7c7c7c7;
000033bb : c7c7c7c7;
000033bc : c7c7c7c7;
000033bd : c7c7c7c7;
000033be : c7c7c7c7;
000033bf : c7c7c7c7;
000033c0 : c7c7c7c7;
000033c1 : c7c7c7c7;
000033c2 : c7c7c7c7;
000033c3 : c7c7c7c7;
000033c4 : c7c7c7c7;
000033c5 : c7c7c7c7;
000033c6 : 01c7c7c7;
000033c7 : c7010101;
000033c8 : c7c7c7c7;
000033c9 : c7c7c7c7;
000033ca : c7c7c7c7;
000033cb : c7c7c7c7;
000033cc : c7c7c7c7;
000033cd : c7c7c7c7;
000033ce : 0a01c7c7;
000033cf : 010a0a0a;
000033d0 : c7c7c7c7;
000033d1 : c7c7c7c7;
000033d2 : c7c7c7c7;
000033d3 : c7c7c7c7;
000033d4 : c7c7c7c7;
000033d5 : c7c7c7c7;
000033d6 : 010a01c7;
000033d7 : 0a130a0a;
000033d8 : c7c70101;
000033d9 : c7c7c7c7;
000033da : c7c7c7c7;
000033db : c7c7c7c7;
000033dc : c7c7c7c7;
000033dd : c7c7c7c7;
000033de : c70101c7;
000033df : 130a0a01;
000033e0 : 01010a13;
000033e1 : c7c7c7c7;
000033e2 : c7c7c7c7;
000033e3 : c7c7c7c7;
000033e4 : c7c7c7c7;
000033e5 : c7c7c7c7;
000033e6 : c7c701c7;
000033e7 : 0a0a0a01;
000033e8 : 130a0a53;
000033e9 : c7c70101;
000033ea : c7c7c7c7;
000033eb : c7c7c7c7;
000033ec : c7c7c7c7;
000033ed : c7c7c7c7;
000033ee : c7c7c7c7;
000033ef : 0a0a01c7;
000033f0 : 1313130a;
000033f1 : 01015252;
000033f2 : c7c7c701;
000033f3 : c7c7c7c7;
000033f4 : c7c7c7c7;
000033f5 : c7c7c7c7;
000033f6 : c7c7c7c7;
000033f7 : 525201c7;
000033f8 : 53131313;
000033f9 : 0a0a0a53;
000033fa : c743010a;
000033fb : c7c7c7c7;
000033fc : c7c7c7c7;
000033fd : c7c7c7c7;
000033fe : c7c7c7c7;
000033ff : 0a0a0a01;
00003400 : 0101010a;
00003401 : 01010101;
00003402 : 010a0a0a;
00003403 : c7c7c7c7;
00003404 : c7c7c7c7;
00003405 : c7c7c7c7;
00003406 : 01c7c7c7;
00003407 : 010a0a0a;
00003408 : 2d2d2401;
00003409 : 246e6e6e;
0000340a : c701010a;
0000340b : c7c7c7c7;
0000340c : c7c7dac7;
0000340d : c7c7c7c7;
0000340e : 0a0101c7;
0000340f : 6e01010a;
00003410 : 6e242d2d;
00003411 : 41226e22;
00003412 : c7c7c72d;
00003413 : c7c7c7c7;
00003414 : c7c7dada;
00003415 : c7c7c7c7;
00003416 : 010a1301;
00003417 : 6e242401;
00003418 : 6e6e242d;
00003419 : 416b6e6b;
0000341a : c7c7c72d;
0000341b : dac7c7c7;
0000341c : c7daa3da;
0000341d : c7c7c7c7;
0000341e : 010101c7;
0000341f : 6e6e6e24;
00003420 : 6e6e246e;
00003421 : 416e6e6e;
00003422 : c7c7c7c7;
00003423 : 01c7c7c7;
00003424 : c701a3a3;
00003425 : c7c7c7c7;
00003426 : c7c7c7c7;
00003427 : 2d6e6e24;
00003428 : 6e66246e;
00003429 : 416e6e6e;
0000342a : c7c7c7c7;
0000342b : c7c7c7c7;
0000342c : c7c70a0a;
0000342d : c7c7c7c7;
0000342e : c7c7c7c7;
0000342f : 2d6e6e24;
00003430 : 66666e2d;
00003431 : 41416e6e;
00003432 : c7c7c7c7;
00003433 : c7c7c7c7;
00003434 : c7c70113;
00003435 : c7c7c7c7;
00003436 : 24c7c7c7;
00003437 : c72d2d6e;
00003438 : 13132d6e;
00003439 : 9393934a;
0000343a : c7c74141;
0000343b : c7c7c7c7;
0000343c : c7c7010a;
0000343d : c7c7c7c7;
0000343e : 24c7c7c7;
0000343f : 2dc7246e;
00003440 : 134a5341;
00003441 : 53934a53;
00003442 : 41419393;
00003443 : 4cc7c7c7;
00003444 : c7c7c701;
00003445 : c7c7c7c7;
00003446 : 24c7c7c7;
00003447 : 41c7246e;
00003448 : 4a935353;
00003449 : 4a4a5313;
0000344a : 93934a93;
0000344b : 13c74141;
0000344c : c7c7c701;
0000344d : c7c7c7c7;
0000344e : 6e2424c7;
0000344f : 5341c72d;
00003450 : 93934a4a;
00003451 : 4a530a4a;
00003452 : 934a4a93;
00003453 : 01aeae93;
00003454 : c7c7c7c7;
00003455 : c7c7c7c7;
00003456 : 6e2d2dc7;
00003457 : 9341c7c7;
00003458 : 93539341;
00003459 : 410a4a93;
0000345a : 41004a4a;
0000345b : 01ae664a;
0000345c : c7c7c7c7;
0000345d : c7c7c7c7;
0000345e : c7c7c7c7;
0000345f : 935341c7;
00003460 : 93939341;
00003461 : 01539393;
00003462 : c7c7004a;
00003463 : 0a13c741;
00003464 : c7c7c7c7;
00003465 : c7c7c7c7;
00003466 : c7c7c7c7;
00003467 : 4a5341c7;
00003468 : 010a0a41;
00003469 : 530a0a53;
0000346a : c7c7c701;
0000346b : 0101c7c7;
0000346c : c7c7c7c7;
0000346d : c7c7c7c7;
0000346e : c7c7c7c7;
0000346f : 535341c7;
00003470 : 0a530a41;
00003471 : 13535353;
00003472 : c7c7c70a;
00003473 : 0113c7c7;
00003474 : c7c7c7c7;
00003475 : c7c7c7c7;
00003476 : c7c7c7c7;
00003477 : 66ae41c7;
00003478 : 4a539393;
00003479 : 93939393;
0000347a : c7c74153;
0000347b : 0a01c7c7;
0000347c : c7c7c7c7;
0000347d : c7c7c7c7;
0000347e : 414141c7;
0000347f : 93664141;
00003480 : ae4a4a53;
00003481 : 5353934a;
00003482 : c74153ae;
00003483 : 0a13c7c7;
00003484 : c7c7c7c7;
00003485 : c7c7c7c7;
00003486 : 4a4a41c7;
00003487 : 53535353;
00003488 : aeae4a4a;
00003489 : 66415341;
0000348a : 414a41ae;
0000348b : 0a13c7c7;
0000348c : c7c7c7c7;
0000348d : c7c7c7c7;
0000348e : 4141c7c7;
0000348f : 4a4a534a;
00003490 : 41660141;
00003491 : 0a414a4a;
00003492 : 4a4a4166;
00003493 : 130ac741;
00003494 : c7c7c7c7;
00003495 : c7c7c7c7;
00003496 : c7c7c7c7;
00003497 : 414a4a41;
00003498 : 41ae0a0a;
00003499 : 13534141;
0000349a : 41414153;
0000349b : 010ac7c7;
0000349c : c7c7c7c7;
0000349d : c7c7c7c7;
0000349e : c7c7c7c7;
0000349f : 014141c7;
000034a0 : c7531353;
000034a1 : 01131301;
000034a2 : c7c7c7c7;
000034a3 : 0113c7c7;
000034a4 : c7c7c7c7;
000034a5 : c7c7c7c7;
000034a6 : c7c7c7c7;
000034a7 : 01c7c7c7;
000034a8 : c7011353;
000034a9 : c7010101;
000034aa : c7c7c7c7;
000034ab : c7c7c7c7;
000034ac : c7c7c7c7;
000034ad : c7c7c7c7;
000034ae : c7c7c7c7;
000034af : c7c7adc7;
000034b0 : c7010101;
000034b1 : c7c7c7c7;
000034b2 : c7c7c7c7;
000034b3 : c7c7c7c7;
000034b4 : c7c7c7c7;
000034b5 : c7c7c7c7;
000034b6 : c7c7c7c7;
000034b7 : c7adc7ad;
000034b8 : c7c7c7c7;
000034b9 : c7c7c7ad;
000034ba : c7c7c7c7;
000034bb : c7c7c7c7;
000034bc : c7c7c7c7;
000034bd : c7c7c7c7;
000034be : 01c7c7c7;
000034bf : c7010101;
000034c0 : c7c7c7c7;
000034c1 : c7c7c7c7;
000034c2 : c7c7c7c7;
000034c3 : c7c7c7c7;
000034c4 : c7c7c7c7;
000034c5 : c7c7c7c7;
000034c6 : 0a01c7c7;
000034c7 : 010a0a0a;
000034c8 : c7c7c7c7;
000034c9 : c7c7c7c7;
000034ca : c7c7c7c7;
000034cb : c7c7c7c7;
000034cc : c7c7c7c7;
000034cd : c7c7c7c7;
000034ce : 010a01c7;
000034cf : 0a130a0a;
000034d0 : c7c70101;
000034d1 : c7c7c7c7;
000034d2 : c7c7c7c7;
000034d3 : c7c7c7c7;
000034d4 : c7c7c7c7;
000034d5 : c7c7c7c7;
000034d6 : c70101c7;
000034d7 : 130a0a01;
000034d8 : 01010a13;
000034d9 : c7c7c7c7;
000034da : c7c7c7c7;
000034db : c7c7c7c7;
000034dc : c7c7c7c7;
000034dd : c7c7c7c7;
000034de : c7c701c7;
000034df : 0a0a0a01;
000034e0 : 130a0a53;
000034e1 : c7c70101;
000034e2 : c7c7c7c7;
000034e3 : c7c7c7c7;
000034e4 : c7c7c7c7;
000034e5 : c7c7c7c7;
000034e6 : c7c7c7c7;
000034e7 : 0a0a01c7;
000034e8 : 1313130a;
000034e9 : 01015252;
000034ea : c7c7c701;
000034eb : c7c7c7c7;
000034ec : c7c7c7c7;
000034ed : c7c7c7c7;
000034ee : c7c7c7c7;
000034ef : 525201c7;
000034f0 : 53131313;
000034f1 : 0a0a0a53;
000034f2 : c701010a;
000034f3 : c7c7c7c7;
000034f4 : c7c7c7c7;
000034f5 : c7c7c7c7;
000034f6 : c7c7c7c7;
000034f7 : 0a0a0a01;
000034f8 : 0101010a;
000034f9 : 01010101;
000034fa : 010a0a0a;
000034fb : c7c7c7c7;
000034fc : c7c7c7c7;
000034fd : c7c7c7c7;
000034fe : 01c7c7c7;
000034ff : 010a0a0a;
00003500 : 2d2d2401;
00003501 : 246e6e6e;
00003502 : c701010a;
00003503 : c7c7c7c7;
00003504 : c7c7c7da;
00003505 : c7c7c7c7;
00003506 : 0a0101c7;
00003507 : 6e01010a;
00003508 : 6e242d2d;
00003509 : 41226e22;
0000350a : c7c7c72d;
0000350b : dac7c7c7;
0000350c : c7c7c7da;
0000350d : c7c7c7c7;
0000350e : 010a1301;
0000350f : 6e242401;
00003510 : 6e6e242d;
00003511 : 416b6e6b;
00003512 : c7c7c72d;
00003513 : dadac7c7;
00003514 : c7c7daa3;
00003515 : c7c7c7c7;
00003516 : 010101c7;
00003517 : 6e6e6e24;
00003518 : 6e6e246e;
00003519 : 416e6e6e;
0000351a : c7c7c7c7;
0000351b : a301c7c7;
0000351c : c7c701a3;
0000351d : c7c7c7c7;
0000351e : c7c7c7c7;
0000351f : 2d6e6e24;
00003520 : 6e66246e;
00003521 : 416e6e6e;
00003522 : c7c7c7c7;
00003523 : 13c7c7c7;
00003524 : c7c7c701;
00003525 : c7c7c7c7;
00003526 : c7c7c7c7;
00003527 : 2d6e6e24;
00003528 : 66666e2d;
00003529 : 41416e6e;
0000352a : c7c7c7c7;
0000352b : 13c7c7c7;
0000352c : c7c7c70a;
0000352d : c7c7c7c7;
0000352e : 24c7c7c7;
0000352f : c72d2d6e;
00003530 : 13132d6e;
00003531 : 9393934a;
00003532 : c7c74141;
00003533 : 0ac7c7c7;
00003534 : c7c7c701;
00003535 : c7c7c7c7;
00003536 : 24c7c7c7;
00003537 : 2dc7246e;
00003538 : 134a5341;
00003539 : 53934a53;
0000353a : 41419393;
0000353b : 0113c7c7;
0000353c : c7c7c7c7;
0000353d : c7c7c7c7;
0000353e : 6e242424;
0000353f : 41c7246e;
00003540 : 4a935353;
00003541 : 4a4a5313;
00003542 : 93934a93;
00003543 : 01134141;
00003544 : c7c7c7c7;
00003545 : 24c7c7c7;
00003546 : 2d6e2d6e;
00003547 : 5341c7c7;
00003548 : 93934a4a;
00003549 : 4a530a4a;
0000354a : 934a4a93;
0000354b : 01aeae93;
0000354c : c7c7c7c7;
0000354d : c7c7c7c7;
0000354e : 2dc7c7c7;
0000354f : 9341c7c7;
00003550 : 93539341;
00003551 : 410a4a93;
00003552 : 41c74a4a;
00003553 : 01ae664a;
00003554 : c7c7c7c7;
00003555 : c7c7c7c7;
00003556 : c7c7c7c7;
00003557 : 935341c7;
00003558 : 93939341;
00003559 : 01539393;
0000355a : 00c7c74a;
0000355b : c7011341;
0000355c : c7c7c7c7;
0000355d : c7c7c7c7;
0000355e : c7c7c7c7;
0000355f : 4a5341c7;
00003560 : 010a0a41;
00003561 : 530a0a53;
00003562 : c7c7c701;
00003563 : c70113c7;
00003564 : c7c7c7c7;
00003565 : c7c7c7c7;
00003566 : c7c7c7c7;
00003567 : 53539341;
00003568 : 0a530a41;
00003569 : 13535353;
0000356a : c7c7c70a;
0000356b : c70113c7;
0000356c : c7c7c7c7;
0000356d : c7c7c7c7;
0000356e : c7c7c7c7;
0000356f : 4166ae41;
00003570 : 4a539393;
00003571 : 93939393;
00003572 : c7c74153;
00003573 : c70a53c7;
00003574 : c7c7c7c7;
00003575 : c7c7c7c7;
00003576 : 414141c7;
00003577 : 93936641;
00003578 : ae4a4a53;
00003579 : 5353934a;
0000357a : c74153ae;
0000357b : c70a53c7;
0000357c : c7c7c7c7;
0000357d : c7c7c7c7;
0000357e : 4a4a41c7;
0000357f : 53535353;
00003580 : aeae4a4a;
00003581 : 66415341;
00003582 : 414a41ae;
00003583 : c70a0a00;
00003584 : c7c7c7c7;
00003585 : c7c7c7c7;
00003586 : 4141c7c7;
00003587 : 4a4a534a;
00003588 : 41660141;
00003589 : 0a414a4a;
0000358a : 4a4a4166;
0000358b : c7015341;
0000358c : c7c7c7c7;
0000358d : c7c7c7c7;
0000358e : c7c7c7c7;
0000358f : 414a4a41;
00003590 : 41ae0a0a;
00003591 : 13534141;
00003592 : 41414153;
00003593 : c7011300;
00003594 : c7c7c7c7;
00003595 : c7c7c7c7;
00003596 : c7c7c7c7;
00003597 : 014141c7;
00003598 : c7531353;
00003599 : 01131301;
0000359a : c7c7c7c7;
0000359b : c70a13c7;
0000359c : c7c7c7c7;
0000359d : c7c7c7c7;
0000359e : c7c7c7c7;
0000359f : 01c7c7c7;
000035a0 : c7011353;
000035a1 : c7010101;
000035a2 : c7c7c7c7;
000035a3 : c70153c7;
000035a4 : c7c7c7c7;
000035a5 : c7c7c7c7;
000035a6 : c7c7c7c7;
000035a7 : c7c7c7ad;
000035a8 : c7010101;
000035a9 : c7c7c7ad;
000035aa : c7c7c7c7;
000035ab : c7c7c7c7;
000035ac : c7c7c7c7;
000035ad : c7c7c7c7;
000035ae : adc7c7c7;
000035af : c7c7adc7;
000035b0 : adc7c7c7;
000035b1 : c7c7adc7;
000035b2 : c7c7c7c7;
000035b3 : c7c7c7c7;
000035b4 : c7c7c7c7;
000035b5 : c7c7c7c7;
000035b6 : c7c7c7c7;
000035b7 : c7c7c7ad;
000035b8 : c7c7c7ad;
000035b9 : c7c7c7ad;
000035ba : c7c7c7c7;
000035bb : c7c7c7c7;
000035bc : c7c7c7c7;
000035bd : c7c7c7c7;
000035be : c7c7c7c7;
000035bf : c7c7c7c7;
000035c0 : c7c7c7c7;
000035c1 : c7c7c7c7;
000035c2 : c7c7c7c7;
000035c3 : c7c7c7c7;
000035c4 : c7c7c7c7;
000035c5 : c7c7c7c7;
000035c6 : 01c7c7c7;
000035c7 : c7010101;
000035c8 : c7c7c7c7;
000035c9 : c7c7c7c7;
000035ca : c7c7c7c7;
000035cb : c7c7c7c7;
000035cc : c7c7c7c7;
000035cd : c7c7c7c7;
000035ce : 0a01c7c7;
000035cf : 010a0a0a;
000035d0 : c7c7c7c7;
000035d1 : c7c7c7c7;
000035d2 : c7c7c7c7;
000035d3 : c7c7c7c7;
000035d4 : c7c7c7c7;
000035d5 : c7c7c7c7;
000035d6 : 010a01c7;
000035d7 : 0a130a0a;
000035d8 : c7c70101;
000035d9 : c7c7c7c7;
000035da : c7c7c7c7;
000035db : c7c7c7c7;
000035dc : c7c7c7c7;
000035dd : c7c7c7c7;
000035de : c70101c7;
000035df : 130a0a01;
000035e0 : 01010a13;
000035e1 : c7c7c7c7;
000035e2 : c7c7c7c7;
000035e3 : c7c7c7c7;
000035e4 : c7c7c7c7;
000035e5 : c7c7c7c7;
000035e6 : c7c701c7;
000035e7 : 0a0a0a01;
000035e8 : 130a0a53;
000035e9 : c7c70101;
000035ea : c7c7c7c7;
000035eb : c7c7c7c7;
000035ec : c7c7c7c7;
000035ed : c7c7c7c7;
000035ee : c7c7c7c7;
000035ef : 0a0a01c7;
000035f0 : 1313130a;
000035f1 : 01015252;
000035f2 : c7c7c701;
000035f3 : c7c7c7c7;
000035f4 : c7c7c7c7;
000035f5 : c7c7c7c7;
000035f6 : c7c7c7c7;
000035f7 : 525201c7;
000035f8 : 53131313;
000035f9 : 0a0a0a53;
000035fa : c701010a;
000035fb : c7c7c7c7;
000035fc : c7c7c7c7;
000035fd : c7c7c7c7;
000035fe : c7c7c7c7;
000035ff : 0a0a0a01;
00003600 : 0101010a;
00003601 : 01010101;
00003602 : 010a0a0a;
00003603 : c7c7c7c7;
00003604 : c7c7c7c7;
00003605 : c7c7c7c7;
00003606 : 01c7c7c7;
00003607 : 010a0a0a;
00003608 : 2d2d2401;
00003609 : 246e6e6e;
0000360a : c701010a;
0000360b : c7c7c7c7;
0000360c : c7c7c7da;
0000360d : c7c7c7c7;
0000360e : 0a0101c7;
0000360f : 6e01010a;
00003610 : 6e242d2d;
00003611 : 41226e22;
00003612 : c7c7c72d;
00003613 : dac7c7c7;
00003614 : c7c7c7da;
00003615 : c7c7c7c7;
00003616 : 010a1301;
00003617 : 6e242401;
00003618 : 6e6e242d;
00003619 : 416b6e6b;
0000361a : c7c7c72d;
0000361b : dadac7c7;
0000361c : c7c7daa3;
0000361d : c7c7c7c7;
0000361e : 010101c7;
0000361f : 6e6e6e24;
00003620 : 6e6e246e;
00003621 : 416e6e6e;
00003622 : c7c7c7c7;
00003623 : a301c7c7;
00003624 : c7c701a3;
00003625 : c7c7c7c7;
00003626 : c7c7c7c7;
00003627 : 2d6e6e24;
00003628 : 6e66246e;
00003629 : 416e6e6e;
0000362a : c7c7c7c7;
0000362b : 13c7c7c7;
0000362c : c7c7c701;
0000362d : c7c7c7c7;
0000362e : c7c7c7c7;
0000362f : 2d6e6e24;
00003630 : 66666e2d;
00003631 : 41416e6e;
00003632 : c7c7c7c7;
00003633 : 13c7c7c7;
00003634 : c7c7c70a;
00003635 : c7c7c7c7;
00003636 : 24c7c7c7;
00003637 : c72d2d6e;
00003638 : 13132d6e;
00003639 : 9393934a;
0000363a : c7c74141;
0000363b : 0ac7c7c7;
0000363c : c7c7c701;
0000363d : c7c7c7c7;
0000363e : 24c7c7c7;
0000363f : 2dc7246e;
00003640 : 134a5341;
00003641 : 53934a53;
00003642 : 41419393;
00003643 : 0113c7c7;
00003644 : c7c7c7c7;
00003645 : c7c7c7c7;
00003646 : 24c7c7c7;
00003647 : 41c7246e;
00003648 : 4a935353;
00003649 : 4a4a5313;
0000364a : 93934a93;
0000364b : 01134141;
0000364c : c7c7c7c7;
0000364d : c7c7c7c7;
0000364e : 6e2424c7;
0000364f : 5341c72d;
00003650 : 93934a4a;
00003651 : 4a530a4a;
00003652 : 934a4a93;
00003653 : 01aeae93;
00003654 : c7c7c7c7;
00003655 : c7c7c7c7;
00003656 : 6e2d2dc7;
00003657 : 9341c7c7;
00003658 : 93539341;
00003659 : 410a4a93;
0000365a : 41c74a4a;
0000365b : 01ae664a;
0000365c : c7c7c7c7;
0000365d : c7c7c7c7;
0000365e : c7c7c7c7;
0000365f : 935341c7;
00003660 : 93939341;
00003661 : 01539393;
00003662 : c7c7c74a;
00003663 : c7011341;
00003664 : c7c7c7c7;
00003665 : c7c7c7c7;
00003666 : c7c7c7c7;
00003667 : 4a5341c7;
00003668 : 010a0a41;
00003669 : 530a0a53;
0000366a : c7c7c701;
0000366b : c70113c7;
0000366c : c7c7c7c7;
0000366d : c7c7c7c7;
0000366e : c7c7c7c7;
0000366f : 535341c7;
00003670 : 0a530a41;
00003671 : 13535353;
00003672 : c7c7c70a;
00003673 : c70113c7;
00003674 : c7c7c7c7;
00003675 : c7c7c7c7;
00003676 : c7c7c7c7;
00003677 : 66ae41c7;
00003678 : 4a539393;
00003679 : 93939393;
0000367a : c7c74153;
0000367b : c70a53c7;
0000367c : c7c7c7c7;
0000367d : c7c7c7c7;
0000367e : 414141c7;
0000367f : 93664141;
00003680 : ae4a4a53;
00003681 : 5353934a;
00003682 : c74153ae;
00003683 : c70a53c7;
00003684 : c7c7c7c7;
00003685 : c7c7c7c7;
00003686 : 4a4a41c7;
00003687 : 53535353;
00003688 : aeae4a4a;
00003689 : 66415341;
0000368a : 414a41ae;
0000368b : c70a0ac7;
0000368c : c7c7c7c7;
0000368d : c7c7c7c7;
0000368e : 4141c7c7;
0000368f : 4a4a534a;
00003690 : 41660141;
00003691 : 0a414a4a;
00003692 : 4a4a4166;
00003693 : c7015341;
00003694 : c7c7c7c7;
00003695 : c7c7c7c7;
00003696 : c7c7c7c7;
00003697 : 414a4a41;
00003698 : 41ae0a0a;
00003699 : 13534141;
0000369a : 41414153;
0000369b : c70113c7;
0000369c : c7c7c7c7;
0000369d : c7c7c7c7;
0000369e : c7c7c7c7;
0000369f : 014141c7;
000036a0 : c7531353;
000036a1 : 01131301;
000036a2 : c7c7c7c7;
000036a3 : c70a13c7;
000036a4 : c7c7c7c7;
000036a5 : c7c7c7c7;
000036a6 : c7c7c7c7;
000036a7 : 01c7c7c7;
000036a8 : c7011353;
000036a9 : c7010101;
000036aa : c7c7c7c7;
000036ab : c70153c7;
000036ac : c7c7c7c7;
000036ad : c7c7c7c7;
000036ae : c7c7c7c7;
000036af : c7c7adc7;
000036b0 : c7010101;
000036b1 : c7c7c7c7;
000036b2 : c7c7c7c7;
000036b3 : c7c7c7c7;
000036b4 : c7c7c7c7;
000036b5 : c7c7c7c7;
000036b6 : c7c7c7c7;
000036b7 : c7adc7ad;
000036b8 : c7c7c7c7;
000036b9 : c7c7c7ad;
000036ba : c7c7c7c7;
000036bb : c7c7c7c7;
000036bc : c7c7c7c7;
000036bd : c7c7c7c7;
000036be : c7c7c7c7;
000036bf : c7c7c7c7;
000036c0 : c7c7c7c7;
000036c1 : c7c7c7c7;
000036c2 : c7c7c7c7;
000036c3 : c7c7c7c7;
000036c4 : c7c7c7c7;
000036c5 : c7c7c7c7;
000036c6 : c7c7c7c7;
000036c7 : c7c7c7c7;
000036c8 : c7c7c7c7;
000036c9 : c7c7c7c7;
000036ca : c7c7c7c7;
000036cb : c7c7c7c7;
000036cc : c7c7c7c7;
000036cd : c7c7c7c7;
000036ce : 01c7c7c7;
000036cf : c7010101;
000036d0 : c7c7c7c7;
000036d1 : c7c7c7c7;
000036d2 : c7c7c7c7;
000036d3 : c7c7c7c7;
000036d4 : c7c7c7c7;
000036d5 : c7c7c7c7;
000036d6 : 0a01c7c7;
000036d7 : 010a0a0a;
000036d8 : c7c7c7c7;
000036d9 : c7c7c7c7;
000036da : c7c7c7c7;
000036db : c7c7c7c7;
000036dc : c7c7c7c7;
000036dd : c7c7c7c7;
000036de : 010a01c7;
000036df : 0a130a0a;
000036e0 : c7c70101;
000036e1 : c7c7c7c7;
000036e2 : c7c7c7c7;
000036e3 : c7c7c7c7;
000036e4 : c7c7c7c7;
000036e5 : c7c7c7c7;
000036e6 : c70101c7;
000036e7 : 130a0a01;
000036e8 : 01010a13;
000036e9 : c7c7c7c7;
000036ea : c7c7c7c7;
000036eb : c7c7c7c7;
000036ec : c7c7c7c7;
000036ed : c7c7c7c7;
000036ee : c7c701c7;
000036ef : 0a0a0a01;
000036f0 : 130a0a53;
000036f1 : c7c70101;
000036f2 : c7c7c7c7;
000036f3 : c7c7c7c7;
000036f4 : c7c7c7c7;
000036f5 : c7c7c7c7;
000036f6 : c7c7c7c7;
000036f7 : 0a0a01c7;
000036f8 : 1313130a;
000036f9 : 01015252;
000036fa : c7c7c701;
000036fb : c7c7c7c7;
000036fc : c7c7c7c7;
000036fd : c7c7c7c7;
000036fe : c7c7c7c7;
000036ff : 525201c7;
00003700 : 53131313;
00003701 : 0a0a0a53;
00003702 : c701010a;
00003703 : c7c7c7c7;
00003704 : c7c7c7c7;
00003705 : c7c7c7c7;
00003706 : c7c7c7c7;
00003707 : 0a0a0a01;
00003708 : 0101010a;
00003709 : 01010101;
0000370a : 010a0a0a;
0000370b : c7c7c7c7;
0000370c : c7c7c7c7;
0000370d : c7c7c7c7;
0000370e : 01c7c7c7;
0000370f : 010a0a0a;
00003710 : 2d2d2401;
00003711 : 246e6e6e;
00003712 : c701010a;
00003713 : dac7c7c7;
00003714 : c7c7c7c7;
00003715 : c7c7c7c7;
00003716 : 0a0101c7;
00003717 : 6e01010a;
00003718 : 6e242d2d;
00003719 : 41226e22;
0000371a : c7c7c72d;
0000371b : dadac7c7;
0000371c : c7c7c7c7;
0000371d : c7c7c7c7;
0000371e : 010a1301;
0000371f : 6e242401;
00003720 : 6e6e242d;
00003721 : 416b6e6b;
00003722 : c7c7c72d;
00003723 : a3dadac7;
00003724 : c7c7c7da;
00003725 : c7c7c7c7;
00003726 : 010101c7;
00003727 : 6e6e6e24;
00003728 : 6e6e246e;
00003729 : 416e6e6e;
0000372a : c7c7c7c7;
0000372b : a3a301c7;
0000372c : c7c7c701;
0000372d : c7c7c7c7;
0000372e : c7c7c7c7;
0000372f : 2d6e6e24;
00003730 : 6e66246e;
00003731 : 416e6e6e;
00003732 : c7c7c7c7;
00003733 : 0113c7c7;
00003734 : c7c7c7c7;
00003735 : c7c7c7c7;
00003736 : c7c7c7c7;
00003737 : 2d6e6e24;
00003738 : 66666e2d;
00003739 : 41416e6e;
0000373a : c7c7c7c7;
0000373b : 0a13c7c7;
0000373c : c7c7c7c7;
0000373d : c7c7c7c7;
0000373e : 24c7c7c7;
0000373f : 2d2d2d6e;
00003740 : 132d6e41;
00003741 : 53934a53;
00003742 : c7c74141;
00003743 : 010ac7c7;
00003744 : c7c7c7c7;
00003745 : c7c7c7c7;
00003746 : 24c7c7c7;
00003747 : 4124246e;
00003748 : 4a6e5353;
00003749 : 4a4a5313;
0000374a : 41419393;
0000374b : c70113c7;
0000374c : c7c7c7c7;
0000374d : c7c7c7c7;
0000374e : 24c7c7c7;
0000374f : 41c7246e;
00003750 : 93934a93;
00003751 : 4a530a4a;
00003752 : 93934a93;
00003753 : c7011341;
00003754 : c7c7c7c7;
00003755 : c7c7c7c7;
00003756 : 24c7c7c7;
00003757 : 9341c72d;
00003758 : 93534153;
00003759 : 410a4a93;
0000375a : 934a4a4a;
0000375b : c701aeae;
0000375c : c7c7c7c7;
0000375d : c7c7c7c7;
0000375e : 2d24c7c7;
0000375f : 9341c7c7;
00003760 : 93934153;
00003761 : 01539393;
00003762 : 4a41c74a;
00003763 : c701ae66;
00003764 : c7c7c7c7;
00003765 : c7c7c7c7;
00003766 : c7c7c7c7;
00003767 : 4a41c7c7;
00003768 : 010a4153;
00003769 : 530a0a53;
0000376a : 41c7c701;
0000376b : c7c70113;
0000376c : c7c7c7c7;
0000376d : c7c7c7c7;
0000376e : c7c7c7c7;
0000376f : 5341c7c7;
00003770 : 0a934153;
00003771 : 13535353;
00003772 : c7c7c70a;
00003773 : c7c70113;
00003774 : c7c7c7c7;
00003775 : c7c7c7c7;
00003776 : c7c7c7c7;
00003777 : 41c7c7c7;
00003778 : 939366ae;
00003779 : 93939393;
0000377a : c7c74193;
0000377b : c7c70113;
0000377c : c7c7c7c7;
0000377d : c7c7c7c7;
0000377e : c7c7c7c7;
0000377f : 414a41c7;
00003780 : 53939366;
00003781 : 9393934a;
00003782 : c7415353;
00003783 : c7c70a53;
00003784 : c7c7c7c7;
00003785 : c7c7c7c7;
00003786 : c7c7c7c7;
00003787 : 93934a41;
00003788 : 4a535393;
00003789 : 5353534a;
0000378a : 41535353;
0000378b : c7c70a53;
0000378c : c7c7c7c7;
0000378d : c7c7c7c7;
0000378e : 41c7c7c7;
0000378f : 9353534a;
00003790 : 41ae4a53;
00003791 : ae414a4a;
00003792 : 4a4a41ae;
00003793 : c7c70a41;
00003794 : c7c7c7c7;
00003795 : c7c7c7c7;
00003796 : 4a41c7c7;
00003797 : 41534a4a;
00003798 : 4166ae01;
00003799 : 66014141;
0000379a : 41414101;
0000379b : c7c70153;
0000379c : c7c7c7c7;
0000379d : c7c7c7c7;
0000379e : 41c7c7c7;
0000379f : 01414141;
000037a0 : c7010a13;
000037a1 : 1301c7c7;
000037a2 : c7c7c701;
000037a3 : c7c70113;
000037a4 : c7c7c7c7;
000037a5 : c7c7c7c7;
000037a6 : c7c7c7c7;
000037a7 : 01c7c7c7;
000037a8 : c7015313;
000037a9 : 1301c7c7;
000037aa : c7c70153;
000037ab : c7c70a13;
000037ac : c7c7c7c7;
000037ad : c7c7c7c7;
000037ae : c7c7c7c7;
000037af : c7c7c7ad;
000037b0 : c7010101;
000037b1 : 01c7c7c7;
000037b2 : c7c70101;
000037b3 : c7c70153;
000037b4 : c7c7c7c7;
000037b5 : c7c7c7c7;
000037b6 : adc7c7c7;
000037b7 : c7c7adc7;
000037b8 : c7c7c7c7;
000037b9 : c7c7c7c7;
000037ba : c7c7c7c7;
000037bb : c7c7c7c7;
000037bc : c7c7c7c7;
000037bd : c7c7c7c7;
000037be : c7c7c7c7;
000037bf : c7c7c7c7;
000037c0 : c7c7c7c7;
000037c1 : c7c7c7c7;
000037c2 : c7c7c7c7;
000037c3 : c7c7c7c7;
000037c4 : c7c7c7c7;
000037c5 : c7c7c7c7;
000037c6 : c7c7c7c7;
000037c7 : c7c7c7c7;
000037c8 : c7c7c7c7;
000037c9 : c7c7c7c7;
000037ca : c7c7c7c7;
000037cb : c7c7c7c7;
000037cc : c7c7c7c7;
000037cd : c7c7c7c7;
000037ce : c7c7c7c7;
000037cf : c7c7c7c7;
000037d0 : c7c7c7c7;
000037d1 : c7c7c7c7;
000037d2 : c7c7c7c7;
000037d3 : c7c7c7c7;
000037d4 : c7c7c7c7;
000037d5 : c7c7c7c7;
000037d6 : 01c7c7c7;
000037d7 : c7010101;
000037d8 : c7c7c7c7;
000037d9 : c7c7c7c7;
000037da : c7c7c7c7;
000037db : c7c7c7c7;
000037dc : c7c7c7c7;
000037dd : c7c7c7c7;
000037de : 0a01c7c7;
000037df : 010a0a0a;
000037e0 : c7c7c7c7;
000037e1 : c7c7c7c7;
000037e2 : c7c7c7c7;
000037e3 : c7c7c7c7;
000037e4 : c7c7c7c7;
000037e5 : c7c7c7c7;
000037e6 : 010a01c7;
000037e7 : 0a130a0a;
000037e8 : c7c70101;
000037e9 : c7c7c7c7;
000037ea : c7c7c7c7;
000037eb : c7c7c7c7;
000037ec : c7c7c7c7;
000037ed : c7c7c7c7;
000037ee : c70101c7;
000037ef : 130a0a01;
000037f0 : 01010a13;
000037f1 : c7c7c7c7;
000037f2 : c7c7c7c7;
000037f3 : c7c7c7c7;
000037f4 : c7c7c7c7;
000037f5 : c7c7c7c7;
000037f6 : c7c701c7;
000037f7 : 0a0a0a01;
000037f8 : 130a0a53;
000037f9 : c7c70101;
000037fa : c7c7c7c7;
000037fb : c7c7c7c7;
000037fc : c7c7c7c7;
000037fd : c7c7c7c7;
000037fe : c7c7c7c7;
000037ff : 0a0a01c7;
00003800 : 1313130a;
00003801 : 01015252;
00003802 : c7c7c701;
00003803 : c7c7c7c7;
00003804 : c7c7c7c7;
00003805 : c7c7c7c7;
00003806 : c7c7c7c7;
00003807 : 525201c7;
00003808 : 53131313;
00003809 : 0a0a0a53;
0000380a : c701010a;
0000380b : c7c7c7c7;
0000380c : c7c7c7c7;
0000380d : c7c7c7c7;
0000380e : c7c7c7c7;
0000380f : 0a0a0a01;
00003810 : 0101010a;
00003811 : 01010101;
00003812 : 010a0a0a;
00003813 : c7c7c7c7;
00003814 : c7c7c7c7;
00003815 : c7c7c7c7;
00003816 : 01c7c7c7;
00003817 : 010a0a0a;
00003818 : 2d2d2401;
00003819 : 246e6e6e;
0000381a : c701010a;
0000381b : c7dac7c7;
0000381c : c7c7c7c7;
0000381d : c7c7c7c7;
0000381e : 0a0101c7;
0000381f : 6e01010a;
00003820 : 6e242d2d;
00003821 : 41226e22;
00003822 : c7c7c72d;
00003823 : c7dadac7;
00003824 : c7c7c7c7;
00003825 : c7c7c7c7;
00003826 : 010a1301;
00003827 : 6e242401;
00003828 : 6e6e242d;
00003829 : 416b6e6b;
0000382a : c7c7c72d;
0000382b : daa3dada;
0000382c : c7c7c7c7;
0000382d : c7c7c7c7;
0000382e : 010101c7;
0000382f : 6e6e6e24;
00003830 : 6e6e246e;
00003831 : 416e6e6e;
00003832 : c7c7c7c7;
00003833 : c7a3a301;
00003834 : c7c7c7c7;
00003835 : c7c7c7c7;
00003836 : c7c7c7c7;
00003837 : 2d6e6e24;
00003838 : 6e6e246e;
00003839 : 416e6e6e;
0000383a : c7c7c7c7;
0000383b : c70113c7;
0000383c : c7c7c7c7;
0000383d : c7c7c7c7;
0000383e : c7c7c7c7;
0000383f : 2d6e6e24;
00003840 : 652d6e2d;
00003841 : 53416e6e;
00003842 : c7c7c741;
00003843 : c70a13c7;
00003844 : c7c7c7c7;
00003845 : c7c7c7c7;
00003846 : 24c7c7c7;
00003847 : 2d2d2d6e;
00003848 : 4a6e5353;
00003849 : 4a4a5313;
0000384a : c7c74141;
0000384b : c7010ac7;
0000384c : c7c7c7c7;
0000384d : c7c7c7c7;
0000384e : 24c7c7c7;
0000384f : 4124246e;
00003850 : 93934a4a;
00003851 : 4a530a4a;
00003852 : c7414a93;
00003853 : c7c70113;
00003854 : c7c7c7c7;
00003855 : c7c7c7c7;
00003856 : 24c7c7c7;
00003857 : 9324246e;
00003858 : 93534153;
00003859 : 410a4a93;
0000385a : 41934a4a;
0000385b : c7c70113;
0000385c : c7c7c7c7;
0000385d : c7c7c7c7;
0000385e : 24c7c7c7;
0000385f : 93412d2d;
00003860 : 93934153;
00003861 : 01539393;
00003862 : ae4a934a;
00003863 : c7c701ae;
00003864 : c7c7c7c7;
00003865 : c7c7c7c7;
00003866 : c7c7c7c7;
00003867 : 4a412424;
00003868 : 4a4a4153;
00003869 : 534a4a4a;
0000386a : 664a4101;
0000386b : c7c701ae;
0000386c : c7c7c7c7;
0000386d : c7c7c7c7;
0000386e : c7c7c7c7;
0000386f : 5341c7c7;
00003870 : 53415353;
00003871 : 130a1353;
00003872 : 1341c70a;
00003873 : c7c7c701;
00003874 : c7c7c7c7;
00003875 : c7c7c7c7;
00003876 : c7c7c7c7;
00003877 : 41c7c7c7;
00003878 : 0a66ae93;
00003879 : 0a535353;
0000387a : 13c7c70a;
0000387b : c7c7c701;
0000387c : c7c7c7c7;
0000387d : c7c7c7c7;
0000387e : c7c7c7c7;
0000387f : 414a41c7;
00003880 : 53936641;
00003881 : 9393934a;
00003882 : 13c74153;
00003883 : c7c7c701;
00003884 : c7c7c7c7;
00003885 : c7c7c7c7;
00003886 : c7c7c7c7;
00003887 : 93934a41;
00003888 : 4a535393;
00003889 : 5353534a;
0000388a : 53415353;
0000388b : c7c7c70a;
0000388c : c7c7c7c7;
0000388d : c7c7c7c7;
0000388e : c7c7c7c7;
0000388f : 93534a41;
00003890 : 4a4a4a53;
00003891 : 4a4a4a4a;
00003892 : 414a534a;
00003893 : c7c7c70a;
00003894 : c7c7c7c7;
00003895 : c7c7c7c7;
00003896 : c7c7c7c7;
00003897 : 4a534a41;
00003898 : 4a414141;
00003899 : 41414a4a;
0000389a : 414a4a41;
0000389b : c7c7c70a;
0000389c : c7c7c7c7;
0000389d : c7c7c7c7;
0000389e : c7c7c7c7;
0000389f : 414a4a41;
000038a0 : 41130a01;
000038a1 : 0a134141;
000038a2 : 53414a01;
000038a3 : c7c7c701;
000038a4 : c7c7c7c7;
000038a5 : c7c7c7c7;
000038a6 : c7c7c7c7;
000038a7 : 414141c7;
000038a8 : c70a1301;
000038a9 : 011301c7;
000038aa : 13c74100;
000038ab : c7c7c701;
000038ac : c7c7c7c7;
000038ad : c7c7c7c7;
000038ae : c7c7c7c7;
000038af : c7c7c7c7;
000038b0 : 01535301;
000038b1 : 535301c7;
000038b2 : 13c7c701;
000038b3 : c7c7c70a;
000038b4 : c7c7c7c7;
000038b5 : c7c7c7c7;
000038b6 : c7c7c7c7;
000038b7 : c7c7c7c7;
000038b8 : 0101010a;
000038b9 : 01010ac7;
000038ba : 53c7c701;
000038bb : c7c7c701;
000038bc : c7c7c7c7;
000038bd : c7c7c7c7;
000038be : c7c7c7c7;
000038bf : c7c7c7c7;
000038c0 : c7c7c7c7;
000038c1 : c7c7c7c7;
000038c2 : c7c7c7c7;
000038c3 : c7c7c7c7;
000038c4 : c7c7c7c7;
000038c5 : c7c7c7c7;
000038c6 : c7c7c7c7;
000038c7 : c7c7c7c7;
000038c8 : c7c7c7c7;
000038c9 : c7c7c7c7;
000038ca : c7c7c7c7;
000038cb : c7c7c7c7;
000038cc : c7c7c7c7;
000038cd : c7c7c7c7;
000038ce : 01c7c7c7;
000038cf : c7010101;
000038d0 : c7c7c7c7;
000038d1 : c7c7c7c7;
000038d2 : c7c7c7c7;
000038d3 : c7c7c7c7;
000038d4 : c7c7c7c7;
000038d5 : c7c7c7c7;
000038d6 : 0a01c7c7;
000038d7 : 010a0a0a;
000038d8 : c7c7c7c7;
000038d9 : c7c7c7c7;
000038da : c7c7c7c7;
000038db : c7c7c7c7;
000038dc : c7c7c7c7;
000038dd : c7c7c7c7;
000038de : 010a01c7;
000038df : 0a130a0a;
000038e0 : c7c70101;
000038e1 : c7c7c7c7;
000038e2 : c7c7c7c7;
000038e3 : c7c7c7c7;
000038e4 : c7c7c7c7;
000038e5 : c7c7c7c7;
000038e6 : c70101c7;
000038e7 : 130a0a01;
000038e8 : 01010a13;
000038e9 : c7c7c7c7;
000038ea : c7c7c7c7;
000038eb : c7c7c7c7;
000038ec : c7c7c7c7;
000038ed : c7c7c7c7;
000038ee : c7c701c7;
000038ef : 0a0a0a01;
000038f0 : 130a0a53;
000038f1 : c7c70101;
000038f2 : c7c7c7c7;
000038f3 : c7c7c7c7;
000038f4 : c7c7c7c7;
000038f5 : c7c7c7c7;
000038f6 : c7c7c7c7;
000038f7 : 0a0a01c7;
000038f8 : 1313130a;
000038f9 : 01015252;
000038fa : c7c7c701;
000038fb : c7c7c7c7;
000038fc : c7c7c7c7;
000038fd : c7c7c7c7;
000038fe : c7c7c7c7;
000038ff : 525201c7;
00003900 : 53131313;
00003901 : 0a0a0a53;
00003902 : c701010a;
00003903 : c7c7c7c7;
00003904 : c7c7c7c7;
00003905 : c7c7c7c7;
00003906 : c7c7c7c7;
00003907 : 0a0a0a01;
00003908 : 0101010a;
00003909 : 01010101;
0000390a : 010a0a0a;
0000390b : c7c7c7c7;
0000390c : c7c7c7c7;
0000390d : c7c7c7c7;
0000390e : 01c7c7c7;
0000390f : 010a0a0a;
00003910 : 2d2d2401;
00003911 : 246e6e6e;
00003912 : c701010a;
00003913 : c7dac7c7;
00003914 : c7c7c7c7;
00003915 : c7c7c7c7;
00003916 : 0a0101c7;
00003917 : 6e01010a;
00003918 : 6e242d2d;
00003919 : 41226e22;
0000391a : c7c7c72d;
0000391b : c7dadac7;
0000391c : c7c7c7c7;
0000391d : c7c7c7c7;
0000391e : 010a1301;
0000391f : 6e242401;
00003920 : 6e6e242d;
00003921 : 416b6e6b;
00003922 : c7c7c72d;
00003923 : daa3dada;
00003924 : c7c7c7c7;
00003925 : c7c7c7c7;
00003926 : 010101c7;
00003927 : 6e6e6e24;
00003928 : 6e6e246e;
00003929 : 416e6e6e;
0000392a : c7c7c7c7;
0000392b : 01a3a301;
0000392c : c7c7c7c7;
0000392d : c7c7c7c7;
0000392e : c7c7c7c7;
0000392f : 2d6e6e24;
00003930 : 6e6e246e;
00003931 : 416e6e6e;
00003932 : c7c7c7c7;
00003933 : c70113c7;
00003934 : c7c7c7c7;
00003935 : c7c7c7c7;
00003936 : c7c7c7c7;
00003937 : 2d6e6e24;
00003938 : 652d6e2d;
00003939 : 41416e6e;
0000393a : c7c7c7c7;
0000393b : c70a13c7;
0000393c : c7c7c7c7;
0000393d : c7c7c7c7;
0000393e : 24c7c7c7;
0000393f : 2d2d2d6e;
00003940 : 136e5341;
00003941 : 53934a53;
00003942 : c7c7c741;
00003943 : c7010ac7;
00003944 : c7c7c7c7;
00003945 : c7c7c7c7;
00003946 : 24c7c7c7;
00003947 : 4124246e;
00003948 : 4a935353;
00003949 : 4a4a5313;
0000394a : c7c74141;
0000394b : c7c70113;
0000394c : c7c7c7c7;
0000394d : c7c7c7c7;
0000394e : 24c7c7c7;
0000394f : 4124246e;
00003950 : 93934a4a;
00003951 : 4a530a4a;
00003952 : c7414a93;
00003953 : c7c70113;
00003954 : c7c7c7c7;
00003955 : c7c7c7c7;
00003956 : 24c7c7c7;
00003957 : 93412d2d;
00003958 : 93534153;
00003959 : 410a4a93;
0000395a : ae934a4a;
0000395b : c7c701ae;
0000395c : c7c7c7c7;
0000395d : c7c7c7c7;
0000395e : c7c7c7c7;
0000395f : 93412424;
00003960 : 93934153;
00003961 : 01539393;
00003962 : 664a934a;
00003963 : c7c701ae;
00003964 : c7c7c7c7;
00003965 : c7c7c7c7;
00003966 : c7c7c7c7;
00003967 : 4a41c7c7;
00003968 : 130a4153;
00003969 : 01131353;
0000396a : 13c7410a;
0000396b : c7c7c701;
0000396c : c7c7c7c7;
0000396d : c7c7c7c7;
0000396e : c7c7c7c7;
0000396f : 5341c7c7;
00003970 : 53134153;
00003971 : 130a1353;
00003972 : 13c7c70a;
00003973 : c7c7c701;
00003974 : c7c7c7c7;
00003975 : c7c7c7c7;
00003976 : c7c7c7c7;
00003977 : 41c7c7c7;
00003978 : 939366ae;
00003979 : 4a539393;
0000397a : 13c7c741;
0000397b : c7c7c701;
0000397c : c7c7c7c7;
0000397d : c7c7c7c7;
0000397e : c7c7c7c7;
0000397f : 414a41c7;
00003980 : 93939366;
00003981 : 9393934a;
00003982 : 53c74153;
00003983 : c7c7c70a;
00003984 : c7c7c7c7;
00003985 : c7c7c7c7;
00003986 : c7c7c7c7;
00003987 : 93934a41;
00003988 : 4a939393;
00003989 : 9393934a;
0000398a : 53415353;
0000398b : c7c7c70a;
0000398c : c7c7c7c7;
0000398d : c7c7c7c7;
0000398e : c7c7c7c7;
0000398f : 93534a41;
00003990 : 4a535393;
00003991 : 4a934a4a;
00003992 : 414a5353;
00003993 : c7c7c70a;
00003994 : c7c7c7c7;
00003995 : c7c7c7c7;
00003996 : c7c7c7c7;
00003997 : 53534a41;
00003998 : 4a4a4a53;
00003999 : 4a534a4a;
0000399a : 414a534a;
0000399b : c7c7c701;
0000399c : c7c7c7c7;
0000399d : c7c7c7c7;
0000399e : c7c7c7c7;
0000399f : 414a4a41;
000039a0 : 4a411301;
000039a1 : 4141414a;
000039a2 : 13414a41;
000039a3 : c7c7c701;
000039a4 : c7c7c7c7;
000039a5 : c7c7c7c7;
000039a6 : c7c7c7c7;
000039a7 : 414141c7;
000039a8 : 410a1301;
000039a9 : 01130141;
000039aa : 13c741c7;
000039ab : c7c7c70a;
000039ac : c7c7c7c7;
000039ad : c7c7c7c7;
000039ae : c7c7c7c7;
000039af : c7c7c7c7;
000039b0 : 01535301;
000039b1 : 535301c7;
000039b2 : 53c7c701;
000039b3 : c7c7c701;
000039b4 : c7c7c7c7;
000039b5 : c7c7c7c7;
000039b6 : c7c7c7c7;
000039b7 : c7c7c7c7;
000039b8 : 0101010a;
000039b9 : 01010ac7;
000039ba : c7c7c701;
000039bb : c7c7c7c7;
000039bc : c7c7c7c7;
000039bd : 00000020;
000039be : 00000020;
000039bf : c7c7c7c7;
000039c0 : 01010101;
000039c1 : c7c7c7c7;
000039c2 : c7c7c7c7;
000039c3 : c7c7c7c7;
000039c4 : c7c7c7c7;
000039c5 : c7c7c7c7;
000039c6 : c7c7c7c7;
000039c7 : 01c7c7c7;
000039c8 : 0a0a0a0a;
000039c9 : 0101c701;
000039ca : c7c7c701;
000039cb : c7c7c7c7;
000039cc : c7c7c7c7;
000039cd : c7c7c7c7;
000039ce : c7c7c7c7;
000039cf : 0a01c7c7;
000039d0 : 130a0a01;
000039d1 : 0a0a130a;
000039d2 : c7010113;
000039d3 : c7c7c7c7;
000039d4 : c7c7c7c7;
000039d5 : c7c7c7c7;
000039d6 : c7c7c7c7;
000039d7 : 0101c7c7;
000039d8 : 0a0a01c7;
000039d9 : 130a530a;
000039da : 01525213;
000039db : 01c70101;
000039dc : c7c7c7c7;
000039dd : c7c7c7c7;
000039de : c7c7c7c7;
000039df : c701c7c7;
000039e0 : 0a0101c7;
000039e1 : 13130a0a;
000039e2 : 0a0a5353;
000039e3 : 0a0a0a0a;
000039e4 : c7c7010a;
000039e5 : c7c7c7c7;
000039e6 : c7dac7c7;
000039e7 : c701c7c7;
000039e8 : 0101c7c7;
000039e9 : 01135252;
000039ea : 01010101;
000039eb : 010a0101;
000039ec : c7c7c701;
000039ed : c7c7c7c7;
000039ee : c7dadac7;
000039ef : c7c7c7c7;
000039f0 : 0a01c7c7;
000039f1 : c70a0a0a;
000039f2 : 2d2dc7c7;
000039f3 : 010ac72d;
000039f4 : c7c7c7c7;
000039f5 : c7c7c7c7;
000039f6 : daa3dada;
000039f7 : c7c7c7c7;
000039f8 : 0a0a01c7;
000039f9 : c701010a;
000039fa : 6e6e24c7;
000039fb : 242d2d6e;
000039fc : 24c7c7c7;
000039fd : c7c7c7c7;
000039fe : 01a3a301;
000039ff : c7c7c7c7;
00003a00 : 010a0a01;
00003a01 : c76ec701;
00003a02 : 6e6e6e24;
00003a03 : 6e6e6e6e;
00003a04 : c7c72424;
00003a05 : c7c7c724;
00003a06 : c70113c7;
00003a07 : c7c7c7c7;
00003a08 : c7010a13;
00003a09 : 2d6ec7c7;
00003a0a : 2d2d2424;
00003a0b : 246e6e6e;
00003a0c : 24246e6e;
00003a0d : c7c7c76e;
00003a0e : c70a13c7;
00003a0f : 01c7c7c7;
00003a10 : c7010101;
00003a11 : 6ec7c7c7;
00003a12 : 6e242d2d;
00003a13 : 41226e22;
00003a14 : 6e6e2d2d;
00003a15 : c7c7c7c7;
00003a16 : c7010ac7;
00003a17 : c7c7c7c7;
00003a18 : c724c7c7;
00003a19 : 6e2424c7;
00003a1a : 6e6e242d;
00003a1b : 416b6e6b;
00003a1c : c72d6e2d;
00003a1d : c7c7c7c7;
00003a1e : c7c70113;
00003a1f : c7c7c7c7;
00003a20 : 246e24c7;
00003a21 : 6e2d6e24;
00003a22 : 6e6e246e;
00003a23 : 416e6e6e;
00003a24 : 2d6ec7c7;
00003a25 : c7c7c7c7;
00003a26 : c7c70113;
00003a27 : 24c7c7c7;
00003a28 : 2d6e6e24;
00003a29 : 2d6e6e2d;
00003a2a : 6e66246e;
00003a2b : 416e6e6e;
00003a2c : 6ec7c7c7;
00003a2d : c7c7c72d;
00003a2e : c7c7010a;
00003a2f : c7c7c7c7;
00003a30 : 6e66c76e;
00003a31 : 6e24c741;
00003a32 : 6666246e;
00003a33 : 41416e6e;
00003a34 : c7c7c7c7;
00003a35 : 66c7c7c7;
00003a36 : c7c70166;
00003a37 : c7c7c7c7;
00003a38 : 6e66c7c7;
00003a39 : c7414153;
00003a3a : 13130024;
00003a3b : 9393934a;
00003a3c : c7c74141;
00003a3d : 6e534141;
00003a3e : c7c7c76e;
00003a3f : c7c7c7c7;
00003a40 : 41c7c7c7;
00003a41 : 4193534a;
00003a42 : 134a5341;
00003a43 : 53934a53;
00003a44 : 41419393;
00003a45 : 93935393;
00003a46 : c7c7c701;
00003a47 : c7c7c7c7;
00003a48 : 6e6ec7c7;
00003a49 : 934a4a41;
00003a4a : 4a935353;
00003a4b : 4a4a5313;
00003a4c : 93934a93;
00003a4d : 13414a53;
00003a4e : c7c7c701;
00003a4f : c7c7c7c7;
00003a50 : c7c7c7c7;
00003a51 : 4a4141c7;
00003a52 : 93934a4a;
00003a53 : 4a530a4a;
00003a54 : 4a4a4a93;
00003a55 : 53c7414a;
00003a56 : c7c7c70a;
00003a57 : c7c7c7c7;
00003a58 : c7c7c7c7;
00003a59 : 4ac7c7c7;
00003a5a : 9353934a;
00003a5b : 410a4a93;
00003a5c : c7c74a4a;
00003a5d : 53c7c7c7;
00003a5e : c7c7c70a;
00003a5f : c7c7c7c7;
00003a60 : c7c7c7c7;
00003a61 : c7c7c7c7;
00003a62 : 93934ac7;
00003a63 : 01539393;
00003a64 : c7c7c74a;
00003a65 : 0ac7c7c7;
00003a66 : c7c7c70a;
00003a67 : c7c7c7c7;
00003a68 : 414141c7;
00003a69 : c7c7c741;
00003a6a : 010a0ac7;
00003a6b : 530a0a53;
00003a6c : c7c7c701;
00003a6d : 534141c7;
00003a6e : c7c7c701;
00003a6f : c7c7c7c7;
00003a70 : 534a41c7;
00003a71 : 41414153;
00003a72 : 0a530a41;
00003a73 : 13535353;
00003a74 : 41c7c70a;
00003a75 : 414a5341;
00003a76 : c7c7c701;
00003a77 : c7c7c7c7;
00003a78 : 414a41c7;
00003a79 : 93935353;
00003a7a : 4a4a9393;
00003a7b : 4a4a9393;
00003a7c : 53414153;
00003a7d : 414a4a53;
00003a7e : c7c7c70a;
00003a7f : c7c7c7c7;
00003a80 : 4a41c7c7;
00003a81 : 93535341;
00003a82 : ae664a53;
00003a83 : ae4a934a;
00003a84 : 4a4a534a;
00003a85 : 41414a41;
00003a86 : c7c7c701;
00003a87 : c7c7c7c7;
00003a88 : 41c7c7c7;
00003a89 : 414a4a4a;
00003a8a : aeae664a;
00003a8b : 664a4a41;
00003a8c : 01130aae;
00003a8d : c7c7414a;
00003a8e : c7c7c7c7;
00003a8f : c7c7c7c7;
00003a90 : c7c7c7c7;
00003a91 : 4a414141;
00003a92 : 41666641;
00003a93 : ae0a4a4a;
00003a94 : 53535366;
00003a95 : c7c7c701;
00003a96 : c7c7c7c7;
00003a97 : c7c7c7c7;
00003a98 : c7c7c7c7;
00003a99 : 41c7c7c7;
00003a9a : 41ae0a0a;
00003a9b : 0ac74141;
00003a9c : 01135353;
00003a9d : c7c7c7c7;
00003a9e : c7c7c7c7;
00003a9f : c7c7c7c7;
00003aa0 : c7c7c7c7;
00003aa1 : 01c7c7c7;
00003aa2 : c7531353;
00003aa3 : 01c7c7c7;
00003aa4 : c701130a;
00003aa5 : c7c7c7c7;
00003aa6 : c7c7c7c7;
00003aa7 : c7c7c7c7;
00003aa8 : c7c7c7c7;
00003aa9 : 01c7c7c7;
00003aaa : c7011353;
00003aab : c7c7c7c7;
00003aac : c7c70101;
00003aad : c7c7c7c7;
00003aae : c7c7c7c7;
00003aaf : c7c7c7c7;
00003ab0 : c7c7c7c7;
00003ab1 : c7c7c7c7;
00003ab2 : c7010101;
00003ab3 : c7c7c7c7;
00003ab4 : c7c7c7c7;
00003ab5 : c7c7c7c7;
00003ab6 : c7c7c7c7;
00003ab7 : c7c7c7c7;
00003ab8 : c7c7c7c7;
00003ab9 : c7c7c7c7;
00003aba : c7c7c7c7;
00003abb : c7c7c7c7;
00003abc : c7c7c7c7;
00003abd : c7c7c7c7;
00003abe : c7c7c7c7;
00003abf : 00000020;
00003ac0 : 00000020;
00003ac1 : c7c7c7c7;
00003ac2 : c7c7c7c7;
00003ac3 : c7c7c7c7;
00003ac4 : c7c7c7c7;
00003ac5 : c7c7c7c7;
00003ac6 : c7c7c7c7;
00003ac7 : c7c7c7c7;
00003ac8 : c7c7c7c7;
00003ac9 : c7c7c7c7;
00003aca : c7c7c7c7;
00003acb : 01c7c7c7;
00003acc : c7010101;
00003acd : c7c7c7c7;
00003ace : c7c7c7c7;
00003acf : c7c7c7c7;
00003ad0 : c7c7c7c7;
00003ad1 : c7c7c7c7;
00003ad2 : c7c7c7c7;
00003ad3 : 0a01c7c7;
00003ad4 : 010a0a0a;
00003ad5 : c7c7c7c7;
00003ad6 : c7c7c7c7;
00003ad7 : c7c7c7c7;
00003ad8 : c7c7c7c7;
00003ad9 : c7c7c7c7;
00003ada : c7c7c7c7;
00003adb : 010a01c7;
00003adc : 0a130a0a;
00003add : 01010101;
00003ade : c7c7c7c7;
00003adf : c7c7c7c7;
00003ae0 : c7c7c7c7;
00003ae1 : c7c7c7c7;
00003ae2 : c7c7c7c7;
00003ae3 : c70101c7;
00003ae4 : 130a0a01;
00003ae5 : 130a0a13;
00003ae6 : c7c70101;
00003ae7 : c7c7c7c7;
00003ae8 : c7c7c7c7;
00003ae9 : c7c7c7c7;
00003aea : c7c7c7c7;
00003aeb : c7c701c7;
00003aec : 0a0a0a01;
00003aed : 13130a53;
00003aee : 01015252;
00003aef : c7c7c701;
00003af0 : c7c7c7c7;
00003af1 : c7c7c7c7;
00003af2 : c7c7c7c7;
00003af3 : c7c7c7c7;
00003af4 : 0a0a01c7;
00003af5 : 5313130a;
00003af6 : 0a0a0a53;
00003af7 : c701010a;
00003af8 : c7c7c7c7;
00003af9 : c7c7c7c7;
00003afa : c7c7c7c7;
00003afb : c7c7c7c7;
00003afc : 525201c7;
00003afd : 01131313;
00003afe : 01010101;
00003aff : 0a0a0a01;
00003b00 : c7c7c701;
00003b01 : c7c7c7c7;
00003b02 : c7c7c7c7;
00003b03 : c7c7c7c7;
00003b04 : 0a0a01c7;
00003b05 : 2d010a0a;
00003b06 : 41666624;
00003b07 : 01010a2d;
00003b08 : c7c7c7c7;
00003b09 : c7c7c7c7;
00003b0a : c7c7c7c7;
00003b0b : c7c7c7c7;
00003b0c : 0a0a0a01;
00003b0d : 246e0101;
00003b0e : 41226e66;
00003b0f : c7c7c72d;
00003b10 : c7c7c7c7;
00003b11 : c7c7c7c7;
00003b12 : c7c7c7c7;
00003b13 : 0101c7c7;
00003b14 : 01010a0a;
00003b15 : 666e6e2d;
00003b16 : 416b6e6e;
00003b17 : c7c7c72d;
00003b18 : c7c7c7c7;
00003b19 : c7c7c7c7;
00003b1a : c7c7c7c7;
00003b1b : 0a1301c7;
00003b1c : 6e240101;
00003b1d : 246e6e6e;
00003b1e : 416e6e6e;
00003b1f : c7c7c76e;
00003b20 : c7c7c7c7;
00003b21 : c7c7c7c7;
00003b22 : c7c7c7c7;
00003b23 : 0101c7c7;
00003b24 : 2d6e2401;
00003b25 : 246e6e6e;
00003b26 : 416e6e66;
00003b27 : c7c7c76e;
00003b28 : c7c7c7c7;
00003b29 : c7c7c7c7;
00003b2a : c7c7c7c7;
00003b2b : c7c7c7c7;
00003b2c : 2d6e24c7;
00003b2d : 2d2d6e6e;
00003b2e : 6e416666;
00003b2f : c7c7c7c7;
00003b30 : c7c7c7c7;
00003b31 : c7c7c7c7;
00003b32 : c7c7c7c7;
00003b33 : c7c7c7c7;
00003b34 : 2d6e24c7;
00003b35 : 2d6e416e;
00003b36 : 2d00414a;
00003b37 : c7c7c7c7;
00003b38 : c7c7c7c7;
00003b39 : c7c7c7c7;
00003b3a : c7c7c7c7;
00003b3b : c7c7c7c7;
00003b3c : 6e2d24c7;
00003b3d : 2d6e4a24;
00003b3e : c7415313;
00003b3f : c7c7c7c7;
00003b40 : c7c7c7c7;
00003b41 : c7c7c7c7;
00003b42 : c7c7c7c7;
00003b43 : c7c7c7c7;
00003b44 : 6e24c7c7;
00003b45 : 412d4a24;
00003b46 : 4193530a;
00003b47 : c7c7c7c7;
00003b48 : c7c7c7c7;
00003b49 : c7c7c7c7;
00003b4a : c7c7c7c7;
00003b4b : c7c7c7c7;
00003b4c : 412d24c7;
00003b4d : 932d412d;
00003b4e : 93931341;
00003b4f : c7c7c741;
00003b50 : c7c7c7c7;
00003b51 : c7c7c7c7;
00003b52 : c7c7c7c7;
00003b53 : c7c7c7c7;
00003b54 : 416e24c7;
00003b55 : 934a414a;
00003b56 : 93535341;
00003b57 : c7c74193;
00003b58 : c7010101;
00003b59 : c7c7c7c7;
00003b5a : c7c7c7c7;
00003b5b : c7c7c7c7;
00003b5c : 41c76e24;
00003b5d : 4a41534a;
00003b5e : 41004153;
00003b5f : 41419353;
00003b60 : 01535313;
00003b61 : c7c7c7c7;
00003b62 : c7c7c7c7;
00003b63 : c7c7c7c7;
00003b64 : 0a41c7c7;
00003b65 : 4a415353;
00003b66 : 00415353;
00003b67 : 666e5341;
00003b68 : 01015353;
00003b69 : c7c7c7c7;
00003b6a : c7c7c7c7;
00003b6b : c7c7c7c7;
00003b6c : 530a41c7;
00003b6d : 41535313;
00003b6e : 4153534a;
00003b6f : 6e6e4153;
00003b70 : c7c70101;
00003b71 : 12c7c7c7;
00003b72 : 12121212;
00003b73 : c7c7c712;
00003b74 : 134a41c7;
00003b75 : 5313530a;
00003b76 : 6e4a4a41;
00003b77 : c7c70153;
00003b78 : c7c7c7c7;
00003b79 : 1c1212c7;
00003b7a : 6d6d5c5c;
00003b7b : c7c7121c;
00003b7c : 534a4a41;
00003b7d : 53139393;
00003b7e : 666e410a;
00003b7f : c7c7c766;
00003b80 : c7c7c7c7;
00003b81 : 1c1c1212;
00003b82 : 6d6d6d1c;
00003b83 : 6d6d131c;
00003b84 : 534a4a41;
00003b85 : 4a4a9353;
00003b86 : 6693934a;
00003b87 : c7c7c7c7;
00003b88 : c7c7c7c7;
00003b89 : 6d6d6d12;
00003b8a : 6d6d6d6d;
00003b8b : 6d5c136d;
00003b8c : 4a4a4114;
00003b8d : 41414a53;
00003b8e : 4a53934a;
00003b8f : c7c7c741;
00003b90 : c7c7c7c7;
00003b91 : 6d1c12c7;
00003b92 : 1c1c6565;
00003b93 : 5c5c136d;
00003b94 : 4a410a0a;
00003b95 : 4a4a414a;
00003b96 : 53415393;
00003b97 : c7c7c741;
00003b98 : c7c7c7c7;
00003b99 : 136d6d12;
00003b9a : 5c5c1313;
00003b9b : 0a5c1413;
00003b9c : 4a41c7c7;
00003b9d : 53534a41;
00003b9e : 4a414a53;
00003b9f : c7c7c741;
00003ba0 : c7c7c7c7;
00003ba1 : 1c6d6d12;
00003ba2 : 6d6d1c1c;
00003ba3 : c712121c;
00003ba4 : 41c7c7c7;
00003ba5 : 4a0a0141;
00003ba6 : 414a414a;
00003ba7 : c7c7c70a;
00003ba8 : c7c7c7c7;
00003ba9 : 1c1c12c7;
00003baa : 1c1c1c1c;
00003bab : c7c7121c;
00003bac : c7c7c7c7;
00003bad : 0a130a01;
00003bae : 0a01c741;
00003baf : c7c70113;
00003bb0 : c7c7c7c7;
00003bb1 : 1212c7c7;
00003bb2 : 1213135c;
00003bb3 : c7c7c712;
00003bb4 : c7c7c7c7;
00003bb5 : 13130a01;
00003bb6 : 0a01c701;
00003bb7 : c701130a;
00003bb8 : c7c7c7c7;
00003bb9 : c7c7c7c7;
00003bba : c7121212;
00003bbb : c7c7c7c7;
00003bbc : c7c7c7c7;
00003bbd : 010101c7;
00003bbe : c7c7c7c7;
00003bbf : c7010101;
00003bc0 : c7c7c7c7;
00003bc1 : 0000001d;
00003bc2 : 00000082;
00003bc3 : 01010101;
00003bc4 : 01010101;
00003bc5 : 01010101;
00003bc6 : 01010101;
00003bc7 : 01010101;
00003bc8 : 01010101;
00003bc9 : 01010101;
00003bca : 01010101;
00003bcb : 01010101;
00003bcc : 01010101;
00003bcd : 01010101;
00003bce : 01010101;
00003bcf : 01010101;
00003bd0 : 01010101;
00003bd1 : 01010101;
00003bd2 : 01010101;
00003bd3 : 01010101;
00003bd4 : 01010101;
00003bd5 : 01010101;
00003bd6 : 01010101;
00003bd7 : 01010101;
00003bd8 : 01010101;
00003bd9 : 01010101;
00003bda : 01010101;
00003bdb : 1b1b1b1b;
00003bdc : 1b1b1b1b;
00003bdd : 1b1b1b1b;
00003bde : 1b1b1b1b;
00003bdf : 1b1b1b1b;
00003be0 : 1b1b1b1b;
00003be1 : 1b1b1b1b;
00003be2 : 1b1b1b1b;
00003be3 : 01011b1b;
00003be4 : 01010101;
00003be5 : 01010101;
00003be6 : 01010101;
00003be7 : 01010101;
00003be8 : 01010101;
00003be9 : 01010101;
00003bea : 01010101;
00003beb : 01010101;
00003bec : 01010101;
00003bed : 01010101;
00003bee : 01010101;
00003bef : 01010101;
00003bf0 : 01010101;
00003bf1 : 01010101;
00003bf2 : 01010101;
00003bf3 : 01010101;
00003bf4 : 01010101;
00003bf5 : 01010101;
00003bf6 : 01010101;
00003bf7 : 01010101;
00003bf8 : 01010101;
00003bf9 : 01010101;
00003bfa : 01010101;
00003bfb : 1b1b0101;
00003bfc : 1b1b1b1b;
00003bfd : 1b1b1b1b;
00003bfe : 1b1b1b1b;
00003bff : 1b1b1b1b;
00003c00 : 1b1b1b1b;
00003c01 : 1b1b1b1b;
00003c02 : 1b1b1b1b;
00003c03 : 1b1b1b1b;
00003c04 : 01010101;
00003c05 : 01010101;
00003c06 : 01010101;
00003c07 : 01010101;
00003c08 : 0a0b0101;
00003c09 : 01010809;
00003c0a : 01010101;
00003c0b : 01010101;
00003c0c : 01010101;
00003c0d : 01010101;
00003c0e : 01010101;
00003c0f : 01010101;
00003c10 : 01010101;
00003c11 : 01010101;
00003c12 : 01010101;
00003c13 : 01010101;
00003c14 : 01010101;
00003c15 : 01010101;
00003c16 : 01010101;
00003c17 : 01010101;
00003c18 : 01010101;
00003c19 : 01010101;
00003c1a : 01010101;
00003c1b : 01010101;
00003c1c : 1b1b1b1b;
00003c1d : 1b1b1b1b;
00003c1e : 1b1b1b1b;
00003c1f : 1b1b1b1b;
00003c20 : 1b1b1b1b;
00003c21 : 1b1b1b1b;
00003c22 : 1b1b1b1b;
00003c23 : 1b1b1b1b;
00003c24 : 01011b1b;
00003c25 : 08090a0b;
00003c26 : 01010101;
00003c27 : 01010101;
00003c28 : 01010101;
00003c29 : 07060504;
00003c2a : 01010101;
00003c2b : 01010101;
00003c2c : 01010101;
00003c2d : 01010101;
00003c2e : 08090a0b;
00003c2f : 01010101;
00003c30 : 01010101;
00003c31 : 01010101;
00003c32 : 01010101;
00003c33 : 01010101;
00003c34 : 01010101;
00003c35 : 01010101;
00003c36 : 01010101;
00003c37 : 01010101;
00003c38 : 01010101;
00003c39 : 01010101;
00003c3a : 01010101;
00003c3b : 01010101;
00003c3c : 1b1b0101;
00003c3d : 1b1b1b1b;
00003c3e : 1b1b1b1b;
00003c3f : 1b1b1b1b;
00003c40 : 1b1b1b1b;
00003c41 : 1b1b1b1b;
00003c42 : 1b1b1b1b;
00003c43 : 1b1b1b1b;
00003c44 : 1b1b1b1b;
00003c45 : 05040101;
00003c46 : 01010706;
00003c47 : 01010101;
00003c48 : 01010101;
00003c49 : 01010101;
00003c4a : 01010101;
00003c4b : 01010101;
00003c4c : 01010101;
00003c4d : 01010101;
00003c4e : 05040101;
00003c4f : 01010706;
00003c50 : 01010101;
00003c51 : 01010101;
00003c52 : 01010101;
00003c53 : 01010101;
00003c54 : 01010101;
00003c55 : 01010101;
00003c56 : 01010101;
00003c57 : 01010101;
00003c58 : 0b010101;
00003c59 : 0108090a;
00003c5a : 0b010101;
00003c5b : 0108090a;
00003c5c : 01010101;
00003c5d : 1b1b1b1b;
00003c5e : 1b1b1b1b;
00003c5f : 1b1b1b1b;
00003c60 : 1b1b1b1b;
00003c61 : 1b1b1b1b;
00003c62 : 1b1b1b1b;
00003c63 : 1b1b1b1b;
00003c64 : 1b1b1b1b;
00003c65 : 01011b1b;
00003c66 : 01010101;
00003c67 : 0a0b0101;
00003c68 : 01010809;
00003c69 : 01010101;
00003c6a : 01010101;
00003c6b : 01010101;
00003c6c : 01010101;
00003c6d : 01010101;
00003c6e : 01010101;
00003c6f : 01010101;
00003c70 : 01010101;
00003c71 : 01010101;
00003c72 : 01010101;
00003c73 : 01010101;
00003c74 : 01010101;
00003c75 : 01010101;
00003c76 : 01010101;
00003c77 : 01010101;
00003c78 : 01010101;
00003c79 : 06050401;
00003c7a : 01010107;
00003c7b : 06050401;
00003c7c : 01010107;
00003c7d : 1b1b0101;
00003c7e : 1b1b1b1b;
00003c7f : 1b1b1b1b;
00003c80 : 1b1b1b1b;
00003c81 : 1b1b1b1b;
00003c82 : 1b1b1b1b;
00003c83 : 1b1b1b1b;
00003c84 : 1b1b1b1b;
00003c85 : 1b1b1b1b;
00003c86 : 01010101;
00003c87 : 01010101;
00003c88 : 07060504;
00003c89 : 01010101;
00003c8a : 01010101;
00003c8b : 01010101;
00003c8c : 01010101;
00003c8d : 01010101;
00003c8e : 01131201;
00003c8f : 01010101;
00003c90 : 01010101;
00003c91 : 0a0b0101;
00003c92 : 01010809;
00003c93 : 01010101;
00003c94 : 01010101;
00003c95 : 01010101;
00003c96 : 01010101;
00003c97 : 01010101;
00003c98 : 01010101;
00003c99 : 01010101;
00003c9a : 01010101;
00003c9b : 01010101;
00003c9c : 01010101;
00003c9d : 01010101;
00003c9e : 1b1b1b1b;
00003c9f : 1b1b1b1b;
00003ca0 : 1b1b1b1b;
00003ca1 : 1b1b1b1b;
00003ca2 : 1b1b1b1b;
00003ca3 : 1b1b1b1b;
00003ca4 : 1b1b1b1b;
00003ca5 : 1b1b1b1b;
00003ca6 : 12011b1b;
00003ca7 : 01010113;
00003ca8 : 01010101;
00003ca9 : 01131201;
00003caa : 01011312;
00003cab : 01011312;
00003cac : 01010101;
00003cad : 01010101;
00003cae : 110e0101;
00003caf : 010e0e14;
00003cb0 : 01010101;
00003cb1 : 13120101;
00003cb2 : 07060504;
00003cb3 : 01010101;
00003cb4 : 01010101;
00003cb5 : 01010101;
00003cb6 : 01010101;
00003cb7 : 01010101;
00003cb8 : 01010101;
00003cb9 : 01010101;
00003cba : 01010101;
00003cbb : 01010101;
00003cbc : 01010101;
00003cbd : 01010101;
00003cbe : 1b1b0101;
00003cbf : 1b1b1b1b;
00003cc0 : 1b1b1b1b;
00003cc1 : 1b1b1b1b;
00003cc2 : 1b1b1b1b;
00003cc3 : 1b1b1b1b;
00003cc4 : 1b1b1b1b;
00003cc5 : 1b1b1b1b;
00003cc6 : 1b1b1b1b;
00003cc7 : 1914110e;
00003cc8 : 19190e0e;
00003cc9 : 110e190e;
00003cca : 14111914;
00003ccb : 14111919;
00003ccc : 01010101;
00003ccd : 01010101;
00003cce : 0e010101;
00003ccf : 0d15100d;
00003cd0 : 01010e0d;
00003cd1 : 0e010e01;
00003cd2 : 010e1411;
00003cd3 : 01190d01;
00003cd4 : 01010101;
00003cd5 : 01010101;
00003cd6 : 01010101;
00003cd7 : 0b010101;
00003cd8 : 0108090a;
00003cd9 : 01010101;
00003cda : 01010101;
00003cdb : 01010101;
00003cdc : 01010101;
00003cdd : 0a0b0101;
00003cde : 01010809;
00003cdf : 1b1b1b1b;
00003ce0 : 1b1b1b1b;
00003ce1 : 1b1b1b1b;
00003ce2 : 1b1b1b1b;
00003ce3 : 1b1b1b1b;
00003ce4 : 1b1b1b1b;
00003ce5 : 1b1b1b1b;
00003ce6 : 1b1b1b1b;
00003ce7 : 100d1b1b;
00003ce8 : 0d0d1815;
00003ce9 : 180d1818;
00003cea : 1815100d;
00003ceb : 18181510;
00003cec : 01011510;
00003ced : 0e010101;
00003cee : 0e010e01;
00003cef : 0f0c0d0e;
00003cf0 : 0d0c0c16;
00003cf1 : 0d010101;
00003cf2 : 15100d0d;
00003cf3 : 0c01010d;
00003cf4 : 010e1918;
00003cf5 : 01010101;
00003cf6 : 01010101;
00003cf7 : 01010101;
00003cf8 : 06050401;
00003cf9 : 01010107;
00003cfa : 01010101;
00003cfb : 01010101;
00003cfc : 01010101;
00003cfd : 01010101;
00003cfe : 07060504;
00003cff : 1b1b0101;
00003d00 : 1b1b1b1b;
00003d01 : 1b1b1b1b;
00003d02 : 1b1b1b1b;
00003d03 : 1b1b1b1b;
00003d04 : 1b1b1b1b;
00003d05 : 1b1b1b1b;
00003d06 : 1b1b1b1b;
00003d07 : 1b1b1b1b;
00003d08 : 17160f0c;
00003d09 : 17170c0c;
00003d0a : 0f0c170c;
00003d0b : 160f1716;
00003d0c : 160f1717;
00003d0d : 01010101;
00003d0e : 0d0d0d01;
00003d0f : 0c0d0d0d;
00003d10 : 03030303;
00003d11 : 01010c03;
00003d12 : 0c0c0c01;
00003d13 : 010c160f;
00003d14 : 18170301;
00003d15 : 01010e0d;
00003d16 : 08090a0b;
00003d17 : 12010d01;
00003d18 : 01010113;
00003d19 : 01010101;
00003d1a : 01010101;
00003d1b : 01010101;
00003d1c : 01010101;
00003d1d : 090a0b01;
00003d1e : 01010108;
00003d1f : 01010101;
00003d20 : 1e1d1e1d;
00003d21 : 1e1d1e1d;
00003d22 : 1b1b1b1b;
00003d23 : 1b1b1b1b;
00003d24 : 1b1b1b1b;
00003d25 : 1b1b1b1b;
00003d26 : 1b1b1b1b;
00003d27 : 1b1b1b1b;
00003d28 : 03031b1b;
00003d29 : 03030303;
00003d2a : 03030303;
00003d2b : 03030303;
00003d2c : 03030303;
00003d2d : 01010303;
00003d2e : 0c0d0d01;
00003d2f : 0c0c0c0c;
00003d30 : 0202030c;
00003d31 : 03020202;
00003d32 : 03010101;
00003d33 : 03030303;
00003d34 : 02010103;
00003d35 : 0d0c1703;
00003d36 : 05040101;
00003d37 : 0c010706;
00003d38 : 19141119;
00003d39 : 01010101;
00003d3a : 01010101;
00003d3b : 01010101;
00003d3c : 01010101;
00003d3d : 04010101;
00003d3e : 01070605;
00003d3f : 01010101;
00003d40 : 201f0101;
00003d41 : 201f201f;
00003d42 : 1b00201f;
00003d43 : 1b1b1b1b;
00003d44 : 1b1b1b1b;
00003d45 : 1b1b1b1b;
00003d46 : 1b1b1b1b;
00003d47 : 1b1b1b1b;
00003d48 : 1b1b1b1b;
00003d49 : 02020202;
00003d4a : 02020202;
00003d4b : 02020202;
00003d4c : 02020202;
00003d4d : 02020202;
00003d4e : 0c010101;
00003d4f : 0303030c;
00003d50 : 02030303;
00003d51 : 02020202;
00003d52 : 01010202;
00003d53 : 02020201;
00003d54 : 01020202;
00003d55 : 03020201;
00003d56 : 01010c03;
00003d57 : 01010101;
00003d58 : 10180301;
00003d59 : 01011815;
00003d5a : 01010101;
00003d5b : 01010101;
00003d5c : 01010101;
00003d5d : 01010101;
00003d5e : 01010101;
00003d5f : 01010101;
00003d60 : 01010101;
00003d61 : 00000000;
00003d62 : 00000000;
00003d63 : 1b1e1d00;
00003d64 : 1b1b1b1b;
00003d65 : 1b1b1b1b;
00003d66 : 1b1b1b1b;
00003d67 : 1b1b1b1b;
00003d68 : 1b1b1b1b;
00003d69 : 02021b1b;
00003d6a : 02020202;
00003d6b : 02020202;
00003d6c : 02020202;
00003d6d : 02020202;
00003d6e : 01010202;
00003d6f : 02030301;
00003d70 : 02020202;
00003d71 : 02020202;
00003d72 : 02020202;
00003d73 : 02010101;
00003d74 : 02020202;
00003d75 : 02010102;
00003d76 : 03020202;
00003d77 : 01010101;
00003d78 : 02010101;
00003d79 : 17160f17;
00003d7a : 01010101;
00003d7b : 01010101;
00003d7c : 01010101;
00003d7d : 090a0b01;
00003d7e : 01010108;
00003d7f : 01010101;
00003d80 : 01010101;
00003d81 : 00000101;
00003d82 : 00000000;
00003d83 : 1f000000;
00003d84 : 1b1b1d20;
00003d85 : 1b1b1b1b;
00003d86 : 1b1b1b1b;
00003d87 : 1b1b1b1b;
00003d88 : 1b1b1b1b;
00003d89 : 1b1b1b1b;
00003d8a : 02020202;
00003d8b : 02020202;
00003d8c : 02020202;
00003d8d : 02020202;
00003d8e : 02020202;
00003d8f : 02010101;
00003d90 : 02020202;
00003d91 : 02020202;
00003d92 : 02020202;
00003d93 : 01010202;
00003d94 : 02020201;
00003d95 : 01020202;
00003d96 : 02020201;
00003d97 : 01010202;
00003d98 : 01010101;
00003d99 : 03030201;
00003d9a : 01010303;
00003d9b : 01010101;
00003d9c : 13121312;
00003d9d : 04010101;
00003d9e : 01070605;
00003d9f : 01010101;
00003da0 : 01010101;
00003da1 : 01010101;
00003da2 : 00000000;
00003da3 : 00000000;
00003da4 : 1f000000;
00003da5 : 1b1b1b1d;
00003da6 : 1b1b1b1b;
00003da7 : 1b1b1b1b;
00003da8 : 1b1b1b1b;
00003da9 : 1b1b1b1b;
00003daa : 02021b1b;
00003dab : 02020202;
00003dac : 02020202;
00003dad : 02020202;
00003dae : 02020202;
00003daf : 01010202;
00003db0 : 02020201;
00003db1 : 02020202;
00003db2 : 02020202;
00003db3 : 02020202;
00003db4 : 02010101;
00003db5 : 02020202;
00003db6 : 02010102;
00003db7 : 02020202;
00003db8 : 01010101;
00003db9 : 02010101;
00003dba : 02020202;
00003dbb : 01010101;
00003dbc : 14110101;
00003dbd : 0e191411;
00003dbe : 01010e0e;
00003dbf : 01010101;
00003dc0 : 01010101;
00003dc1 : 01010101;
00003dc2 : 00000101;
00003dc3 : 00000000;
00003dc4 : 00000000;
00003dc5 : 1d1f0000;
00003dc6 : 1b1b1b1e;
00003dc7 : 1b1b1b1b;
00003dc8 : 1b1b1b1b;
00003dc9 : 1b1b1b1b;
00003dca : 1b1b1b1b;
00003dcb : 02020202;
00003dcc : 02020202;
00003dcd : 02020202;
00003dce : 02020202;
00003dcf : 02020202;
00003dd0 : 02010101;
00003dd1 : 02020202;
00003dd2 : 02020202;
00003dd3 : 02020202;
00003dd4 : 01010202;
00003dd5 : 02020201;
00003dd6 : 01020202;
00003dd7 : 02020201;
00003dd8 : 01010202;
00003dd9 : 01010101;
00003dda : 02020201;
00003ddb : 01010202;
00003ddc : 01010101;
00003ddd : 15101510;
00003dde : 0d0d0d18;
00003ddf : 0d0d0d0d;
00003de0 : 01010101;
00003de1 : 01010101;
00003de2 : 01010101;
00003de3 : 00000000;
00003de4 : 00001c1c;
00003de5 : 00000000;
00003de6 : 1b201f00;
00003de7 : 1b1b1b1b;
00003de8 : 1b1b1b1b;
00003de9 : 1b1b1b1b;
00003dea : 1b1b1b1b;
00003deb : 02021b1b;
00003dec : 02020202;
00003ded : 02020202;
00003dee : 02020202;
00003def : 02020202;
00003df0 : 01010202;
00003df1 : 02020201;
00003df2 : 02020202;
00003df3 : 02020202;
00003df4 : 02020202;
00003df5 : 02010101;
00003df6 : 02020202;
00003df7 : 02010102;
00003df8 : 02020202;
00003df9 : 01010101;
00003dfa : 02010101;
00003dfb : 02020202;
00003dfc : 01010101;
00003dfd : 160f1a01;
00003dfe : 0c17160f;
00003dff : 0c0c0c0c;
00003e00 : 1a1a0c0c;
00003e01 : 1a1a1a1a;
00003e02 : 1a1a1a1a;
00003e03 : 0000011a;
00003e04 : 1b1c1c1c;
00003e05 : 0000001c;
00003e06 : 00000000;
00003e07 : 1b1b1d00;
00003e08 : 1b1b1b1b;
00003e09 : 1b1b1b1b;
00003e0a : 1b1b1b1b;
00003e0b : 1b1b1b1b;
00003e0c : 02020202;
00003e0d : 02020202;
00003e0e : 02020202;
00003e0f : 02020202;
00003e10 : 02020202;
00003e11 : 02010101;
00003e12 : 02020202;
00003e13 : 02020202;
00003e14 : 02020202;
00003e15 : 01010202;
00003e16 : 02020201;
00003e17 : 01020202;
00003e18 : 02020201;
00003e19 : 01010202;
00003e1a : 01010101;
00003e1b : 02020201;
00003e1c : 01010202;
00003e1d : 03010101;
00003e1e : 03030303;
00003e1f : 03030303;
00003e20 : 03030303;
00003e21 : 03030303;
00003e22 : 03030303;
00003e23 : 1c030303;
00003e24 : 1b1b1c1c;
00003e25 : 1c1b1b1b;
00003e26 : 00000000;
00003e27 : 1f000000;
00003e28 : 1b1b1b1d;
00003e29 : 1b1b1b1b;
00003e2a : 1b1b1b1b;
00003e2b : 1b1b1b1b;
00003e2c : 02021b1b;
00003e2d : 02020202;
00003e2e : 02020202;
00003e2f : 02020202;
00003e30 : 02020202;
00003e31 : 01010202;
00003e32 : 02020201;
00003e33 : 02020202;
00003e34 : 02020202;
00003e35 : 02020202;
00003e36 : 02010101;
00003e37 : 02020202;
00003e38 : 02010102;
00003e39 : 02020202;
00003e3a : 01010101;
00003e3b : 02010101;
00003e3c : 02020202;
00003e3d : 01010101;
00003e3e : 02020201;
00003e3f : 02020202;
00003e40 : 02020202;
00003e41 : 02020202;
00003e42 : 02020202;
00003e43 : 02020202;
00003e44 : 1b1b1b02;
00003e45 : 1b1b1b1b;
00003e46 : 001c1b1b;
00003e47 : 00000000;
00003e48 : 1d1f0000;
00003e49 : 1d1e1d1e;
00003e4a : 1d1e1d1e;
00003e4b : 1d1e1d1e;
00003e4c : 1d1e1d1e;
00003e4d : 02020202;
00003e4e : 02020202;
00003e4f : 02020202;
00003e50 : 02020202;
00003e51 : 02020202;
00003e52 : 02010101;
00003e53 : 02020202;
00003e54 : 02020202;
00003e55 : 02020202;
00003e56 : 01010202;
00003e57 : 02020201;
00003e58 : 01020202;
00003e59 : 02020201;
00003e5a : 01010202;
00003e5b : 01010101;
00003e5c : 02020201;
00003e5d : 01010202;
00003e5e : 02010101;
00003e5f : 02020202;
00003e60 : 02020202;
00003e61 : 02020202;
00003e62 : 02020202;
00003e63 : 02020202;
00003e64 : 1b020202;
00003e65 : 1b1b1b1b;
00003e66 : 1b1b1b1b;
00003e67 : 00001c1b;
00003e68 : 00000000;
00003e69 : 1f201f00;
00003e6a : 1f201f20;
00003e6b : 1f201f20;
00003e6c : 1f201f20;
00003e6d : 02021f20;
00003e6e : 02020202;
00003e6f : 02020202;
00003e70 : 02020202;
00003e71 : 02020202;
00003e72 : 01010202;
00003e73 : 02020201;
00003e74 : 02020202;
00003e75 : 02020202;
00003e76 : 02020202;
00003e77 : 02010101;
00003e78 : 02020202;
00003e79 : 02010102;
00003e7a : 02020202;
00003e7b : 01010101;
00003e7c : 02010101;
00003e7d : 02020202;
00003e7e : 01010101;
00003e7f : 02020201;
00003e80 : 02020202;
00003e81 : 02020202;
00003e82 : 02020202;
00003e83 : 02020202;
00003e84 : 02020202;
00003e85 : 1b1b1b02;
00003e86 : 1b1b1b1b;
00003e87 : 1b1b1b1b;
00003e88 : 00001c1c;
00003e89 : 00000000;
00003e8a : 00000000;
00003e8b : 00000000;
00003e8c : 00000000;
00003e8d : 00000000;
00003e8e : 02020202;
00003e8f : 02020202;
00003e90 : 02020202;
00003e91 : 02020202;
00003e92 : 02020202;
00003e93 : 02010101;
00003e94 : 02020202;
00003e95 : 02020202;
00003e96 : 02020202;
00003e97 : 01010202;
00003e98 : 02020201;
00003e99 : 01020202;
00003e9a : 02020201;
00003e9b : 01010202;
00003e9c : 01010101;
00003e9d : 02020201;
00003e9e : 01010202;
00003e9f : 02010101;
00003ea0 : 02020202;
00003ea1 : 02020202;
00003ea2 : 02020202;
00003ea3 : 02020202;
00003ea4 : 02020202;
00003ea5 : 1b020202;
00003ea6 : 1b1b1b1b;
00003ea7 : 1b1b1b1b;
00003ea8 : 1b1b1b1b;
00003ea9 : 0000001c;
00003eaa : 00000000;
00003eab : 00000000;
00003eac : 00000000;
00003ead : 00000000;
00003eae : 02020000;
00003eaf : 02020202;
00003eb0 : 02020202;
00003eb1 : 02020202;
00003eb2 : 02020202;
00003eb3 : 01010202;
00003eb4 : 02020201;
00003eb5 : 02020202;
00003eb6 : 02020202;
00003eb7 : 02020202;
00003eb8 : 02010101;
00003eb9 : 02020202;
00003eba : 02010102;
00003ebb : 02020202;
00003ebc : 01010101;
00003ebd : 02010101;
00003ebe : 02020202;
00003ebf : 01010101;
00003ec0 : 02020201;
00003ec1 : 02020202;
00003ec2 : 02020202;
00003ec3 : 02020202;
00003ec4 : 02020202;
00003ec5 : 02020202;
00003ec6 : 1b1b1b02;
00003ec7 : 1b1b1b1b;
00003ec8 : 1b1b1b1b;
00003ec9 : 1c1b1b1b;
00003eca : 0000001c;
00003ecb : 00000000;
00003ecc : 00000000;
00003ecd : 00000000;
00003ece : 00000000;
00003ecf : 02020202;
00003ed0 : 02020202;
00003ed1 : 02020202;
00003ed2 : 02020202;
00003ed3 : 02020202;
00003ed4 : 02010101;
00003ed5 : 02020202;
00003ed6 : 02020202;
00003ed7 : 02020202;
00003ed8 : 01010202;
00003ed9 : 02020201;
00003eda : 01020202;
00003edb : 02020201;
00003edc : 01010202;
00003edd : 01010101;
00003ede : 02020201;
00003edf : 01010202;
00003ee0 : 02010101;
00003ee1 : 02020202;
00003ee2 : 02020202;
00003ee3 : 02020202;
00003ee4 : 02020202;
00003ee5 : 02020202;
00003ee6 : 1b020202;
00003ee7 : 1b1b1b1b;
00003ee8 : 1b1b1b1b;
00003ee9 : 1b1b1b1b;
00003eea : 001b1b1b;
00003eeb : 00000000;
00003eec : 00000000;
00003eed : 00000000;
00003eee : 00000000;
00003eef : 02020000;
00003ef0 : 02020202;
00003ef1 : 02020202;
00003ef2 : 02020202;
00003ef3 : 02020202;
00003ef4 : 01010202;
00003ef5 : 02020201;
00003ef6 : 02020202;
00003ef7 : 02020202;
00003ef8 : 02020202;
00003ef9 : 02010101;
00003efa : 02020202;
00003efb : 02010102;
00003efc : 02020202;
00003efd : 01010101;
00003efe : 02010101;
00003eff : 02020202;
00003f00 : 01010101;
00003f01 : 02020201;
00003f02 : 02020202;
00003f03 : 02020202;
00003f04 : 02020202;
00003f05 : 02020202;
00003f06 : 02020202;
00003f07 : 1b1b1b02;
00003f08 : 1b1b1b1b;
00003f09 : 1b1b1b1b;
00003f0a : 1b1b1b1b;
00003f0b : 1c1c1c1b;
00003f0c : 00001c1c;
00003f0d : 00000000;
00003f0e : 00000000;
00003f0f : 00000000;
00003f10 : 02020202;
00003f11 : 02020202;
00003f12 : 02020202;
00003f13 : 02020202;
00003f14 : 02020202;
00003f15 : 02010101;
00003f16 : 02020202;
00003f17 : 02020202;
00003f18 : 02020202;
00003f19 : 01010202;
00003f1a : 02020201;
00003f1b : 01020202;
00003f1c : 02020201;
00003f1d : 01010202;
00003f1e : 01010101;
00003f1f : 02020201;
00003f20 : 01010202;
00003f21 : 02010101;
00003f22 : 02020202;
00003f23 : 02020202;
00003f24 : 02020202;
00003f25 : 02020202;
00003f26 : 02020202;
00003f27 : 1b020202;
00003f28 : 1b1b1b1b;
00003f29 : 1b1b1b1b;
00003f2a : 1b1b1b1b;
00003f2b : 1b1b1b1b;
00003f2c : 1b1b1b1b;
00003f2d : 0000001c;
00003f2e : 00000000;
00003f2f : 00000000;
00003f30 : 02020000;
00003f31 : 02020202;
00003f32 : 02020202;
00003f33 : 02020202;
00003f34 : 02020202;
00003f35 : 01010202;
00003f36 : 02020201;
00003f37 : 02020202;
00003f38 : 02020202;
00003f39 : 02020202;
00003f3a : 02010101;
00003f3b : 02020202;
00003f3c : 02010102;
00003f3d : 02020202;
00003f3e : 01010101;
00003f3f : 02010101;
00003f40 : 02020202;
00003f41 : 01010101;
00003f42 : 02020201;
00003f43 : 02020202;
00003f44 : 02020202;
00003f45 : 02020202;
00003f46 : 02020202;
00003f47 : 02020202;
00003f48 : 1b1b1b02;
00003f49 : 1b1b1b1b;
00003f4a : 1b1b1b1b;
00003f4b : 1b1b1b1b;
00003f4c : 1b1b1b1b;
00003f4d : 001b1b1b;
00003f4e : 00000000;
00003f4f : 00000000;
00003f50 : 00000000;
00003f51 : 02020202;
00003f52 : 02020202;
00003f53 : 02020202;
00003f54 : 02020202;
00003f55 : 02020202;
00003f56 : 02010101;
00003f57 : 02020202;
00003f58 : 02020202;
00003f59 : 02020202;
00003f5a : 01010202;
00003f5b : 02020201;
00003f5c : 01020202;
00003f5d : 02020201;
00003f5e : 01010202;
00003f5f : 01010101;
00003f60 : 02020201;
00003f61 : 01010202;
00003f62 : 02010101;
00003f63 : 02020202;
00003f64 : 02020202;
00003f65 : 02020202;
00003f66 : 02020202;
00003f67 : 02020202;
00003f68 : 1b020202;
00003f69 : 1b1b1b1b;
00003f6a : 1b1b1b1b;
00003f6b : 1b1b1b1b;
00003f6c : 1b1b1b1b;
00003f6d : 1b1b1b1b;
00003f6e : 00001c1b;
00003f6f : 00000000;
00003f70 : 00000000;
00003f71 : 00000000;
00003f72 : 0000001d;
00003f73 : 00000082;
00003f74 : 00000000;
00003f75 : 00000000;
00003f76 : 00000000;
00003f77 : 00000000;
00003f78 : 00000000;
00003f79 : 00000000;
00003f7a : 00000000;
00003f7b : 00000000;
00003f7c : 00000000;
00003f7d : 00000000;
00003f7e : 00000000;
00003f7f : 00000000;
00003f80 : 00000000;
00003f81 : 00000000;
00003f82 : 00000000;
00003f83 : 00000000;
00003f84 : 00000000;
00003f85 : 00000000;
00003f86 : 00000000;
00003f87 : 00000000;
00003f88 : 00000000;
00003f89 : 00000000;
00003f8a : 00000000;
00003f8b : 00000000;
00003f8c : 01010101;
00003f8d : 01010101;
00003f8e : 01010101;
00003f8f : 01010101;
00003f90 : 01010101;
00003f91 : 01010101;
00003f92 : 01010101;
00003f93 : 01010101;
00003f94 : 00000101;
00003f95 : 00000000;
00003f96 : 00000000;
00003f97 : 00000000;
00003f98 : 00000000;
00003f99 : 00000000;
00003f9a : 00000000;
00003f9b : 00000000;
00003f9c : 00000000;
00003f9d : 00000000;
00003f9e : 00000000;
00003f9f : 00000000;
00003fa0 : 00000000;
00003fa1 : 00000000;
00003fa2 : 00000000;
00003fa3 : 00000000;
00003fa4 : 00000000;
00003fa5 : 00000000;
00003fa6 : 00000000;
00003fa7 : 00000000;
00003fa8 : 00000000;
00003fa9 : 00000000;
00003faa : 00000000;
00003fab : 00000000;
00003fac : 01010000;
00003fad : 01010101;
00003fae : 01010101;
00003faf : 01010101;
00003fb0 : 01010101;
00003fb1 : 01010101;
00003fb2 : 01010101;
00003fb3 : 01010101;
00003fb4 : 01010101;
00003fb5 : 00000000;
00003fb6 : 00000000;
00003fb7 : 00000000;
00003fb8 : 00000000;
00003fb9 : 00000000;
00003fba : 00000000;
00003fbb : 00000000;
00003fbc : 00000000;
00003fbd : 00000000;
00003fbe : 00000000;
00003fbf : 00000000;
00003fc0 : 00000000;
00003fc1 : 00000000;
00003fc2 : 00000000;
00003fc3 : 00000000;
00003fc4 : 00000000;
00003fc5 : 00000000;
00003fc6 : 00000000;
00003fc7 : 00000000;
00003fc8 : 00000000;
00003fc9 : 00000000;
00003fca : 00000000;
00003fcb : 00000000;
00003fcc : 00000000;
00003fcd : 01010101;
00003fce : 01010101;
00003fcf : 01010101;
00003fd0 : 01010101;
00003fd1 : 01010101;
00003fd2 : 01010101;
00003fd3 : 01010101;
00003fd4 : 01010101;
00003fd5 : 00000101;
00003fd6 : 00000000;
00003fd7 : 00000000;
00003fd8 : 00000000;
00003fd9 : 00000000;
00003fda : 00000000;
00003fdb : 00000000;
00003fdc : 00000000;
00003fdd : 00000000;
00003fde : 00000000;
00003fdf : 00000000;
00003fe0 : 00000000;
00003fe1 : 00000000;
00003fe2 : 00000000;
00003fe3 : 00000000;
00003fe4 : 00000000;
00003fe5 : 00000000;
00003fe6 : 00000000;
00003fe7 : 00000000;
00003fe8 : 00000000;
00003fe9 : 00000000;
00003fea : 00000000;
00003feb : 00000000;
00003fec : 00000000;
00003fed : 01010000;
00003fee : 01010101;
00003fef : 01010101;
00003ff0 : 01010101;
00003ff1 : 01010101;
00003ff2 : 01010101;
00003ff3 : 01010101;
00003ff4 : 01010101;
00003ff5 : 01010101;
00003ff6 : 00000000;
00003ff7 : 00000000;
00003ff8 : 00000000;
00003ff9 : 00000000;
00003ffa : 00000000;
00003ffb : 00000000;
00003ffc : 00000000;
00003ffd : 00000000;
00003ffe : 00000000;
00003fff : 00000000;
00004000 : 00000000;
00004001 : 00000000;
00004002 : 00000000;
00004003 : 00000000;
00004004 : 00000000;
00004005 : 00000000;
00004006 : 00000000;
00004007 : 00000000;
00004008 : 00000000;
00004009 : 00000000;
0000400a : 00000000;
0000400b : 00000000;
0000400c : 00000000;
0000400d : 00000000;
0000400e : 01010101;
0000400f : 01010101;
00004010 : 01010101;
00004011 : 01010101;
00004012 : 01010101;
00004013 : 01010101;
00004014 : 01010101;
00004015 : 01010101;
00004016 : 00000101;
00004017 : 00000000;
00004018 : 00000000;
00004019 : 00000000;
0000401a : 00000000;
0000401b : 00000000;
0000401c : 00000000;
0000401d : 00000000;
0000401e : 00000000;
0000401f : 00000000;
00004020 : 00000000;
00004021 : 00000000;
00004022 : 00000000;
00004023 : 00000000;
00004024 : 00000000;
00004025 : 00000000;
00004026 : 00000000;
00004027 : 00000000;
00004028 : 00000000;
00004029 : 00000000;
0000402a : 00000000;
0000402b : 00000000;
0000402c : 00000000;
0000402d : 00000000;
0000402e : 01010000;
0000402f : 01010101;
00004030 : 01010101;
00004031 : 01010101;
00004032 : 01010101;
00004033 : 01010101;
00004034 : 01010101;
00004035 : 01010101;
00004036 : 01010101;
00004037 : 00000000;
00004038 : 00000000;
00004039 : 00000000;
0000403a : 00000000;
0000403b : 00000000;
0000403c : 00000000;
0000403d : 00000000;
0000403e : 00000000;
0000403f : 00000000;
00004040 : 00000000;
00004041 : 00000000;
00004042 : 00000000;
00004043 : 00000000;
00004044 : 00000000;
00004045 : 00000000;
00004046 : 00000000;
00004047 : 00000000;
00004048 : 00000000;
00004049 : 00000000;
0000404a : 00000000;
0000404b : 00000000;
0000404c : 00000000;
0000404d : 00000000;
0000404e : 00000000;
0000404f : 01010101;
00004050 : 01010101;
00004051 : 01010101;
00004052 : 01010101;
00004053 : 01010101;
00004054 : 01010101;
00004055 : 01010101;
00004056 : 01010101;
00004057 : 00000101;
00004058 : 00000000;
00004059 : 00000000;
0000405a : 00000000;
0000405b : 00000000;
0000405c : 00000000;
0000405d : 00000000;
0000405e : 00000000;
0000405f : 00000000;
00004060 : 00000000;
00004061 : 00000000;
00004062 : 00000000;
00004063 : 00000000;
00004064 : 00000000;
00004065 : 00000000;
00004066 : 00000000;
00004067 : 00000000;
00004068 : 00000000;
00004069 : 00000000;
0000406a : 00000000;
0000406b : 00000000;
0000406c : 00000000;
0000406d : 00000000;
0000406e : 00000000;
0000406f : 01010000;
00004070 : 01010101;
00004071 : 01010101;
00004072 : 01010101;
00004073 : 01010101;
00004074 : 01010101;
00004075 : 01010101;
00004076 : 01010101;
00004077 : 01010101;
00004078 : 00000000;
00004079 : 00000000;
0000407a : 00000000;
0000407b : 00000000;
0000407c : 00000000;
0000407d : 00000000;
0000407e : 00000000;
0000407f : 00000000;
00004080 : 00000000;
00004081 : 00000000;
00004082 : 00000000;
00004083 : 00000000;
00004084 : 00000000;
00004085 : 00000000;
00004086 : 00000000;
00004087 : 00000000;
00004088 : 00000000;
00004089 : 00000000;
0000408a : 00000000;
0000408b : 00000000;
0000408c : 00000000;
0000408d : 00000000;
0000408e : 00000000;
0000408f : 00000000;
00004090 : 01010101;
00004091 : 01010101;
00004092 : 01010101;
00004093 : 01010101;
00004094 : 01010101;
00004095 : 01010101;
00004096 : 01010101;
00004097 : 01010101;
00004098 : 00000101;
00004099 : 00000000;
0000409a : 00000000;
0000409b : 00000000;
0000409c : 00000000;
0000409d : 00000000;
0000409e : 00000000;
0000409f : 00000000;
000040a0 : 00000000;
000040a1 : 00000000;
000040a2 : 00000000;
000040a3 : 00000000;
000040a4 : 00000000;
000040a5 : 00000000;
000040a6 : 00000000;
000040a7 : 00000000;
000040a8 : 00000000;
000040a9 : 00000000;
000040aa : 00000000;
000040ab : 00000000;
000040ac : 00000000;
000040ad : 00000000;
000040ae : 00000000;
000040af : 00000000;
000040b0 : 01010000;
000040b1 : 01010101;
000040b2 : 01010101;
000040b3 : 01010101;
000040b4 : 01010101;
000040b5 : 01010101;
000040b6 : 01010101;
000040b7 : 01010101;
000040b8 : 01010101;
000040b9 : 00000000;
000040ba : 00000000;
000040bb : 00000000;
000040bc : 00000000;
000040bd : 00000000;
000040be : 00000000;
000040bf : 00000000;
000040c0 : 00000000;
000040c1 : 01010101;
000040c2 : 00000001;
000040c3 : 00000000;
000040c4 : 00000000;
000040c5 : 00000100;
000040c6 : 00000000;
000040c7 : 00000000;
000040c8 : 00000000;
000040c9 : 00000000;
000040ca : 00000000;
000040cb : 00000000;
000040cc : 00000000;
000040cd : 00000000;
000040ce : 00000000;
000040cf : 00000000;
000040d0 : 00000000;
000040d1 : 00000000;
000040d2 : 00000000;
000040d3 : 01010101;
000040d4 : 01010101;
000040d5 : 01010101;
000040d6 : 01010101;
000040d7 : 01010101;
000040d8 : 01010101;
000040d9 : 01010101;
000040da : 01010101;
000040db : 01010101;
000040dc : 01010101;
000040dd : 01010101;
000040de : 00000101;
000040df : 00000000;
000040e0 : 00000000;
000040e1 : 01010100;
000040e2 : 01010101;
000040e3 : 01000000;
000040e4 : 01010101;
000040e5 : 01000001;
000040e6 : 00000001;
000040e7 : 00000000;
000040e8 : 00000000;
000040e9 : 00000000;
000040ea : 00000000;
000040eb : 00000000;
000040ec : 00000000;
000040ed : 00000000;
000040ee : 00000000;
000040ef : 00000000;
000040f0 : 00000000;
000040f1 : 00000000;
000040f2 : 00000000;
000040f3 : 01000000;
000040f4 : 01010101;
000040f5 : 01010101;
000040f6 : 01010101;
000040f7 : 01010101;
000040f8 : 01010101;
000040f9 : 01010101;
000040fa : 01010101;
000040fb : 01010101;
000040fc : 01010101;
000040fd : 01010101;
000040fe : 01010101;
000040ff : 00000000;
00004100 : 01010100;
00004101 : 01010101;
00004102 : 01010101;
00004103 : 00000101;
00004104 : 01010100;
00004105 : 00010101;
00004106 : 01010100;
00004107 : 00000001;
00004108 : 00000000;
00004109 : 00000100;
0000410a : 00000000;
0000410b : 00000000;
0000410c : 00000000;
0000410d : 00000000;
0000410e : 00000000;
0000410f : 00000000;
00004110 : 00000000;
00004111 : 00000000;
00004112 : 00000000;
00004113 : 00000000;
00004114 : 01000000;
00004115 : 01010101;
00004116 : 01010101;
00004117 : 01010101;
00004118 : 01010101;
00004119 : 01010101;
0000411a : 01010101;
0000411b : 01010101;
0000411c : 01010101;
0000411d : 01010101;
0000411e : 01010101;
0000411f : 00000101;
00004120 : 01010100;
00004121 : 01010101;
00004122 : 01010101;
00004123 : 01010101;
00004124 : 01000000;
00004125 : 01010101;
00004126 : 01000001;
00004127 : 01010101;
00004128 : 00000000;
00004129 : 01000000;
0000412a : 00000000;
0000412b : 00000000;
0000412c : 00000000;
0000412d : 00000000;
0000412e : 00000000;
0000412f : 00000000;
00004130 : 00000000;
00004131 : 00000000;
00004132 : 00000000;
00004133 : 00000000;
00004134 : 00000000;
00004135 : 01010000;
00004136 : 01010101;
00004137 : 01010101;
00004138 : 01010101;
00004139 : 01010101;
0000413a : 01010101;
0000413b : 01010101;
0000413c : 01010101;
0000413d : 01010101;
0000413e : 01010101;
0000413f : 01010101;
00004140 : 01000000;
00004141 : 01010101;
00004142 : 01010101;
00004143 : 01010101;
00004144 : 00000101;
00004145 : 01010100;
00004146 : 00010101;
00004147 : 01010100;
00004148 : 00000101;
00004149 : 00000000;
0000414a : 01010100;
0000414b : 00000101;
0000414c : 00000000;
0000414d : 00000000;
0000414e : 00000000;
0000414f : 00000000;
00004150 : 00000000;
00004151 : 00000000;
00004152 : 00000000;
00004153 : 00000000;
00004154 : 00000000;
00004155 : 00000000;
00004156 : 01010100;
00004157 : 01010101;
00004158 : 01010101;
00004159 : 01010101;
0000415a : 01010101;
0000415b : 01010101;
0000415c : 01010101;
0000415d : 01010101;
0000415e : 01010101;
0000415f : 01010101;
00004160 : 00000101;
00004161 : 01010100;
00004162 : 01010101;
00004163 : 01010101;
00004164 : 01010101;
00004165 : 01000000;
00004166 : 01010101;
00004167 : 01000001;
00004168 : 01010101;
00004169 : 00000000;
0000416a : 01000000;
0000416b : 01010101;
0000416c : 00000000;
0000416d : 00000000;
0000416e : 00000000;
0000416f : 00000000;
00004170 : 00000000;
00004171 : 00000000;
00004172 : 00000000;
00004173 : 00000000;
00004174 : 00000000;
00004175 : 00000000;
00004176 : 00000000;
00004177 : 01010100;
00004178 : 01010101;
00004179 : 01010101;
0000417a : 01010101;
0000417b : 01010101;
0000417c : 01010101;
0000417d : 01010101;
0000417e : 01010101;
0000417f : 01010101;
00004180 : 01010101;
00004181 : 01000000;
00004182 : 01010101;
00004183 : 01010101;
00004184 : 01010101;
00004185 : 00000101;
00004186 : 01010100;
00004187 : 00010101;
00004188 : 01010100;
00004189 : 00000101;
0000418a : 00000000;
0000418b : 01010100;
0000418c : 00000101;
0000418d : 00000000;
0000418e : 00000000;
0000418f : 00000000;
00004190 : 00000000;
00004191 : 00000000;
00004192 : 00000000;
00004193 : 00000000;
00004194 : 00000000;
00004195 : 00000101;
00004196 : 00000000;
00004197 : 01000000;
00004198 : 01010101;
00004199 : 01010101;
0000419a : 01010101;
0000419b : 01010101;
0000419c : 01010101;
0000419d : 01010101;
0000419e : 01010101;
0000419f : 01010101;
000041a0 : 01010101;
000041a1 : 00000101;
000041a2 : 01010100;
000041a3 : 01010101;
000041a4 : 01010101;
000041a5 : 01010101;
000041a6 : 01000000;
000041a7 : 01010101;
000041a8 : 01000001;
000041a9 : 01010101;
000041aa : 00000000;
000041ab : 01000000;
000041ac : 01010101;
000041ad : 00000000;
000041ae : 00000000;
000041af : 00000000;
000041b0 : 00000000;
000041b1 : 00000000;
000041b2 : 00000000;
000041b3 : 00000000;
000041b4 : 00000000;
000041b5 : 01010101;
000041b6 : 00000001;
000041b7 : 00000000;
000041b8 : 01010000;
000041b9 : 01010101;
000041ba : 01010101;
000041bb : 01010101;
000041bc : 01010101;
000041bd : 01010101;
000041be : 01010101;
000041bf : 01010101;
000041c0 : 01010101;
000041c1 : 01010101;
000041c2 : 01000000;
000041c3 : 01010101;
000041c4 : 01010101;
000041c5 : 01010101;
000041c6 : 00000101;
000041c7 : 01010100;
000041c8 : 00010101;
000041c9 : 01010100;
000041ca : 00000101;
000041cb : 00000000;
000041cc : 01010100;
000041cd : 00000101;
000041ce : 01000000;
000041cf : 01010101;
000041d0 : 01010101;
000041d1 : 01010101;
000041d2 : 01010101;
000041d3 : 01010101;
000041d4 : 00010101;
000041d5 : 01010101;
000041d6 : 01010101;
000041d7 : 00000000;
000041d8 : 00000000;
000041d9 : 01010100;
000041da : 01010101;
000041db : 01010101;
000041dc : 01010101;
000041dd : 01010101;
000041de : 01010101;
000041df : 01010101;
000041e0 : 01010101;
000041e1 : 01010101;
000041e2 : 00000101;
000041e3 : 01010100;
000041e4 : 01010101;
000041e5 : 01010101;
000041e6 : 01010101;
000041e7 : 01000000;
000041e8 : 01010101;
000041e9 : 01000001;
000041ea : 01010101;
000041eb : 00000000;
000041ec : 01000000;
000041ed : 01010101;
000041ee : 00000000;
000041ef : 01010100;
000041f0 : 01010101;
000041f1 : 01010101;
000041f2 : 01010101;
000041f3 : 01010101;
000041f4 : 01010101;
000041f5 : 01010101;
000041f6 : 01010101;
000041f7 : 00010101;
000041f8 : 00000000;
000041f9 : 00000000;
000041fa : 00000000;
000041fb : 00000000;
000041fc : 00000000;
000041fd : 00000000;
000041fe : 01010101;
000041ff : 01010101;
00004200 : 01010101;
00004201 : 01010101;
00004202 : 01010101;
00004203 : 01000000;
00004204 : 01010101;
00004205 : 01010101;
00004206 : 01010101;
00004207 : 00000101;
00004208 : 01010100;
00004209 : 00010101;
0000420a : 01010100;
0000420b : 00000101;
0000420c : 00000000;
0000420d : 01010100;
0000420e : 00000101;
0000420f : 01000000;
00004210 : 01010101;
00004211 : 01010101;
00004212 : 01010101;
00004213 : 01010101;
00004214 : 01010101;
00004215 : 01010101;
00004216 : 01010101;
00004217 : 01010101;
00004218 : 00000101;
00004219 : 00000000;
0000421a : 00000000;
0000421b : 00000000;
0000421c : 00000000;
0000421d : 00000000;
0000421e : 01010000;
0000421f : 01010101;
00004220 : 01010101;
00004221 : 01010101;
00004222 : 01010101;
00004223 : 00000101;
00004224 : 01010100;
00004225 : 01010101;
00004226 : 01010101;
00004227 : 01010101;
00004228 : 01000000;
00004229 : 01010101;
0000422a : 01000001;
0000422b : 01010101;
0000422c : 00000000;
0000422d : 01000000;
0000422e : 01010101;
0000422f : 00000000;
00004230 : 01010100;
00004231 : 01010101;
00004232 : 01010101;
00004233 : 01010101;
00004234 : 01010101;
00004235 : 01010101;
00004236 : 01010101;
00004237 : 01010101;
00004238 : 01010101;
00004239 : 00000101;
0000423a : 00000000;
0000423b : 00000000;
0000423c : 00000000;
0000423d : 00000000;
0000423e : 00000000;
0000423f : 01010101;
00004240 : 01010101;
00004241 : 01010101;
00004242 : 01010101;
00004243 : 01010101;
00004244 : 01000000;
00004245 : 01010101;
00004246 : 01010101;
00004247 : 01010101;
00004248 : 00000101;
00004249 : 01010100;
0000424a : 00010101;
0000424b : 01010100;
0000424c : 00000101;
0000424d : 00000000;
0000424e : 01010100;
0000424f : 00000101;
00004250 : 01000000;
00004251 : 01010101;
00004252 : 01010101;
00004253 : 01010101;
00004254 : 01010101;
00004255 : 01010101;
00004256 : 01010101;
00004257 : 01010101;
00004258 : 01010101;
00004259 : 01010101;
0000425a : 00000001;
0000425b : 00000000;
0000425c : 00000000;
0000425d : 00000000;
0000425e : 00000000;
0000425f : 01010000;
00004260 : 01010101;
00004261 : 01010101;
00004262 : 01010101;
00004263 : 01010101;
00004264 : 00000101;
00004265 : 01010100;
00004266 : 01010101;
00004267 : 01010101;
00004268 : 01010101;
00004269 : 01000000;
0000426a : 01010101;
0000426b : 01000001;
0000426c : 01010101;
0000426d : 00000000;
0000426e : 01000000;
0000426f : 01010101;
00004270 : 00000000;
00004271 : 01010100;
00004272 : 01010101;
00004273 : 01010101;
00004274 : 01010101;
00004275 : 01010101;
00004276 : 01010101;
00004277 : 01010101;
00004278 : 01010101;
00004279 : 01010101;
0000427a : 01010101;
0000427b : 00000001;
0000427c : 00000000;
0000427d : 00000000;
0000427e : 00000000;
0000427f : 00000000;
00004280 : 01010101;
00004281 : 01010101;
00004282 : 01010101;
00004283 : 01010101;
00004284 : 01010101;
00004285 : 01000000;
00004286 : 01010101;
00004287 : 01010101;
00004288 : 01010101;
00004289 : 00000101;
0000428a : 01010100;
0000428b : 00010101;
0000428c : 01010100;
0000428d : 00000101;
0000428e : 00000000;
0000428f : 01010100;
00004290 : 00000101;
00004291 : 01000000;
00004292 : 01010101;
00004293 : 01010101;
00004294 : 01010101;
00004295 : 01010101;
00004296 : 01010101;
00004297 : 01010101;
00004298 : 01010101;
00004299 : 01010101;
0000429a : 01010101;
0000429b : 00010101;
0000429c : 00000000;
0000429d : 00000000;
0000429e : 00000000;
0000429f : 00000000;
000042a0 : 01010000;
000042a1 : 01010101;
000042a2 : 01010101;
000042a3 : 01010101;
000042a4 : 01010101;
000042a5 : 00000101;
000042a6 : 01010100;
000042a7 : 01010101;
000042a8 : 01010101;
000042a9 : 01010101;
000042aa : 01000000;
000042ab : 01010101;
000042ac : 01000001;
000042ad : 01010101;
000042ae : 00000000;
000042af : 01000000;
000042b0 : 01010101;
000042b1 : 00000000;
000042b2 : 01010100;
000042b3 : 01010101;
000042b4 : 01010101;
000042b5 : 01010101;
000042b6 : 01010101;
000042b7 : 01010101;
000042b8 : 01010101;
000042b9 : 01010101;
000042ba : 01010101;
000042bb : 01010101;
000042bc : 01010101;
000042bd : 00000101;
000042be : 00000000;
000042bf : 00000000;
000042c0 : 00000000;
000042c1 : 01010101;
000042c2 : 01010101;
000042c3 : 01010101;
000042c4 : 01010101;
000042c5 : 01010101;
000042c6 : 01000000;
000042c7 : 01010101;
000042c8 : 01010101;
000042c9 : 01010101;
000042ca : 00000101;
000042cb : 01010100;
000042cc : 00010101;
000042cd : 01010100;
000042ce : 00000101;
000042cf : 00000000;
000042d0 : 01010100;
000042d1 : 00000101;
000042d2 : 01000000;
000042d3 : 01010101;
000042d4 : 01010101;
000042d5 : 01010101;
000042d6 : 01010101;
000042d7 : 01010101;
000042d8 : 01010101;
000042d9 : 01010101;
000042da : 01010101;
000042db : 01010101;
000042dc : 01010101;
000042dd : 01010101;
000042de : 00000001;
000042df : 00000000;
000042e0 : 00000000;
000042e1 : 01010000;
000042e2 : 01010101;
000042e3 : 01010101;
000042e4 : 01010101;
000042e5 : 01010101;
000042e6 : 00000101;
000042e7 : 01010100;
000042e8 : 01010101;
000042e9 : 01010101;
000042ea : 01010101;
000042eb : 01000000;
000042ec : 01010101;
000042ed : 01000001;
000042ee : 01010101;
000042ef : 00000000;
000042f0 : 01000000;
000042f1 : 01010101;
000042f2 : 00000000;
000042f3 : 01010100;
000042f4 : 01010101;
000042f5 : 01010101;
000042f6 : 01010101;
000042f7 : 01010101;
000042f8 : 01010101;
000042f9 : 01010101;
000042fa : 01010101;
000042fb : 01010101;
000042fc : 01010101;
000042fd : 01010101;
000042fe : 00010101;
000042ff : 00000000;
00004300 : 00000000;
00004301 : 00000000;
00004302 : 01010101;
00004303 : 01010101;
00004304 : 01010101;
00004305 : 01010101;
00004306 : 01010101;
00004307 : 01040404;
00004308 : 01010101;
00004309 : 01010101;
0000430a : 01010101;
0000430b : 04040101;
0000430c : 01010104;
0000430d : 04010101;
0000430e : 01010104;
0000430f : 04040101;
00004310 : 04040404;
00004311 : 01010104;
00004312 : 04040101;
00004313 : 01040404;
00004314 : 01010101;
00004315 : 01010101;
00004316 : 01010101;
00004317 : 01010101;
00004318 : 01010101;
00004319 : 01010101;
0000431a : 01010101;
0000431b : 01010101;
0000431c : 01010101;
0000431d : 01010101;
0000431e : 01010101;
0000431f : 05050101;
00004320 : 05050505;
00004321 : 05050505;
00004322 : 00000505;
00004323 : 0000000f;
00004324 : 00000014;
00004325 : 0000001b;
00004326 : 1b1b0000;
00004327 : 1b1b1b1b;
00004328 : 1b1b1b1b;
00004329 : 1b1b1b1b;
0000432a : 0000001b;
0000432b : 1b1b0000;
0000432c : 1b1b1b1b;
0000432d : 1b1b1b1b;
0000432e : 1b1b1b1b;
0000432f : 0000001b;
00004330 : 1e1d0000;
00004331 : 1e1d1e1d;
00004332 : 1e1d1e1d;
00004333 : 1b1b1b1b;
00004334 : 0000001b;
00004335 : 201f0000;
00004336 : 201f201f;
00004337 : 201f201f;
00004338 : 1b1b1b00;
00004339 : 0000001b;
0000433a : 00000000;
0000433b : 00000000;
0000433c : 00000000;
0000433d : 1b1b0000;
0000433e : 0000001b;
0000433f : 00000000;
00004340 : 00000000;
00004341 : 00000000;
00004342 : 1b000000;
00004343 : 0000001b;
00004344 : 00000000;
00004345 : 00000000;
00004346 : 00000000;
00004347 : 1b000000;
00004348 : 0000001b;
00004349 : 00000000;
0000434a : 00000000;
0000434b : 00000000;
0000434c : 1b000000;
0000434d : 0000001b;
0000434e : 00000000;
0000434f : 00000000;
00004350 : 00000000;
00004351 : 1b000000;
00004352 : 0000001b;
00004353 : 00000000;
00004354 : 00000000;
00004355 : 00000000;
00004356 : 1b000000;
00004357 : 0000001b;
00004358 : 00000000;
00004359 : 00000000;
0000435a : 00000000;
0000435b : 1b000000;
0000435c : 0000001b;
0000435d : 00000000;
0000435e : 00000000;
0000435f : 00000000;
00004360 : 1b000000;
00004361 : 1c1c1c1b;
00004362 : 1c1c1c1c;
00004363 : 1c1c1c1c;
00004364 : 1c1c1c1c;
00004365 : 1b1c1c1c;
00004366 : 1b1b1b1b;
00004367 : 1b1b1b1b;
00004368 : 1b1b1b1b;
00004369 : 1b1b1b1b;
0000436a : 1b1b1b1b;
0000436b : 1b1b1b1b;
0000436c : 1b1b1b1b;
0000436d : 1b1b1b1b;
0000436e : 1b1b1b1b;
0000436f : 1b1b1b1b;
00004370 : 0000000f;
00004371 : 00000014;
00004372 : 00000001;
00004373 : 01010000;
00004374 : 01010101;
00004375 : 01010101;
00004376 : 01010101;
00004377 : 00000001;
00004378 : 01010000;
00004379 : 01010101;
0000437a : 01010101;
0000437b : 01010101;
0000437c : 00000001;
0000437d : 00000000;
0000437e : 00000000;
0000437f : 00000000;
00004380 : 01010101;
00004381 : 00000001;
00004382 : 00000000;
00004383 : 00000000;
00004384 : 00000000;
00004385 : 01010100;
00004386 : 00000001;
00004387 : 00000000;
00004388 : 00000000;
00004389 : 00000000;
0000438a : 01010000;
0000438b : 00000001;
0000438c : 00000000;
0000438d : 00000000;
0000438e : 00000000;
0000438f : 01000000;
00004390 : 00000001;
00004391 : 00000000;
00004392 : 00000000;
00004393 : 00000000;
00004394 : 01000000;
00004395 : 00000001;
00004396 : 00000000;
00004397 : 00000000;
00004398 : 00000000;
00004399 : 01000000;
0000439a : 00000001;
0000439b : 00000000;
0000439c : 00000000;
0000439d : 00000000;
0000439e : 01000000;
0000439f : 00000001;
000043a0 : 00000000;
000043a1 : 00000000;
000043a2 : 00000000;
000043a3 : 01000000;
000043a4 : 00000001;
000043a5 : 00000000;
000043a6 : 00000000;
000043a7 : 00000000;
000043a8 : 01000000;
000043a9 : 00000001;
000043aa : 00000000;
000043ab : 00000000;
000043ac : 00000000;
000043ad : 01000000;
000043ae : 01010101;
000043af : 01010101;
000043b0 : 01010101;
000043b1 : 01010101;
000043b2 : 01010101;
000043b3 : 01010101;
000043b4 : 01010101;
000043b5 : 01010101;
000043b6 : 01010101;
000043b7 : 01010101;
000043b8 : 01010101;
000043b9 : 01010101;
000043ba : 01010101;
000043bb : 01010101;
000043bc : 01010101;
000043bd : 00000010;
000043be : 00000200;
000043bf : 00000000;
000043c0 : 00000000;
000043c1 : 00000000;
000043c2 : 00000000;
000043c3 : 00000000;
000043c4 : 00000000;
000043c5 : 00000000;
000043c6 : 00000000;
000043c7 : 00000000;
000043c8 : 00000000;
000043c9 : 00000000;
000043ca : 00000000;
000043cb : 00000000;
000043cc : 00000000;
000043cd : 00000000;
000043ce : 00000000;
000043cf : 00000000;
000043d0 : 00000000;
000043d1 : 00000000;
000043d2 : 00000000;
000043d3 : 00000000;
000043d4 : 00000000;
000043d5 : 00000000;
000043d6 : 00000000;
000043d7 : 00000000;
000043d8 : 00000000;
000043d9 : 00000000;
000043da : 00000000;
000043db : 00000000;
000043dc : 00000000;
000043dd : 00000000;
000043de : 00000000;
000043df : 00000000;
000043e0 : 00000000;
000043e1 : 00000000;
000043e2 : 00000000;
000043e3 : 00000000;
000043e4 : 00000000;
000043e5 : 00000000;
000043e6 : 00000000;
000043e7 : 00000000;
000043e8 : 00000000;
000043e9 : 00000000;
000043ea : 00000000;
000043eb : 00000000;
000043ec : 00000000;
000043ed : 00000000;
000043ee : 00000000;
000043ef : 00000000;
000043f0 : 00000000;
000043f1 : 00000000;
000043f2 : 00000000;
000043f3 : 00000000;
000043f4 : 00000000;
000043f5 : 00000000;
000043f6 : 00000000;
000043f7 : 00000000;
000043f8 : 00000000;
000043f9 : 00000000;
000043fa : 00000000;
000043fb : 00000000;
000043fc : 00000000;
000043fd : 00000000;
000043fe : 00000000;
000043ff : 01010101;
00004400 : 01010101;
00004401 : 01010101;
00004402 : 01010101;
00004403 : 01010101;
00004404 : 01010101;
00004405 : 01010101;
00004406 : 01010101;
00004407 : 01010101;
00004408 : 01010101;
00004409 : 01010101;
0000440a : 01010101;
0000440b : 01010101;
0000440c : 01010101;
0000440d : 01010101;
0000440e : 01010101;
0000440f : 01010101;
00004410 : 01010101;
00004411 : 01010101;
00004412 : 01010101;
00004413 : 01010101;
00004414 : 01010101;
00004415 : 01010101;
00004416 : 01010101;
00004417 : 01010101;
00004418 : 01010101;
00004419 : 01010101;
0000441a : 01010101;
0000441b : 01010101;
0000441c : 01010101;
0000441d : 01010101;
0000441e : 01010101;
0000441f : 01010101;
00004420 : 01010101;
00004421 : 01010101;
00004422 : 01010101;
00004423 : 01010101;
00004424 : 01010101;
00004425 : 01010101;
00004426 : 01010101;
00004427 : 01010101;
00004428 : 01010101;
00004429 : 01010101;
0000442a : 01010101;
0000442b : 01010101;
0000442c : 01010101;
0000442d : 01010101;
0000442e : 01010101;
0000442f : 01010101;
00004430 : 01010101;
00004431 : 01010101;
00004432 : 01010101;
00004433 : 01010101;
00004434 : 01010101;
00004435 : 01010101;
00004436 : 01010101;
00004437 : 01010101;
00004438 : 01010101;
00004439 : 01010101;
0000443a : 01010101;
0000443b : 01010101;
0000443c : 01010101;
0000443d : 01010101;
0000443e : 01010101;
0000443f : 53535353;
00004440 : 53535353;
00004441 : 53535353;
00004442 : 53535353;
00004443 : 53535353;
00004444 : 53535353;
00004445 : 53535353;
00004446 : 53535353;
00004447 : 53535353;
00004448 : 53535353;
00004449 : 53535353;
0000444a : 53535353;
0000444b : 53535353;
0000444c : 53535353;
0000444d : 53535353;
0000444e : 53535353;
0000444f : 53535353;
00004450 : 53535353;
00004451 : 53535353;
00004452 : 53535353;
00004453 : 53535353;
00004454 : 53535353;
00004455 : 53535353;
00004456 : 53535353;
00004457 : 53535353;
00004458 : 53535353;
00004459 : 53535353;
0000445a : 53535353;
0000445b : 53535353;
0000445c : 53535353;
0000445d : 53535353;
0000445e : 53535353;
0000445f : 53535353;
00004460 : 53535353;
00004461 : 53535353;
00004462 : 53535353;
00004463 : 53535353;
00004464 : 53535353;
00004465 : 53535353;
00004466 : 53535353;
00004467 : 53535353;
00004468 : 53535353;
00004469 : 53535353;
0000446a : 53535353;
0000446b : 53535353;
0000446c : 53535353;
0000446d : 53535353;
0000446e : 53535353;
0000446f : 53535353;
00004470 : 53535353;
00004471 : 53535353;
00004472 : 53535353;
00004473 : 53535353;
00004474 : 53535353;
00004475 : 53535353;
00004476 : 53535353;
00004477 : 53535353;
00004478 : 53535353;
00004479 : 53535353;
0000447a : 53535353;
0000447b : 53535353;
0000447c : 53535353;
0000447d : 53535353;
0000447e : 53535353;
0000447f : 00000000;
00004480 : 00000000;
00004481 : 00000000;
00004482 : 00000000;
00004483 : 01010000;
00004484 : 01010000;
00004485 : 00000001;
00004486 : 01000101;
00004487 : 01010100;
00004488 : 01000001;
00004489 : 01000001;
0000448a : 01000001;
0000448b : 01010000;
0000448c : 01010101;
0000448d : 01010101;
0000448e : 00010001;
0000448f : 01010101;
00004490 : 01010101;
00004491 : 01010101;
00004492 : 01010001;
00004493 : 01530101;
00004494 : 01010101;
00004495 : 01010101;
00004496 : 53530101;
00004497 : 01535353;
00004498 : 01535301;
00004499 : 01530101;
0000449a : 53530101;
0000449b : 01010101;
0000449c : 01530101;
0000449d : 01010101;
0000449e : 53010153;
0000449f : 53010101;
000044a0 : 53010153;
000044a1 : 01010101;
000044a2 : 01015353;
000044a3 : 53535353;
000044a4 : 53010153;
000044a5 : 01535301;
000044a6 : 01010153;
000044a7 : 01535301;
000044a8 : 53010101;
000044a9 : 01535353;
000044aa : 53530153;
000044ab : 01530153;
000044ac : 01535353;
000044ad : 53535353;
000044ae : 53530153;
000044af : 53535353;
000044b0 : 53535301;
000044b1 : 53535353;
000044b2 : 53535301;
000044b3 : 53535353;
000044b4 : 53535353;
000044b5 : 53535353;
000044b6 : 53535353;
000044b7 : 53535353;
000044b8 : 53535353;
000044b9 : 53535353;
000044ba : 53535353;
000044bb : 53535353;
000044bc : 53535353;
000044bd : 53535353;
000044be : 53535353;
000044bf : 01010101;
000044c0 : 01011201;
000044c1 : 01010101;
000044c2 : 1b01121b;
000044c3 : 01010101;
000044c4 : 01010101;
000044c5 : 01120112;
000044c6 : 1b12011b;
000044c7 : 01010101;
000044c8 : 121b1212;
000044c9 : 12121201;
000044ca : 1212121b;
000044cb : 0112011b;
000044cc : 12011201;
000044cd : 121b121b;
000044ce : 12121212;
000044cf : 01010101;
000044d0 : 12121b01;
000044d1 : 1212121b;
000044d2 : 12121212;
000044d3 : 12120101;
000044d4 : 12121201;
000044d5 : 1b1b1212;
000044d6 : 12121212;
000044d7 : 01011201;
000044d8 : 12121212;
000044d9 : 121b1212;
000044da : 12121212;
000044db : 12010101;
000044dc : 12121212;
000044dd : 12121212;
000044de : 12121212;
000044df : 01010101;
000044e0 : 12121201;
000044e1 : 12121212;
000044e2 : 12121212;
000044e3 : 01010101;
000044e4 : 12121211;
000044e5 : 12121212;
000044e6 : 12121212;
000044e7 : 01010101;
000044e8 : 11111101;
000044e9 : 12121111;
000044ea : 12121212;
000044eb : 01010101;
000044ec : 11110111;
000044ed : 11111101;
000044ee : 12121111;
000044ef : 01010101;
000044f0 : 11111101;
000044f1 : 11111111;
000044f2 : 11111101;
000044f3 : 01010101;
000044f4 : 01010101;
000044f5 : 11010101;
000044f6 : 11010111;
000044f7 : 01010101;
000044f8 : 01010101;
000044f9 : 01010101;
000044fa : 01010101;
000044fb : 01010101;
000044fc : 01010101;
000044fd : 01010101;
000044fe : 01010101;
000044ff : 12121b01;
00004500 : 12121212;
00004501 : 12121b1b;
00004502 : 1b121212;
00004503 : 1212121b;
00004504 : 1212121b;
00004505 : 12121b1b;
00004506 : 12121212;
00004507 : 12121212;
00004508 : 12121b1b;
00004509 : 12121212;
0000450a : 121b121b;
0000450b : 1212121b;
0000450c : 12121212;
0000450d : 12111212;
0000450e : 1b121b12;
0000450f : 1212121b;
00004510 : 12121212;
00004511 : 1b121212;
00004512 : 12121212;
00004513 : 12121212;
00004514 : 12121212;
00004515 : 12121212;
00004516 : 12121212;
00004517 : 12121212;
00004518 : 12121212;
00004519 : 12121212;
0000451a : 11121212;
0000451b : 12121212;
0000451c : 12121212;
0000451d : 12121212;
0000451e : 12121212;
0000451f : 12121212;
00004520 : 12121212;
00004521 : 12121212;
00004522 : 12121212;
00004523 : 12121212;
00004524 : 12121212;
00004525 : 12121212;
00004526 : 12121212;
00004527 : 12121212;
00004528 : 12121212;
00004529 : 12121212;
0000452a : 12121212;
0000452b : 12121212;
0000452c : 12121212;
0000452d : 12121212;
0000452e : 12121212;
0000452f : 12121212;
00004530 : 12121212;
00004531 : 11121212;
00004532 : 12121212;
00004533 : 11111111;
00004534 : 11111112;
00004535 : 11111111;
00004536 : 11111211;
00004537 : 01010101;
00004538 : 01010111;
00004539 : 01010101;
0000453a : 01011101;
0000453b : 01010101;
0000453c : 01010101;
0000453d : 01010101;
0000453e : 01010101;
0000453f : 0112121b;
00004540 : 1b1b1b12;
00004541 : 1b121212;
00004542 : 01120112;
00004543 : 12121212;
00004544 : 12121212;
00004545 : 1b1b1201;
00004546 : 1b1b1201;
00004547 : 12121212;
00004548 : 121b1212;
00004549 : 1212121b;
0000454a : 01121212;
0000454b : 121b1212;
0000454c : 1b1b1212;
0000454d : 1b121b12;
0000454e : 1b12121b;
0000454f : 12121212;
00004550 : 121b1212;
00004551 : 1b121212;
00004552 : 121b1b1b;
00004553 : 1212121b;
00004554 : 12121212;
00004555 : 121b1212;
00004556 : 12121b12;
00004557 : 12121212;
00004558 : 12121212;
00004559 : 12121b12;
0000455a : 12121212;
0000455b : 12121212;
0000455c : 12121212;
0000455d : 12121212;
0000455e : 12121212;
0000455f : 12121212;
00004560 : 12121212;
00004561 : 12121212;
00004562 : 12121212;
00004563 : 12121212;
00004564 : 11121212;
00004565 : 12121212;
00004566 : 12121212;
00004567 : 12121212;
00004568 : 12121212;
00004569 : 12121212;
0000456a : 11121212;
0000456b : 12121212;
0000456c : 12121212;
0000456d : 11111212;
0000456e : 11111111;
0000456f : 12121212;
00004570 : 11111112;
00004571 : 11111111;
00004572 : 11111111;
00004573 : 11111111;
00004574 : 01011111;
00004575 : 11010101;
00004576 : 01010111;
00004577 : 01010101;
00004578 : 01010101;
00004579 : 01010101;
0000457a : 01010101;
0000457b : 01010101;
0000457c : 01010101;
0000457d : 01010101;
0000457e : 01010101;
0000457f : 011b0112;
00004580 : 01010101;
00004581 : 01010101;
00004582 : 01010101;
00004583 : 01011201;
00004584 : 0101011b;
00004585 : 0101011b;
00004586 : 01010101;
00004587 : 12121212;
00004588 : 011b1201;
00004589 : 01010101;
0000458a : 01010101;
0000458b : 1201011b;
0000458c : 01010101;
0000458d : 01010101;
0000458e : 01010101;
0000458f : 1b12121b;
00004590 : 01011b01;
00004591 : 01010101;
00004592 : 01010101;
00004593 : 12121b12;
00004594 : 01120101;
00004595 : 01010101;
00004596 : 01010101;
00004597 : 12121212;
00004598 : 01111212;
00004599 : 01010101;
0000459a : 01010101;
0000459b : 01121212;
0000459c : 01010112;
0000459d : 01010101;
0000459e : 01010101;
0000459f : 12121212;
000045a0 : 0101011b;
000045a1 : 01010101;
000045a2 : 01010101;
000045a3 : 11121212;
000045a4 : 01011111;
000045a5 : 01010101;
000045a6 : 01010101;
000045a7 : 11111212;
000045a8 : 01010101;
000045a9 : 01010101;
000045aa : 01010101;
000045ab : 01111111;
000045ac : 01010101;
000045ad : 01010101;
000045ae : 01010101;
000045af : 01011111;
000045b0 : 01011101;
000045b1 : 01010101;
000045b2 : 01010101;
000045b3 : 01010101;
000045b4 : 01010101;
000045b5 : 01010101;
000045b6 : 01010101;
000045b7 : 01010101;
000045b8 : 01010101;
000045b9 : 01010101;
000045ba : 01010101;
000045bb : 01010101;
000045bc : 01010101;
000045bd : 01010101;
000045be : 01010101;
000045bf : 01010101;
000045c0 : 01010101;
000045c1 : 01010101;
000045c2 : 01010101;
000045c3 : 01010101;
000045c4 : 01010101;
000045c5 : 01010101;
000045c6 : 01010101;
000045c7 : 01010101;
000045c8 : 01010101;
000045c9 : 01010101;
000045ca : 01010101;
000045cb : 01010101;
000045cc : 01010101;
000045cd : 01010101;
000045ce : 01010101;
000045cf : 1b01011b;
000045d0 : 01010101;
000045d1 : 01010101;
000045d2 : 01010101;
000045d3 : 121b1b12;
000045d4 : 1b1b1b1b;
000045d5 : 01011b1b;
000045d6 : 01010101;
000045d7 : 12121212;
000045d8 : 12121212;
000045d9 : 011b1212;
000045da : 01010101;
000045db : 12121212;
000045dc : 12121212;
000045dd : 1b121212;
000045de : 0101011b;
000045df : 12121211;
000045e0 : 12121212;
000045e1 : 12121212;
000045e2 : 01010112;
000045e3 : 11111112;
000045e4 : 11111111;
000045e5 : 12121211;
000045e6 : 01011212;
000045e7 : 01010101;
000045e8 : 01010101;
000045e9 : 11111101;
000045ea : 01010111;
000045eb : 01010101;
000045ec : 01010101;
000045ed : 01010101;
000045ee : 01010101;
000045ef : 01010101;
000045f0 : 01010101;
000045f1 : 01010101;
000045f2 : 01010101;
000045f3 : 01010101;
000045f4 : 01010101;
000045f5 : 01010101;
000045f6 : 01010101;
000045f7 : 011b0101;
000045f8 : 1b010101;
000045f9 : 01010101;
000045fa : 01010101;
000045fb : 0101011b;
000045fc : 01010101;
000045fd : 01010101;
000045fe : 01010101;
000045ff : 01010101;
00004600 : 01010101;
00004601 : 01010101;
00004602 : 01010101;
00004603 : 01010101;
00004604 : 01010101;
00004605 : 01010101;
00004606 : 01010101;
00004607 : 01010101;
00004608 : 01010101;
00004609 : 01010101;
0000460a : 01010101;
0000460b : 01010101;
0000460c : 01010101;
0000460d : 01010101;
0000460e : 01010101;
0000460f : 01010101;
00004610 : 01010101;
00004611 : 01010101;
00004612 : 01010101;
00004613 : 12121212;
00004614 : 01010101;
00004615 : 01010101;
00004616 : 01010101;
00004617 : 11111212;
00004618 : 01011111;
00004619 : 01010101;
0000461a : 12010101;
0000461b : 01011111;
0000461c : 01010101;
0000461d : 01010101;
0000461e : 11120101;
0000461f : 01010101;
00004620 : 01010101;
00004621 : 01010101;
00004622 : 12010101;
00004623 : 01010101;
00004624 : 01010101;
00004625 : 01010101;
00004626 : 01010101;
00004627 : 01010101;
00004628 : 01010101;
00004629 : 01010101;
0000462a : 01010101;
0000462b : 1b010101;
0000462c : 01010101;
0000462d : 01010101;
0000462e : 0101011b;
0000462f : 01011b01;
00004630 : 011b0101;
00004631 : 01010101;
00004632 : 01010101;
00004633 : 01010101;
00004634 : 01010101;
00004635 : 01011b01;
00004636 : 1b01011b;
00004637 : 01010101;
00004638 : 1b01011b;
00004639 : 01011b01;
0000463a : 1b011b01;
0000463b : 01121212;
0000463c : 12011212;
0000463d : 01010112;
0000463e : 01011201;
0000463f : 01010101;
00004640 : 01010101;
00004641 : 01010101;
00004642 : 01010101;
00004643 : 01010101;
00004644 : 01010101;
00004645 : 0101011b;
00004646 : 01010101;
00004647 : 01010101;
00004648 : 1b1b1b1b;
00004649 : 01011b01;
0000464a : 01010101;
0000464b : 1b1b1b1b;
0000464c : 121b1b1b;
0000464d : 12121b12;
0000464e : 01121212;
0000464f : 12121212;
00004650 : 12121b12;
00004651 : 12121212;
00004652 : 12010112;
00004653 : 12121b12;
00004654 : 12121212;
00004655 : 12121212;
00004656 : 12121212;
00004657 : 12121212;
00004658 : 12121212;
00004659 : 12121212;
0000465a : 12121212;
0000465b : 11111111;
0000465c : 11111111;
0000465d : 11111111;
0000465e : 11111111;
0000465f : 01010101;
00004660 : 01010101;
00004661 : 01010101;
00004662 : 01010101;
00004663 : 01010101;
00004664 : 01010101;
00004665 : 01010101;
00004666 : 01010101;
00004667 : 01010101;
00004668 : 01010101;
00004669 : 01010101;
0000466a : 01010101;
0000466b : 01010101;
0000466c : 01010101;
0000466d : 01010101;
0000466e : 01010101;
0000466f : 01010101;
00004670 : 01010101;
00004671 : 01010101;
00004672 : 01010101;
00004673 : 01010112;
00004674 : 01010101;
00004675 : 01010101;
00004676 : 1b1b0101;
00004677 : 01011201;
00004678 : 01010101;
00004679 : 1b1b011b;
0000467a : 1b1b1b1b;
0000467b : 1b120101;
0000467c : 1b1b0101;
0000467d : 1b121b1b;
0000467e : 1b121212;
0000467f : 01010101;
00004680 : 01010101;
00004681 : 01010101;
00004682 : 01010101;
00004683 : 01010101;
00004684 : 01010101;
00004685 : 01010101;
00004686 : 01010101;
00004687 : 01010101;
00004688 : 01010101;
00004689 : 01010101;
0000468a : 1b010101;
0000468b : 01010101;
0000468c : 01010101;
0000468d : 01010101;
0000468e : 1b1b0101;
0000468f : 01010101;
00004690 : 01010101;
00004691 : 1b1b0101;
00004692 : 121b1b1b;
00004693 : 01010101;
00004694 : 01010101;
00004695 : 1b1b1b01;
00004696 : 121b121b;
00004697 : 01010101;
00004698 : 01010101;
00004699 : 121b1b01;
0000469a : 12121212;
0000469b : 01010101;
0000469c : 01010101;
0000469d : 11111201;
0000469e : 11111111;
0000469f : 01010101;
000046a0 : 01010101;
000046a1 : 01011101;
000046a2 : 01010101;
000046a3 : 01010101;
000046a4 : 01010101;
000046a5 : 01010101;
000046a6 : 01010101;
000046a7 : 01010101;
000046a8 : 01010101;
000046a9 : 01010101;
000046aa : 01010101;
000046ab : 01010101;
000046ac : 01010101;
000046ad : 01010101;
000046ae : 01010101;
000046af : 01010101;
000046b0 : 01010101;
000046b1 : 01010101;
000046b2 : 01010101;
000046b3 : 01010101;
000046b4 : 01010101;
000046b5 : 01011b01;
000046b6 : 01010101;
000046b7 : 011b0101;
000046b8 : 01010101;
000046b9 : 01010101;
000046ba : 12010101;
000046bb : 01010101;
000046bc : 01010101;
000046bd : 01010101;
000046be : 0101011b;
000046bf : 02010201;
000046c0 : 0101014a;
000046c1 : 01010202;
000046c2 : 01020201;
000046c3 : 02010101;
000046c4 : 0101014a;
000046c5 : 01014a02;
000046c6 : 01024a01;
000046c7 : 02014a01;
000046c8 : 01014a01;
000046c9 : 02024a02;
000046ca : 014a0102;
000046cb : 02010101;
000046cc : 01494a01;
000046cd : 0201024a;
000046ce : 014a0202;
000046cf : 02010101;
000046d0 : 49010101;
000046d1 : 0102014a;
000046d2 : 4a4a0202;
000046d3 : 02020201;
000046d4 : 01010101;
000046d5 : 4a4a4902;
000046d6 : 4a010202;
000046d7 : 01020201;
000046d8 : 02020102;
000046d9 : 01010202;
000046da : 4a01024a;
000046db : 01024901;
000046dc : 0201024a;
000046dd : 014a014a;
000046de : 0149024a;
000046df : 5b0b4a01;
000046e0 : 4a0a0253;
000046e1 : 13520102;
000046e2 : 01530252;
000046e3 : 53024a01;
000046e4 : 535c1301;
000046e5 : 5301010b;
000046e6 : 52145c01;
000046e7 : 01145301;
000046e8 : 2514135c;
000046e9 : 01131314;
000046ea : 2514535c;
000046eb : 1d5c1401;
000046ec : 25135c5b;
000046ed : 255c1452;
000046ee : 1d535c13;
000046ef : 135c1c01;
000046f0 : 5c491f1f;
000046f1 : 531c5c25;
000046f2 : 5c021f1f;
000046f3 : 255b2401;
000046f4 : 535c1f1d;
000046f5 : 255b2525;
000046f6 : 535c1f1d;
000046f7 : 2d5c5201;
000046f8 : 524ab7b7;
000046f9 : 2d5b5353;
000046fa : 5202b7b7;
000046fb : 53020b01;
000046fc : 525bb726;
000046fd : 5349525b;
000046fe : 5214b726;
000046ff : 01020101;
00004700 : 02010101;
00004701 : 01010202;
00004702 : 01010201;
00004703 : 02010201;
00004704 : 02010101;
00004705 : 01010202;
00004706 : 01010201;
00004707 : 02020101;
00004708 : 02010102;
00004709 : 01020102;
0000470a : 01020101;
0000470b : 02020101;
0000470c : 02010102;
0000470d : 02010102;
0000470e : 02020101;
0000470f : 02020201;
00004710 : 02010102;
00004711 : 01010101;
00004712 : 01020102;
00004713 : 02020201;
00004714 : 02010202;
00004715 : 02010101;
00004716 : 01020202;
00004717 : 02010201;
00004718 : 02020102;
00004719 : 02020101;
0000471a : 02020102;
0000471b : 02020201;
0000471c : 01020202;
0000471d : 02020202;
0000471e : 02020102;
0000471f : 02020201;
00004720 : 02020202;
00004721 : 02020202;
00004722 : 02020102;
00004723 : 01020201;
00004724 : 01020202;
00004725 : 02020201;
00004726 : 02020101;
00004727 : 01020101;
00004728 : 01020202;
00004729 : 01020201;
0000472a : 02020202;
0000472b : 01020101;
0000472c : 01020201;
0000472d : 01020201;
0000472e : 01020202;
0000472f : 01020101;
00004730 : 02020101;
00004731 : 01020201;
00004732 : 01020201;
00004733 : 01020101;
00004734 : 02010201;
00004735 : 02010202;
00004736 : 01020101;
00004737 : 02010101;
00004738 : 01010102;
00004739 : 01010202;
0000473a : 01020202;
0000473b : 02020101;
0000473c : 01010101;
0000473d : 01010202;
0000473e : 01020201;
0000473f : 01010101;
00004740 : 01010101;
00004741 : 01010101;
00004742 : 01010101;
00004743 : 01010101;
00004744 : 01010101;
00004745 : 01010101;
00004746 : 01010101;
00004747 : 01010101;
00004748 : 01010101;
00004749 : 01010101;
0000474a : 01010101;
0000474b : 01010101;
0000474c : 01010101;
0000474d : 01010101;
0000474e : 01010101;
0000474f : 01010101;
00004750 : 01010101;
00004751 : 02010101;
00004752 : 01010102;
00004753 : 01010101;
00004754 : 01010101;
00004755 : 01020101;
00004756 : 01010101;
00004757 : 01010101;
00004758 : 01010101;
00004759 : 01010201;
0000475a : 01010101;
0000475b : 01010101;
0000475c : 01010101;
0000475d : 01010102;
0000475e : 01010101;
0000475f : 02010101;
00004760 : 01010101;
00004761 : 01010102;
00004762 : 01010101;
00004763 : 01010101;
00004764 : 01010102;
00004765 : 01010102;
00004766 : 01010202;
00004767 : 01010101;
00004768 : 02010201;
00004769 : 01010101;
0000476a : 01010102;
0000476b : 01010101;
0000476c : 02020101;
0000476d : 02010101;
0000476e : 01010101;
0000476f : 01010201;
00004770 : 02020101;
00004771 : 02020101;
00004772 : 01010101;
00004773 : 02020101;
00004774 : 02010101;
00004775 : 01020101;
00004776 : 01020101;
00004777 : 02010101;
00004778 : 02010101;
00004779 : 01010202;
0000477a : 01020101;
0000477b : 02010201;
0000477c : 02010101;
0000477d : 01010102;
0000477e : 01010201;
0000477f : 01020101;
00004780 : 01010201;
00004781 : 03020101;
00004782 : 03030404;
00004783 : 4a020101;
00004784 : 01010102;
00004785 : 04020101;
00004786 : 02030304;
00004787 : 4a020101;
00004788 : 03030102;
00004789 : 0402024a;
0000478a : 0102034a;
0000478b : 1d02014a;
0000478c : 0101014a;
0000478d : 0303034a;
0000478e : 01024a03;
0000478f : 26020101;
00004790 : 4a01494a;
00004791 : 15150201;
00004792 : 4a024a03;
00004793 : 02020102;
00004794 : 4a491d1d;
00004795 : 140a1401;
00004796 : 024a4a02;
00004797 : 02020202;
00004798 : 01131d0a;
00004799 : 144a1449;
0000479a : 154a0214;
0000479b : 02020202;
0000479c : 1d1d130a;
0000479d : 4a141d14;
0000479e : 494a1d14;
0000479f : 53140b49;
000047a0 : 4a152501;
000047a1 : 53145303;
000047a2 : 4902521d;
000047a3 : 4a53024a;
000047a4 : 0c531313;
000047a5 : 49144903;
000047a6 : 0c0c5c14;
000047a7 : 1c491453;
000047a8 : 152e5c13;
000047a9 : 1d491514;
000047aa : 15251453;
000047ab : 5b1d1c5c;
000047ac : 0b24131c;
000047ad : 5c1d1d1c;
000047ae : 521d145c;
000047af : 1f135c1c;
000047b0 : 2d5c021f;
000047b1 : 1f535c1c;
000047b2 : 2d15491f;
000047b3 : 1d255c1d;
000047b4 : 1d535b1f;
000047b5 : 1d251425;
000047b6 : 2553151f;
000047b7 : b72d5b52;
000047b8 : 53524ab7;
000047b9 : b72d5b53;
000047ba : 53534ab7;
000047bb : 26534a52;
000047bc : 5b525cb7;
000047bd : 26534953;
000047be : 5b5215b7;
000047bf : 01010101;
000047c0 : 03010101;
000047c1 : 03030304;
000047c2 : 04030103;
000047c3 : 01010101;
000047c4 : 03010101;
000047c5 : 03030404;
000047c6 : 04030303;
000047c7 : 01010102;
000047c8 : 03010101;
000047c9 : 03040404;
000047ca : 04030303;
000047cb : 01010101;
000047cc : 01010101;
000047cd : 03040404;
000047ce : 03030303;
000047cf : 01010101;
000047d0 : 01010101;
000047d1 : 04040404;
000047d2 : 03030303;
000047d3 : 01010101;
000047d4 : 01010101;
000047d5 : 04040303;
000047d6 : 03030303;
000047d7 : 01010101;
000047d8 : 02010101;
000047d9 : 04030301;
000047da : 03030304;
000047db : 01010101;
000047dc : 02010101;
000047dd : 04030101;
000047de : 03030304;
000047df : 04010102;
000047e0 : 01010101;
000047e1 : 04010102;
000047e2 : 03030404;
000047e3 : 04020101;
000047e4 : 01040404;
000047e5 : 04010201;
000047e6 : 03040403;
000047e7 : 01020101;
000047e8 : 04030301;
000047e9 : 03030201;
000047ea : 04030103;
000047eb : 01020101;
000047ec : 03030101;
000047ed : 03030303;
000047ee : 0301010a;
000047ef : 01020101;
000047f0 : 01030301;
000047f1 : 02020201;
000047f2 : 04030102;
000047f3 : 02010101;
000047f4 : 01010104;
000047f5 : 02010101;
000047f6 : 04030302;
000047f7 : 02010101;
000047f8 : 01020104;
000047f9 : 02010101;
000047fa : 04040302;
000047fb : 02010101;
000047fc : 01020101;
000047fd : 02010101;
000047fe : 04040303;
000047ff : 04010101;
00004800 : 01010303;
00004801 : 04040101;
00004802 : 0a010303;
00004803 : 01010101;
00004804 : 01010304;
00004805 : 01010101;
00004806 : 0a030303;
00004807 : 01010101;
00004808 : 01010401;
00004809 : 03030101;
0000480a : 0a030303;
0000480b : 01010101;
0000480c : 01010401;
0000480d : 01010401;
0000480e : 03030101;
0000480f : 04010101;
00004810 : 01030401;
00004811 : 01010301;
00004812 : 03030101;
00004813 : 03040101;
00004814 : 01030101;
00004815 : 01010101;
00004816 : 03030301;
00004817 : 03010101;
00004818 : 03030101;
00004819 : 03030101;
0000481a : 03030101;
0000481b : 01010101;
0000481c : 03040103;
0000481d : 03010103;
0000481e : 03030101;
0000481f : 01010101;
00004820 : 03040103;
00004821 : 01010103;
00004822 : 03030103;
00004823 : 01010101;
00004824 : 03040301;
00004825 : 01010103;
00004826 : 03030301;
00004827 : 01010101;
00004828 : 03040101;
00004829 : 01010103;
0000482a : 03030101;
0000482b : 01010101;
0000482c : 03040101;
0000482d : 0101010a;
0000482e : 03040101;
0000482f : 01010101;
00004830 : 04030101;
00004831 : 01010303;
00004832 : 03040101;
00004833 : 01010101;
00004834 : 04030101;
00004835 : 01030303;
00004836 : 03040101;
00004837 : 01010101;
00004838 : 04030303;
00004839 : 03030303;
0000483a : 03040101;
0000483b : 01010101;
0000483c : 03010101;
0000483d : 03030304;
0000483e : 03040101;
0000483f : 01010101;
00004840 : 01010101;
00004841 : 01010101;
00004842 : 01010101;
00004843 : 01010101;
00004844 : 01010101;
00004845 : 01010101;
00004846 : 01010101;
00004847 : 01010101;
00004848 : 01010101;
00004849 : 01010101;
0000484a : 01010101;
0000484b : 01010101;
0000484c : 01010101;
0000484d : 01010101;
0000484e : 01010101;
0000484f : 01010101;
00004850 : 01010101;
00004851 : 01010101;
00004852 : 01010101;
00004853 : 01010101;
00004854 : 01010101;
00004855 : 01010101;
00004856 : 01010101;
00004857 : 01010101;
00004858 : 01010101;
00004859 : 01010101;
0000485a : 01010101;
0000485b : 01010101;
0000485c : 01010101;
0000485d : 01010101;
0000485e : 01010101;
0000485f : 01010101;
00004860 : 01010101;
00004861 : 01010101;
00004862 : 01010101;
00004863 : 01010101;
00004864 : 01010101;
00004865 : 01010104;
00004866 : 01010101;
00004867 : 01030101;
00004868 : 01010101;
00004869 : 01010304;
0000486a : 01010101;
0000486b : 01030101;
0000486c : 01040101;
0000486d : 01010401;
0000486e : 01010101;
0000486f : 03010101;
00004870 : 01030103;
00004871 : 01040101;
00004872 : 01010101;
00004873 : 01010101;
00004874 : 01030103;
00004875 : 03010101;
00004876 : 01030404;
00004877 : 01040101;
00004878 : 01030301;
00004879 : 01010101;
0000487a : 03030103;
0000487b : 04010101;
0000487c : 01010303;
0000487d : 01010401;
0000487e : 03030301;
0000487f : 01010101;
00004880 : 01010101;
00004881 : 01010101;
00004882 : 01010101;
00004883 : 01010101;
00004884 : 01010101;
00004885 : 01010101;
00004886 : 01010101;
00004887 : 01010101;
00004888 : 01010101;
00004889 : 01010101;
0000488a : 01010101;
0000488b : 01010101;
0000488c : 01010101;
0000488d : 01010101;
0000488e : 01010101;
0000488f : 01010101;
00004890 : 01010101;
00004891 : 01010101;
00004892 : 01010101;
00004893 : 01010101;
00004894 : 01010101;
00004895 : 01010101;
00004896 : 01010101;
00004897 : 01010101;
00004898 : 01010101;
00004899 : 01010101;
0000489a : 01010101;
0000489b : 01010101;
0000489c : 01010101;
0000489d : 01010101;
0000489e : 01010101;
0000489f : 01010101;
000048a0 : 01010101;
000048a1 : 01010101;
000048a2 : 01010101;
000048a3 : 01010104;
000048a4 : 03010101;
000048a5 : 01010101;
000048a6 : 01010101;
000048a7 : 01010401;
000048a8 : 01030101;
000048a9 : 01010101;
000048aa : 01010101;
000048ab : 01040301;
000048ac : 01010301;
000048ad : 01010101;
000048ae : 01010101;
000048af : 03030301;
000048b0 : 0101010a;
000048b1 : 01010101;
000048b2 : 01010101;
000048b3 : 0a010103;
000048b4 : 01010101;
000048b5 : 01010101;
000048b6 : 01010101;
000048b7 : 01030301;
000048b8 : 03010101;
000048b9 : 01010101;
000048ba : 01010101;
000048bb : 01010303;
000048bc : 03010101;
000048bd : 01010101;
000048be : 01010101;
000048bf : 01010a03;
000048c0 : 03010101;
000048c1 : 01030101;
000048c2 : 01010101;
000048c3 : 01010101;
000048c4 : 01010101;
000048c5 : 01030103;
000048c6 : 01010101;
000048c7 : 0101010a;
000048c8 : 01010101;
000048c9 : 01030301;
000048ca : 01010101;
000048cb : 0101010a;
000048cc : 03030101;
000048cd : 01010303;
000048ce : 01010101;
000048cf : 0301010a;
000048d0 : 0a030303;
000048d1 : 01010a0a;
000048d2 : 01010101;
000048d3 : 0a030103;
000048d4 : 010a0a0a;
000048d5 : 01010101;
000048d6 : 01010101;
000048d7 : 010a0303;
000048d8 : 01010101;
000048d9 : 01010101;
000048da : 01010101;
000048db : 01010303;
000048dc : 01010101;
000048dd : 01010101;
000048de : 01010101;
000048df : 01010303;
000048e0 : 01010301;
000048e1 : 01010101;
000048e2 : 01010101;
000048e3 : 01010a0a;
000048e4 : 03030101;
000048e5 : 03030101;
000048e6 : 01010103;
000048e7 : 0101010a;
000048e8 : 01010101;
000048e9 : 010a0303;
000048ea : 01010101;
000048eb : 0101010a;
000048ec : 01010101;
000048ed : 01010a03;
000048ee : 01010101;
000048ef : 0101010a;
000048f0 : 03010101;
000048f1 : 0101010a;
000048f2 : 01010301;
000048f3 : 0101010a;
000048f4 : 0a010101;
000048f5 : 01010101;
000048f6 : 01010301;
000048f7 : 0101030a;
000048f8 : 0a030101;
000048f9 : 01010101;
000048fa : 01010301;
000048fb : 01010a03;
000048fc : 010a0303;
000048fd : 01010101;
000048fe : 01010103;
000048ff : 01010a03;
00004900 : 01010a03;
00004901 : 01010101;
00004902 : 01010301;
00004903 : 03010a03;
00004904 : 0101010a;
00004905 : 01010101;
00004906 : 01010301;
00004907 : 03030a03;
00004908 : 0102010a;
00004909 : 01010201;
0000490a : 01030301;
0000490b : 0a030303;
0000490c : 01020101;
0000490d : 01010201;
0000490e : 01030301;
0000490f : 0a030303;
00004910 : 01020101;
00004911 : 01010201;
00004912 : 01010a01;
00004913 : 0a030303;
00004914 : 02010101;
00004915 : 01010202;
00004916 : 01010a03;
00004917 : 0a0a0303;
00004918 : 02010101;
00004919 : 01010202;
0000491a : 01010a03;
0000491b : 0a0a0303;
0000491c : 01010101;
0000491d : 03010202;
0000491e : 01010103;
0000491f : 0a0a0303;
00004920 : 0101010a;
00004921 : 03010102;
00004922 : 0101010a;
00004923 : 0a030303;
00004924 : 01010a0a;
00004925 : 03010102;
00004926 : 0101010a;
00004927 : 03030303;
00004928 : 0a0a0a0a;
00004929 : 03010102;
0000492a : 0101010a;
0000492b : 03030303;
0000492c : 0a0a0a03;
0000492d : 03010102;
0000492e : 0101010a;
0000492f : 03030304;
00004930 : 0a0a0303;
00004931 : 03030202;
00004932 : 0101010a;
00004933 : 03030304;
00004934 : 0a0a0303;
00004935 : 0a0a020a;
00004936 : 01010101;
00004937 : 03030304;
00004938 : 0a030303;
00004939 : 010a0a0a;
0000493a : 01020101;
0000493b : 03030303;
0000493c : 0a030303;
0000493d : 010a020a;
0000493e : 01020201;
0000493f : 4a030303;
00004940 : 0a0a0303;
00004941 : 01010a0a;
00004942 : 02010202;
00004943 : 4a030303;
00004944 : 0a030303;
00004945 : 01020a4a;
00004946 : 0202014a;
00004947 : 0303034a;
00004948 : 0a0a034a;
00004949 : 010a0a4a;
0000494a : 01024a01;
0000494b : 03031d01;
0000494c : 4a0a494a;
0000494d : 0a0a0a0a;
0000494e : 4a024a01;
0000494f : 14141401;
00004950 : 4a490a03;
00004951 : 0a0a0a0a;
00004952 : 014a4a01;
00004953 : 1414141d;
00004954 : 0a0a0a14;
00004955 : 0a4a4a49;
00004956 : 024a0201;
00004957 : 26151d26;
00004958 : 1c131315;
00004959 : 4a0a0a0a;
0000495a : 494a020a;
0000495b : 4a1d2e49;
0000495c : 4a1c1315;
0000495d : 4a0a4a13;
0000495e : 4902490a;
0000495f : 535b1d4a;
00004960 : 134a1313;
00004961 : 521c5213;
00004962 : 02025313;
00004963 : 1353034a;
00004964 : 13535c1c;
00004965 : 13531313;
00004966 : 0b521c5c;
00004967 : 2d0a1c53;
00004968 : 1c251c13;
00004969 : 5c131c13;
0000496a : 5b251c53;
0000496b : 5b255c1c;
0000496c : 5225135c;
0000496d : 1c255c1c;
0000496e : 0b25535c;
0000496f : 1f135c1c;
00004970 : 2d5c491f;
00004971 : 1f531c5c;
00004972 : 2d5c0a1f;
00004973 : 1d255b24;
00004974 : 25535c1f;
00004975 : 1d255b25;
00004976 : 24535c1f;
00004977 : b72d5c52;
00004978 : 53524ab7;
00004979 : b72d5b53;
0000497a : 53520ab7;
0000497b : 26530a25;
0000497c : 5b525bb7;
0000497d : 26534952;
0000497e : 1c521cb7;
0000497f : 4a030102;
00004980 : 03030404;
00004981 : 0a030303;
00004982 : 01020201;
00004983 : 4a140202;
00004984 : 03030404;
00004985 : 0a0a034a;
00004986 : 0101024a;
00004987 : 041d134a;
00004988 : 0303044a;
00004989 : 010a034a;
0000498a : 01024a02;
0000498b : 041d1301;
0000498c : 4a03494a;
0000498d : 01020a14;
0000498e : 4a024a02;
0000498f : 041d1301;
00004990 : 4a530404;
00004991 : 02021314;
00004992 : 014a4a02;
00004993 : 1d141301;
00004994 : 03141d1d;
00004995 : 0253535c;
00004996 : 014a0102;
00004997 : 1d131302;
00004998 : 151d1d1d;
00004999 : 5313141d;
0000499a : 494a0113;
0000499b : 5c1c0249;
0000499c : 5c1d1d1d;
0000499d : 53135315;
0000499e : 49015313;
0000499f : 25250b4a;
000049a0 : 255c1e1d;
000049a1 : 5b1c5b15;
000049a2 : 02015c13;
000049a3 : 145c024a;
000049a4 : 0d252526;
000049a5 : 13531d1d;
000049a6 : 0b5b1d5c;
000049a7 : 5c131453;
000049a8 : 262e1514;
000049a9 : 5c131d1d;
000049aa : 5b261d5c;
000049ab : 5b1d5c13;
000049ac : 5225155c;
000049ad : 1c255c1d;
000049ae : 0a1d5c5c;
000049af : 1f145c1c;
000049b0 : 265c491f;
000049b1 : 1f531d5c;
000049b2 : 255c0a1f;
000049b3 : 1d255b24;
000049b4 : 25535c1f;
000049b5 : 1d255b25;
000049b6 : 24535c1f;
000049b7 : b72d5c52;
000049b8 : 53524ab7;
000049b9 : b72d5b53;
000049ba : 53520ab7;
000049bb : 2653040c;
000049bc : 5b525bb7;
000049bd : 26534952;
000049be : 14521cb7;
000049bf : 03010101;
000049c0 : 01010404;
000049c1 : 01030404;
000049c2 : 03030101;
000049c3 : 04010101;
000049c4 : 01010304;
000049c5 : 01030404;
000049c6 : 03030101;
000049c7 : 04010101;
000049c8 : 01010304;
000049c9 : 01030304;
000049ca : 0a030301;
000049cb : 04010101;
000049cc : 01010304;
000049cd : 010a0304;
000049ce : 0a030301;
000049cf : 04010101;
000049d0 : 04010304;
000049d1 : 01010303;
000049d2 : 010a0303;
000049d3 : 04010101;
000049d4 : 04010304;
000049d5 : 03010103;
000049d6 : 010a0a03;
000049d7 : 03010101;
000049d8 : 03030404;
000049d9 : 03010103;
000049da : 01010a0a;
000049db : 03010101;
000049dc : 03030404;
000049dd : 03010103;
000049de : 0101010a;
000049df : 03010101;
000049e0 : 03030403;
000049e1 : 03010103;
000049e2 : 0a010101;
000049e3 : 01010101;
000049e4 : 03030404;
000049e5 : 01040103;
000049e6 : 0a010101;
000049e7 : 01010101;
000049e8 : 03030404;
000049e9 : 01030403;
000049ea : 0a030102;
000049eb : 01010101;
000049ec : 03040404;
000049ed : 01030303;
000049ee : 010a0102;
000049ef : 01010101;
000049f0 : 03040404;
000049f1 : 01030303;
000049f2 : 020a0302;
000049f3 : 01010201;
000049f4 : 03040403;
000049f5 : 02010303;
000049f6 : 020a0302;
000049f7 : 01020202;
000049f8 : 04040403;
000049f9 : 02010303;
000049fa : 020a0302;
000049fb : 01020202;
000049fc : 04040403;
000049fd : 02010303;
000049fe : 010a0a03;
000049ff : 01010101;
00004a00 : 01010101;
00004a01 : 01010101;
00004a02 : 01010101;
00004a03 : 01010101;
00004a04 : 01010101;
00004a05 : 01010101;
00004a06 : 01010101;
00004a07 : 01010101;
00004a08 : 01010101;
00004a09 : 01010101;
00004a0a : 01010104;
00004a0b : 01010101;
00004a0c : 01010101;
00004a0d : 04010101;
00004a0e : 01010101;
00004a0f : 04010101;
00004a10 : 01010101;
00004a11 : 03040101;
00004a12 : 01010101;
00004a13 : 01010101;
00004a14 : 01010103;
00004a15 : 01030101;
00004a16 : 01010101;
00004a17 : 01010101;
00004a18 : 01010104;
00004a19 : 01030401;
00004a1a : 01010101;
00004a1b : 01010101;
00004a1c : 01010104;
00004a1d : 01010304;
00004a1e : 01010301;
00004a1f : 01010101;
00004a20 : 04010104;
00004a21 : 01010103;
00004a22 : 010a0301;
00004a23 : 01010101;
00004a24 : 03030304;
00004a25 : 01010101;
00004a26 : 0a010101;
00004a27 : 01010101;
00004a28 : 03030303;
00004a29 : 01010101;
00004a2a : 01010101;
00004a2b : 01010401;
00004a2c : 03030301;
00004a2d : 01030101;
00004a2e : 01010101;
00004a2f : 01040101;
00004a30 : 03010101;
00004a31 : 01030101;
00004a32 : 01010101;
00004a33 : 04010101;
00004a34 : 03030103;
00004a35 : 01030101;
00004a36 : 01010101;
00004a37 : 01010101;
00004a38 : 0a030303;
00004a39 : 01030101;
00004a3a : 03010101;
00004a3b : 03010101;
00004a3c : 01030304;
00004a3d : 01030401;
00004a3e : 03010101;
00004a3f : 4a010101;
00004a40 : 01010101;
00004a41 : 01010101;
00004a42 : 01010101;
00004a43 : 4a010101;
00004a44 : 01010101;
00004a45 : 0101014a;
00004a46 : 0101014a;
00004a47 : 0101014a;
00004a48 : 0101014a;
00004a49 : 0101014a;
00004a4a : 01014a01;
00004a4b : 01010101;
00004a4c : 4a01494a;
00004a4d : 01010101;
00004a4e : 4a014a01;
00004a4f : 01010101;
00004a50 : 4a490101;
00004a51 : 01010101;
00004a52 : 014a4a01;
00004a53 : 01010101;
00004a54 : 01010101;
00004a55 : 014a4a49;
00004a56 : 014a0101;
00004a57 : 01010101;
00004a58 : 01010101;
00004a59 : 4a010101;
00004a5a : 494a0101;
00004a5b : 4a010149;
00004a5c : 4a010101;
00004a5d : 4a014a01;
00004a5e : 49014901;
00004a5f : 535b0a4a;
00004a60 : 014a0a01;
00004a61 : 52135201;
00004a62 : 01015301;
00004a63 : 0153014a;
00004a64 : 0a535c13;
00004a65 : 01530101;
00004a66 : 0a52135c;
00004a67 : 5c011353;
00004a68 : 13251313;
00004a69 : 5c011313;
00004a6a : 5b251353;
00004a6b : 5b1c5c13;
00004a6c : 5225135c;
00004a6d : 13255c13;
00004a6e : 0a1c535c;
00004a6f : 1f135c1c;
00004a70 : 255c491f;
00004a71 : 1f531c5c;
00004a72 : 255c011f;
00004a73 : 1d255b24;
00004a74 : 25535c1f;
00004a75 : 1d255b25;
00004a76 : 24535c1f;
00004a77 : b72d5c52;
00004a78 : 53524ab7;
00004a79 : b72d5b53;
00004a7a : 535201b7;
00004a7b : 2653010a;
00004a7c : 5b525bb7;
00004a7d : 26534952;
00004a7e : 135213b7;
00004a7f : 00000000;
00004a80 : 00000000;
00004a81 : 00000000;
00004a82 : 00000000;
00004a83 : 49000000;
00004a84 : 00000000;
00004a85 : 00000000;
00004a86 : 00000000;
00004a87 : 00000000;
00004a88 : 00000000;
00004a89 : 00000000;
00004a8a : 49000000;
00004a8b : 00490000;
00004a8c : 00000000;
00004a8d : 00000000;
00004a8e : 00000000;
00004a8f : 00000000;
00004a90 : 00000000;
00004a91 : 00000000;
00004a92 : 00000000;
00004a93 : 00000000;
00004a94 : 49000000;
00004a95 : 00000000;
00004a96 : 00000000;
00004a97 : 00000000;
00004a98 : 00000000;
00004a99 : 00000049;
00004a9a : 00000000;
00004a9b : 00000000;
00004a9c : 00000000;
00004a9d : 49000000;
00004a9e : 00000000;
00004a9f : 00000000;
00004aa0 : 00000000;
00004aa1 : 00000000;
00004aa2 : 00000000;
00004aa3 : 00000000;
00004aa4 : 00000000;
00004aa5 : 00000000;
00004aa6 : 00000000;
00004aa7 : 00004900;
00004aa8 : 00000000;
00004aa9 : 00490000;
00004aaa : 00000000;
00004aab : 00490000;
00004aac : 00004900;
00004aad : 00000000;
00004aae : 00000000;
00004aaf : 49000000;
00004ab0 : 00000000;
00004ab1 : 00000000;
00004ab2 : 00000000;
00004ab3 : 00000000;
00004ab4 : 00000000;
00004ab5 : 00000000;
00004ab6 : 00490000;
00004ab7 : 00000000;
00004ab8 : 00000000;
00004ab9 : 00000000;
00004aba : 00000000;
00004abb : 00490000;
00004abc : 00000000;
00004abd : 00004900;
00004abe : 00490000;
00004abf : 49004949;
00004ac0 : 49000049;
00004ac1 : 49004949;
00004ac2 : 00494949;
00004ac3 : 49000049;
00004ac4 : 00000000;
00004ac5 : 00000000;
00004ac6 : 49000000;
00004ac7 : 00490049;
00004ac8 : 00494900;
00004ac9 : 00004900;
00004aca : 00494900;
00004acb : 00004900;
00004acc : 00000000;
00004acd : 00000000;
00004ace : 00000049;
00004acf : 49000000;
00004ad0 : 00000000;
00004ad1 : 00490049;
00004ad2 : 00000000;
00004ad3 : 00000000;
00004ad4 : 00000000;
00004ad5 : 00000000;
00004ad6 : 49000000;
00004ad7 : 00490049;
00004ad8 : 00000000;
00004ad9 : 00000000;
00004ada : 00000000;
00004adb : 00000000;
00004adc : 00000000;
00004add : 00000000;
00004ade : 00000000;
00004adf : 00000000;
00004ae0 : 49000000;
00004ae1 : 00000000;
00004ae2 : 00000000;
00004ae3 : 00000000;
00004ae4 : 00000000;
00004ae5 : 00000049;
00004ae6 : 00000000;
00004ae7 : 00000000;
00004ae8 : 00000000;
00004ae9 : 49000000;
00004aea : 00000000;
00004aeb : 00000000;
00004aec : 00000000;
00004aed : 00000000;
00004aee : 00000000;
00004aef : 00000000;
00004af0 : 00000000;
00004af1 : 00000000;
00004af2 : 00000000;
00004af3 : 00004900;
00004af4 : 00000000;
00004af5 : 00490000;
00004af6 : 00000000;
00004af7 : 00490000;
00004af8 : 00004900;
00004af9 : 00000000;
00004afa : 00000000;
00004afb : 49000000;
00004afc : 00000000;
00004afd : 00000000;
00004afe : 00000000;
00004aff : 00490000;
00004b00 : 49494900;
00004b01 : 00490049;
00004b02 : 49000000;
00004b03 : 00490000;
00004b04 : 00494949;
00004b05 : 00004949;
00004b06 : 00000000;
00004b07 : 49494900;
00004b08 : 49494900;
00004b09 : 00490049;
00004b0a : 00000049;
00004b0b : 49000000;
00004b0c : 00494949;
00004b0d : 00000049;
00004b0e : 00000000;
00004b0f : 49490000;
00004b10 : 00004949;
00004b11 : 00004949;
00004b12 : 49000000;
00004b13 : 49490000;
00004b14 : 00494949;
00004b15 : 49004900;
00004b16 : 49490000;
00004b17 : 49490040;
00004b18 : 49004949;
00004b19 : 49004900;
00004b1a : 00490049;
00004b1b : 49490040;
00004b1c : 49494949;
00004b1d : 49000000;
00004b1e : 49004949;
00004b1f : 00494040;
00004b20 : 00000049;
00004b21 : 00004940;
00004b22 : 49490049;
00004b23 : 40404040;
00004b24 : 49000049;
00004b25 : 00004940;
00004b26 : 00494949;
00004b27 : 40404049;
00004b28 : 40004900;
00004b29 : 49494040;
00004b2a : 00494949;
00004b2b : 40404949;
00004b2c : 40400040;
00004b2d : 00494049;
00004b2e : 00494949;
00004b2f : 40400049;
00004b30 : 40400040;
00004b31 : 40404040;
00004b32 : 49000000;
00004b33 : 40000000;
00004b34 : 40404040;
00004b35 : 40404000;
00004b36 : 49490000;
00004b37 : 00000000;
00004b38 : 40404040;
00004b39 : 49404000;
00004b3a : 49490000;
00004b3b : 00000000;
00004b3c : 40404040;
00004b3d : 49400000;
00004b3e : 49000049;
00004b3f : 00000000;
00004b40 : 49000049;
00004b41 : 49000000;
00004b42 : 49004949;
00004b43 : 49000049;
00004b44 : 00000000;
00004b45 : 49490049;
00004b46 : 49000000;
00004b47 : 00490049;
00004b48 : 49000000;
00004b49 : 49494949;
00004b4a : 49494949;
00004b4b : 49000000;
00004b4c : 00490049;
00004b4d : 49494949;
00004b4e : 00494949;
00004b4f : 00494900;
00004b50 : 49000000;
00004b51 : 49490000;
00004b52 : 00490000;
00004b53 : 49494900;
00004b54 : 49494949;
00004b55 : 49494949;
00004b56 : 49490049;
00004b57 : 49490049;
00004b58 : 00000049;
00004b59 : 49004949;
00004b5a : 40494949;
00004b5b : 00494949;
00004b5c : 00494900;
00004b5d : 49490000;
00004b5e : 49494949;
00004b5f : 00494949;
00004b60 : 49494900;
00004b61 : 00490000;
00004b62 : 49404949;
00004b63 : 49004900;
00004b64 : 49494949;
00004b65 : 00490049;
00004b66 : 40404900;
00004b67 : 40494949;
00004b68 : 40404940;
00004b69 : 49490000;
00004b6a : 40404949;
00004b6b : 49004949;
00004b6c : 40404940;
00004b6d : 00004949;
00004b6e : 00404940;
00004b6f : 49404949;
00004b70 : 40000040;
00004b71 : 00004940;
00004b72 : 00404040;
00004b73 : 40490049;
00004b74 : 00000049;
00004b75 : 00404040;
00004b76 : 00404040;
00004b77 : 40494900;
00004b78 : 00000040;
00004b79 : 40404040;
00004b7a : 00004040;
00004b7b : 40494949;
00004b7c : 00000049;
00004b7d : 40404040;
00004b7e : 00004040;
00004b7f : 00000000;
00004b80 : 40404000;
00004b81 : 40400000;
00004b82 : 49490040;
00004b83 : 00000000;
00004b84 : 00400000;
00004b85 : 40400000;
00004b86 : 00494949;
00004b87 : 00000000;
00004b88 : 00000000;
00004b89 : 40000000;
00004b8a : 49494040;
00004b8b : 00000000;
00004b8c : 00000000;
00004b8d : 40000000;
00004b8e : 00004040;
00004b8f : 00000000;
00004b90 : 00000000;
00004b91 : 00000000;
00004b92 : 00404040;
00004b93 : 00000000;
00004b94 : 00000000;
00004b95 : 00000000;
00004b96 : 00404040;
00004b97 : 00000000;
00004b98 : 00000000;
00004b99 : 00000000;
00004b9a : 00404040;
00004b9b : 00000000;
00004b9c : 00000000;
00004b9d : 00000000;
00004b9e : 40404040;
00004b9f : 00000000;
00004ba0 : 00000000;
00004ba1 : 00000000;
00004ba2 : 40404040;
00004ba3 : 00000000;
00004ba4 : 00000000;
00004ba5 : 00000000;
00004ba6 : 40404000;
00004ba7 : 00000000;
00004ba8 : 00000000;
00004ba9 : 00000000;
00004baa : 00400000;
00004bab : 00000000;
00004bac : 00000000;
00004bad : 00000000;
00004bae : 00000000;
00004baf : 00000000;
00004bb0 : 00000000;
00004bb1 : 00000000;
00004bb2 : 00000000;
00004bb3 : 00000000;
00004bb4 : 00000000;
00004bb5 : 00000000;
00004bb6 : 00000000;
00004bb7 : 00000000;
00004bb8 : 00000000;
00004bb9 : 00000000;
00004bba : 00000000;
00004bbb : 00000000;
00004bbc : 00000000;
00004bbd : 00000000;
00004bbe : 00000000;
00004bbf : 40400049;
00004bc0 : 00000040;
00004bc1 : 40404000;
00004bc2 : 00000040;
00004bc3 : 40494900;
00004bc4 : 00000040;
00004bc5 : 40404000;
00004bc6 : 00000040;
00004bc7 : 40404000;
00004bc8 : 00000000;
00004bc9 : 40404000;
00004bca : 00000000;
00004bcb : 40404000;
00004bcc : 00000000;
00004bcd : 40404000;
00004bce : 00000000;
00004bcf : 40404000;
00004bd0 : 00000000;
00004bd1 : 00400000;
00004bd2 : 00000000;
00004bd3 : 00404040;
00004bd4 : 00000000;
00004bd5 : 00000000;
00004bd6 : 00000000;
00004bd7 : 00404040;
00004bd8 : 00000000;
00004bd9 : 00000000;
00004bda : 00000000;
00004bdb : 00004040;
00004bdc : 00000000;
00004bdd : 00000000;
00004bde : 00000000;
00004bdf : 00000040;
00004be0 : 00000000;
00004be1 : 00000000;
00004be2 : 00000000;
00004be3 : 00000000;
00004be4 : 00000000;
00004be5 : 00000000;
00004be6 : 00000000;
00004be7 : 00000000;
00004be8 : 00000000;
00004be9 : 00000000;
00004bea : 00000000;
00004beb : 00000000;
00004bec : 00000000;
00004bed : 00000000;
00004bee : 00000000;
00004bef : 00000000;
00004bf0 : 00000000;
00004bf1 : 00000000;
00004bf2 : 00000000;
00004bf3 : 00000000;
00004bf4 : 00000000;
00004bf5 : 00000000;
00004bf6 : 00000000;
00004bf7 : 00000000;
00004bf8 : 00000000;
00004bf9 : 00000000;
00004bfa : 00000000;
00004bfb : 00000000;
00004bfc : 00000000;
00004bfd : 00000000;
00004bfe : 00000000;
00004bff : 00000010;
00004c00 : 00000010;
00004c01 : c7c7c7c7;
00004c02 : c7c7c7c7;
00004c03 : c7c7c7c7;
00004c04 : c7c7c7c7;
00004c05 : c7c7c7c7;
00004c06 : c7c7c7c7;
00004c07 : c7c7c7c7;
00004c08 : c7c7c7c7;
00004c09 : c7c7c7c7;
00004c0a : c7c716c7;
00004c0b : c7c7c7c7;
00004c0c : c7c7c7c7;
00004c0d : c7c7c716;
00004c0e : 1515c7c7;
00004c0f : c7c71515;
00004c10 : c7c7c7c7;
00004c11 : 15c715c7;
00004c12 : 1f1615c7;
00004c13 : c715161f;
00004c14 : c7c7c7c7;
00004c15 : 1615c7c7;
00004c16 : 2f2f1615;
00004c17 : 15161f2f;
00004c18 : c7c7c7c7;
00004c19 : 15c7c7c7;
00004c1a : 772f2f16;
00004c1b : 161f2f77;
00004c1c : c7c7c715;
00004c1d : 1615c7c7;
00004c1e : 77772f77;
00004c1f : 1f2f7777;
00004c20 : c7c71516;
00004c21 : 2f161515;
00004c22 : 7777772f;
00004c23 : 1f2f7777;
00004c24 : c7c71516;
00004c25 : 16c715c7;
00004c26 : 772f2f16;
00004c27 : 161f2f77;
00004c28 : c7c7c715;
00004c29 : 1515c7c7;
00004c2a : 2f2f1615;
00004c2b : 15161f2f;
00004c2c : c7c7c7c7;
00004c2d : 15c7c7c7;
00004c2e : 1f1615c7;
00004c2f : c715161f;
00004c30 : c7c7c7c7;
00004c31 : c715c7c7;
00004c32 : 1515c715;
00004c33 : c7c71515;
00004c34 : c7c7c7c7;
00004c35 : c7c7c7c7;
00004c36 : c716c7c7;
00004c37 : c7c716c7;
00004c38 : c7c7c7c7;
00004c39 : c7c7c7c7;
00004c3a : c7c7c7c7;
00004c3b : c7c7c715;
00004c3c : c7c7c7c7;
00004c3d : c7c7c7c7;
00004c3e : c7c7c7c7;
00004c3f : c7c7c7c7;
00004c40 : c7c7c7c7;
00004c41 : 00000010;
00004c42 : 00000010;
00004c43 : c7c7c7c7;
00004c44 : c7c7c7c7;
00004c45 : c7c7c7c7;
00004c46 : c7c7c7c7;
00004c47 : c7c7c7c7;
00004c48 : c7c7c7c7;
00004c49 : c7c7c7c7;
00004c4a : c7c7c7c7;
00004c4b : c7c7c7c7;
00004c4c : c7c784c7;
00004c4d : c7c7c7c7;
00004c4e : c7c7c7c7;
00004c4f : c7d6c784;
00004c50 : 8282c7c7;
00004c51 : c7c78282;
00004c52 : c7c7c7c7;
00004c53 : 82c782c7;
00004c54 : c48482c7;
00004c55 : c7828484;
00004c56 : c7c7c7c7;
00004c57 : 8482c784;
00004c58 : c4c48482;
00004c59 : 828284c4;
00004c5a : c7c7c7c7;
00004c5b : 82c7d6c7;
00004c5c : d6d6d684;
00004c5d : 8284c4d6;
00004c5e : c7c7c782;
00004c5f : 8482c784;
00004c60 : efefd6ef;
00004c61 : 84c4d6ef;
00004c62 : c7c78282;
00004c63 : ef848282;
00004c64 : efefefd6;
00004c65 : 84c4d6d6;
00004c66 : c7c78282;
00004c67 : 84d682c7;
00004c68 : efd6efef;
00004c69 : 8284d6d6;
00004c6a : c7c7c782;
00004c6b : 8282c7d6;
00004c6c : c4c4c482;
00004c6d : 828284c4;
00004c6e : c7c7c7c7;
00004c6f : 82c7d6c7;
00004c70 : 848482c7;
00004c71 : c7828484;
00004c72 : c7c7c7c7;
00004c73 : c782c7c7;
00004c74 : 8282c782;
00004c75 : c7c78282;
00004c76 : c7c7c7c7;
00004c77 : c7c7c7c7;
00004c78 : c784c7c7;
00004c79 : c7c784c7;
00004c7a : c7c7c7c7;
00004c7b : c7c7c7c7;
00004c7c : c7c7c7c7;
00004c7d : c7c7c782;
00004c7e : c7c7c7c7;
00004c7f : c7c7c7c7;
00004c80 : c7c7c7c7;
00004c81 : c7c7c7c7;
00004c82 : c7c7c7c7;
00004c83 : 00000010;
00004c84 : 00000010;
00004c85 : c7c7c7c7;
00004c86 : c7c7c7c7;
00004c87 : c7c7c7c7;
00004c88 : c7c7c7c7;
00004c89 : c7c7c7c7;
00004c8a : c7c7c7c7;
00004c8b : c7c7c7c7;
00004c8c : c7c7c7c7;
00004c8d : c7c7c7c7;
00004c8e : c7c7a0c7;
00004c8f : c7c7c7c7;
00004c90 : c7c7c7c7;
00004c91 : c7f2c7a0;
00004c92 : 9090c7c7;
00004c93 : c7c79090;
00004c94 : c7c7c7c7;
00004c95 : 90c790c7;
00004c96 : e0a090c7;
00004c97 : c790a0a0;
00004c98 : c7c7c7c7;
00004c99 : a090c7a0;
00004c9a : e0e0a090;
00004c9b : 9090a0e0;
00004c9c : c7c7c7c7;
00004c9d : 90c7f2c7;
00004c9e : f2f2f2a0;
00004c9f : 90a0e0f2;
00004ca0 : c7c7c790;
00004ca1 : a090c7a0;
00004ca2 : fdfdf2fd;
00004ca3 : a0e0f2fd;
00004ca4 : c7c79090;
00004ca5 : fda09090;
00004ca6 : fdfdfdf2;
00004ca7 : a0e0f2f2;
00004ca8 : c7c79090;
00004ca9 : a0f290c7;
00004caa : fdf2fdfd;
00004cab : 90a0f2f2;
00004cac : c7c7c790;
00004cad : 9090c7f2;
00004cae : e0e0e090;
00004caf : 9090a0e0;
00004cb0 : c7c7c7c7;
00004cb1 : 90c7f2c7;
00004cb2 : a0a090c7;
00004cb3 : c790a0a0;
00004cb4 : c7c7c7c7;
00004cb5 : c790c7c7;
00004cb6 : 9090c790;
00004cb7 : c7c79090;
00004cb8 : c7c7c7c7;
00004cb9 : c7c7c7c7;
00004cba : c7a0c7c7;
00004cbb : c7c7a0c7;
00004cbc : c7c7c7c7;
00004cbd : c7c7c7c7;
00004cbe : c7c7c7c7;
00004cbf : c7c7c790;
00004cc0 : c7c7c7c7;
00004cc1 : c7c7c7c7;
00004cc2 : c7c7c7c7;
00004cc3 : c7c7c7c7;
00004cc4 : c7c7c7c7;
00004cc5 : 00000040;
00004cc6 : 00000040;
00004cc7 : c7c7c7c7;
00004cc8 : c7c7c7c7;
00004cc9 : c7c7c7c7;
00004cca : c7c7c7c7;
00004ccb : c7c7c7c7;
00004ccc : c7c7c7c7;
00004ccd : c7c7c7c7;
00004cce : c7c7c7c7;
00004ccf : c7c7c7c7;
00004cd0 : c7c7c7c7;
00004cd1 : c7c7c7c7;
00004cd2 : c7c7c7c7;
00004cd3 : c7c7c7c7;
00004cd4 : c7c7c7c7;
00004cd5 : c7c7c7c7;
00004cd6 : c7c7c7c7;
00004cd7 : c7c7c7c7;
00004cd8 : c7c7c7c7;
00004cd9 : c7c7c7c7;
00004cda : c7c7c7c7;
00004cdb : c7c7c7c7;
00004cdc : c7c7c7c7;
00004cdd : c7c7c7c7;
00004cde : c7c7c7c7;
00004cdf : c7c7c7c7;
00004ce0 : c7c7c7c7;
00004ce1 : c7c7c7c7;
00004ce2 : c7c7c7c7;
00004ce3 : c7c7c7c7;
00004ce4 : c7c7c7c7;
00004ce5 : c7c7c7c7;
00004ce6 : c7c7c7c7;
00004ce7 : c7c7c7c7;
00004ce8 : c7c7c7c7;
00004ce9 : c7c7c7c7;
00004cea : c7c7c7c7;
00004ceb : c7c7c7c7;
00004cec : c7c7c7c7;
00004ced : c7c7c7c7;
00004cee : 00c7c7c7;
00004cef : c7c7c700;
00004cf0 : c7c7c7c7;
00004cf1 : c7c7c7c7;
00004cf2 : c7c7c7c7;
00004cf3 : c7c7c7c7;
00004cf4 : c7c7c7c7;
00004cf5 : c7c7c7c7;
00004cf6 : c7c7c7c7;
00004cf7 : c7c7c7c7;
00004cf8 : c7c7c7c7;
00004cf9 : c7c7c7c7;
00004cfa : c7c7c7c7;
00004cfb : c7c7c7c7;
00004cfc : c7c7c7c7;
00004cfd : c7c7c7c7;
00004cfe : 6e00c7c7;
00004cff : c7c7006e;
00004d00 : c7c7c7c7;
00004d01 : c7c7c7c7;
00004d02 : c7c7c7c7;
00004d03 : c7c7c7c7;
00004d04 : c7c7c7c7;
00004d05 : c7c7c7c7;
00004d06 : c7c7c7c7;
00004d07 : c7c7c7c7;
00004d08 : c7c7c7c7;
00004d09 : c7c7c7c7;
00004d0a : c7c7c7c7;
00004d0b : c7c7c7c7;
00004d0c : 0000c7c7;
00004d0d : c7c7c7c7;
00004d0e : 6e1b0000;
00004d0f : 00001b6e;
00004d10 : c7c7c7c7;
00004d11 : c7c70000;
00004d12 : c7c7c7c7;
00004d13 : c7c7c7c7;
00004d14 : c7c7c7c7;
00004d15 : c7c7c7c7;
00004d16 : c7c7c7c7;
00004d17 : c7c7c7c7;
00004d18 : c7c7c7c7;
00004d19 : c7c7c7c7;
00004d1a : c7c7c7c7;
00004d1b : c7c7c7c7;
00004d1c : 6e00c7c7;
00004d1d : 00000000;
00004d1e : 6e1b6e6e;
00004d1f : 6e6e1b5c;
00004d20 : 00000000;
00004d21 : c7c7006e;
00004d22 : c7c7c7c7;
00004d23 : c7c7c7c7;
00004d24 : c7c7c7c7;
00004d25 : c7c7c7c7;
00004d26 : c7c7c7c7;
00004d27 : c7c7c7c7;
00004d28 : c7c7c7c7;
00004d29 : c7c7c7c7;
00004d2a : c7c7c7c7;
00004d2b : c7c7c7c7;
00004d2c : 6e00c7c7;
00004d2d : 6e6e6e6e;
00004d2e : 651b1b12;
00004d2f : 1212125c;
00004d30 : 1b6e6e6e;
00004d31 : c7c7006e;
00004d32 : c7c7c7c7;
00004d33 : c7c7c7c7;
00004d34 : c7c7c7c7;
00004d35 : c7c7c7c7;
00004d36 : c7c7c7c7;
00004d37 : c7c7c7c7;
00004d38 : c7c7c7c7;
00004d39 : c7c7c7c7;
00004d3a : c7c7c7c7;
00004d3b : c7c7c7c7;
00004d3c : 1b00c7c7;
00004d3d : 12126e6e;
00004d3e : 65121b1b;
00004d3f : 5c5c125b;
00004d40 : 6e1b1212;
00004d41 : c7c7006e;
00004d42 : c7c7c7c7;
00004d43 : c7c7c7c7;
00004d44 : c7c7c7c7;
00004d45 : c7c7c7c7;
00004d46 : c7c7c7c7;
00004d47 : c7c7c7c7;
00004d48 : c7c7c7c7;
00004d49 : c7c7c7c7;
00004d4a : c7c7c7c7;
00004d4b : c7c7c7c7;
00004d4c : 126500c7;
00004d4d : 1b121265;
00004d4e : 65125c5c;
00004d4f : 1b1b125b;
00004d50 : 6e6e651b;
00004d51 : c7006e6e;
00004d52 : c7c7c7c7;
00004d53 : c7c7c7c7;
00004d54 : c7c7c7c7;
00004d55 : c7c7c7c7;
00004d56 : c7c7c7c7;
00004d57 : c7c7c7c7;
00004d58 : c7c7c7c7;
00004d59 : c7c7c7c7;
00004d5a : c7c7c7c7;
00004d5b : c7c7c7c7;
00004d5c : 126e6e00;
00004d5d : 5c1b1b65;
00004d5e : 650a0a0a;
00004d5f : 120a0a13;
00004d60 : 12646512;
00004d61 : 006e6e1b;
00004d62 : c7c7c7c7;
00004d63 : c7c7c7c7;
00004d64 : c7c7c7c7;
00004d65 : c7c7c7c7;
00004d66 : c7c7c7c7;
00004d67 : c7c7c7c7;
00004d68 : c7c7c7c7;
00004d69 : c7c7c7c7;
00004d6a : c7c7c7c7;
00004d6b : 00c7c7c7;
00004d6c : 1b126e6e;
00004d6d : 0a656512;
00004d6e : 00000000;
00004d6f : 0a000000;
00004d70 : 1b12650a;
00004d71 : 6e6e121b;
00004d72 : c7c7c700;
00004d73 : c7c7c7c7;
00004d74 : c7c7c7c7;
00004d75 : c7c7c7c7;
00004d76 : c7c7c7c7;
00004d77 : c7c7c7c7;
00004d78 : c7c7c7c7;
00004d79 : c7c7c7c7;
00004d7a : c7c7c7c7;
00004d7b : 6e0000c7;
00004d7c : 5c1b126e;
00004d7d : 00000a12;
00004d7e : a3a3a3a3;
00004d7f : 00a3a3a3;
00004d80 : 5c0a6500;
00004d81 : 6d121b5c;
00004d82 : c700006e;
00004d83 : c7c7c7c7;
00004d84 : c7c7c7c7;
00004d85 : c7c7c7c7;
00004d86 : c7c7c7c7;
00004d87 : c7c7c7c7;
00004d88 : c7c7c7c7;
00004d89 : c7c7c7c7;
00004d8a : c7c7c7c7;
00004d8b : 6e6e6e00;
00004d8c : 5c1b1b12;
00004d8d : 52520064;
00004d8e : f6f6f69b;
00004d8f : 9bf6f6f6;
00004d90 : 1b0a0052;
00004d91 : 121b5c5c;
00004d92 : 006e6e65;
00004d93 : c7c7c7c7;
00004d94 : c7c7c7c7;
00004d95 : c7c7c7c7;
00004d96 : c7c7c7c7;
00004d97 : c7c7c7c7;
00004d98 : c7c7c7c7;
00004d99 : c7c7c7c7;
00004d9a : c7c7c7c7;
00004d9b : 6e6e1b00;
00004d9c : 5c5c1b12;
00004d9d : f652000a;
00004d9e : f6f69bf6;
00004d9f : f69bf6f6;
00004da0 : 0a0052f6;
00004da1 : 1b5c5c1b;
00004da2 : 006e6e12;
00004da3 : c7c7c7c7;
00004da4 : c7c7c7c7;
00004da5 : c7c7c7c7;
00004da6 : c7c7c7c7;
00004da7 : c7c7c7c7;
00004da8 : c7c7c7c7;
00004da9 : c7c7c7c7;
00004daa : c7c7c7c7;
00004dab : 6e1b1b00;
00004dac : 0a5b1b6e;
00004dad : 9ba45200;
00004dae : f6519b9b;
00004daf : 9b9b52a4;
00004db0 : 0052a49b;
00004db1 : 655c1b0a;
00004db2 : 001b1b6e;
00004db3 : c7c7c7c7;
00004db4 : c7c7c7c7;
00004db5 : c7c7c7c7;
00004db6 : c7c7c7c7;
00004db7 : c7c7c7c7;
00004db8 : c7c7c7c7;
00004db9 : c7c7c7c7;
00004dba : c7c7c7c7;
00004dbb : 126e00c7;
00004dbc : 00656512;
00004dbd : ad9ba452;
00004dbe : ad51adad;
00004dbf : adad52a4;
00004dc0 : 52a49bad;
00004dc1 : 12656500;
00004dc2 : c700641b;
00004dc3 : c7c7c7c7;
00004dc4 : c7c7c7c7;
00004dc5 : c7c7c7c7;
00004dc6 : c7c7c7c7;
00004dc7 : c7c7c7c7;
00004dc8 : c7c7c7c7;
00004dc9 : c7c7c7c7;
00004dca : c7c7c7c7;
00004dcb : 126e00c7;
00004dcc : 000a0a5b;
00004dcd : 00ada452;
00004dce : b5510000;
00004dcf : 000051a4;
00004dd0 : 529bad00;
00004dd1 : 5c0a0a00;
00004dd2 : c7006e12;
00004dd3 : c7c7c7c7;
00004dd4 : c7c7c7c7;
00004dd5 : c7c7c7c7;
00004dd6 : c7c7c7c7;
00004dd7 : c7c7c7c7;
00004dd8 : c7c7c7c7;
00004dd9 : c7c7c7c7;
00004dda : c7c7c7c7;
00004ddb : 126e00c7;
00004ddc : 00121b1b;
00004ddd : 0000ad9b;
00004dde : f6510000;
00004ddf : 000051ad;
00004de0 : 9bad0000;
00004de1 : 1b5c0a00;
00004de2 : c7006e12;
00004de3 : c7c7c7c7;
00004de4 : c7c7c7c7;
00004de5 : c7c7c7c7;
00004de6 : c7c7c7c7;
00004de7 : c7c7c7c7;
00004de8 : c7c7c7c7;
00004de9 : c7c7c7c7;
00004dea : c7c7c7c7;
00004deb : 126e00c7;
00004dec : 00125c5c;
00004ded : 00ad9ba3;
00004dee : f6a45100;
00004def : 0051a4ad;
00004df0 : a39bad00;
00004df1 : 1b5c1200;
00004df2 : 006e5c12;
00004df3 : c7c7c7c7;
00004df4 : c7c7c7c7;
00004df5 : c7c7c7c7;
00004df6 : c7c7c7c7;
00004df7 : c7c7c7c7;
00004df8 : c7c7c7c7;
00004df9 : c7c7c7c7;
00004dfa : c7c7c7c7;
00004dfb : 1b126e00;
00004dfc : 000a5c5c;
00004dfd : adfef6a3;
00004dfe : 5b49adad;
00004dff : 5ba34952;
00004e00 : a3b5ffad;
00004e01 : 5c5c1200;
00004e02 : 006e121b;
00004e03 : c7c7c7c7;
00004e04 : c7c7c7c7;
00004e05 : c7c7c7c7;
00004e06 : c7c7c7c7;
00004e07 : c7c7c7c7;
00004e08 : c7c7c7c7;
00004e09 : c7c7c7c7;
00004e0a : 00c7c7c7;
00004e0b : 1b126e6e;
00004e0c : 000a5c5c;
00004e0d : 5bacf6a3;
00004e0e : 51a45b5b;
00004e0f : 52f5a451;
00004e10 : 52f6a45b;
00004e11 : 5c5c0a00;
00004e12 : 6e6e121b;
00004e13 : c7c7c700;
00004e14 : c7c7c7c7;
00004e15 : c7c7c7c7;
00004e16 : c7c7c7c7;
00004e17 : c7c7c7c7;
00004e18 : c7c7c7c7;
00004e19 : c7c7c7c7;
00004e1a : 6e00c7c7;
00004e1b : 6e6e6e6e;
00004e1c : 00656565;
00004e1d : 5b5b5252;
00004e1e : adadad52;
00004e1f : adadadad;
00004e20 : 52525b52;
00004e21 : 6d6d6500;
00004e22 : 6e6e6e6e;
00004e23 : c7c7006e;
00004e24 : c7c7c7c7;
00004e25 : c7c7c7c7;
00004e26 : c7c7c7c7;
00004e27 : c7c7c7c7;
00004e28 : c7c7c7c7;
00004e29 : c7c7c7c7;
00004e2a : 1b00c7c7;
00004e2b : 121b1b1b;
00004e2c : 000a1212;
00004e2d : 525b5b52;
00004e2e : 000000ad;
00004e2f : 00000000;
00004e30 : 525b52ad;
00004e31 : 0a0a0a00;
00004e32 : 1b1b1b12;
00004e33 : c7c7001b;
00004e34 : c7c7c7c7;
00004e35 : c7c7c7c7;
00004e36 : c7c7c7c7;
00004e37 : c7c7c7c7;
00004e38 : c7c7c7c7;
00004e39 : c7c7c7c7;
00004e3a : 00c7c7c7;
00004e3b : 1b126e6e;
00004e3c : 0a1b5c5c;
00004e3d : ad529b00;
00004e3e : 00000000;
00004e3f : 00000000;
00004e40 : 0052ad00;
00004e41 : 5c5c1b0a;
00004e42 : 006e121b;
00004e43 : c7c7c700;
00004e44 : c7c7c7c7;
00004e45 : c7c7c7c7;
00004e46 : c7c7c7c7;
00004e47 : c7c7c7c7;
00004e48 : c7c7c7c7;
00004e49 : c7c7c7c7;
00004e4a : c7c7c7c7;
00004e4b : 126e6e00;
00004e4c : 125c5c1b;
00004e4d : ad525200;
00004e4e : 49000000;
00004e4f : 00004949;
00004e50 : 0052ad00;
00004e51 : 1b5c5c0a;
00004e52 : c7006e12;
00004e53 : c7c7c7c7;
00004e54 : c7c7c7c7;
00004e55 : c7c7c7c7;
00004e56 : c7c7c7c7;
00004e57 : c7c7c7c7;
00004e58 : c7c7c7c7;
00004e59 : c7c7c7c7;
00004e5a : c7c7c7c7;
00004e5b : 126e00c7;
00004e5c : 5c5c5c1b;
00004e5d : ad5b0065;
00004e5e : 52490000;
00004e5f : 00495252;
00004e60 : 6500ad00;
00004e61 : 1b1b5c1b;
00004e62 : c7006e12;
00004e63 : c7c7c7c7;
00004e64 : c7c7c7c7;
00004e65 : c7c7c7c7;
00004e66 : c7c7c7c7;
00004e67 : c7c7c7c7;
00004e68 : c7c7c7c7;
00004e69 : c7c7c7c7;
00004e6a : c7c7c7c7;
00004e6b : 6e6e00c7;
00004e6c : 655c1b12;
00004e6d : a3520065;
00004e6e : 52494949;
00004e6f : 49495252;
00004e70 : 65005249;
00004e71 : 121b5c65;
00004e72 : c7c7006e;
00004e73 : c7c7c7c7;
00004e74 : c7c7c7c7;
00004e75 : c7c7c7c7;
00004e76 : c7c7c7c7;
00004e77 : c7c7c7c7;
00004e78 : c7c7c7c7;
00004e79 : c7c7c7c7;
00004e7a : c7c7c7c7;
00004e7b : 6e00c7c7;
00004e7c : 12651212;
00004e7d : 52000a0a;
00004e7e : 52525252;
00004e7f : 52525252;
00004e80 : 0a0a0052;
00004e81 : 121b6512;
00004e82 : c7c7006e;
00004e83 : c7c7c7c7;
00004e84 : c7c7c7c7;
00004e85 : c7c7c7c7;
00004e86 : c7c7c7c7;
00004e87 : c7c7c7c7;
00004e88 : c7c7c7c7;
00004e89 : c7c7c7c7;
00004e8a : c7c7c7c7;
00004e8b : 6e00c7c7;
00004e8c : 121b6e6e;
00004e8d : 000a5c5c;
00004e8e : a3a35200;
00004e8f : 0052a3a3;
00004e90 : 5c5c0a00;
00004e91 : 6e6e1b12;
00004e92 : c7c7006e;
00004e93 : c7c7c7c7;
00004e94 : c7c7c7c7;
00004e95 : c7c7c7c7;
00004e96 : c7c7c7c7;
00004e97 : c7c7c7c7;
00004e98 : c7c7c7c7;
00004e99 : c7c7c7c7;
00004e9a : c7c7c7c7;
00004e9b : 6e00c7c7;
00004e9c : 121b1b6e;
00004e9d : 655c5c1b;
00004e9e : 0000000a;
00004e9f : 65000000;
00004ea0 : 5c5c5c0a;
00004ea1 : 6e1b121b;
00004ea2 : c700006e;
00004ea3 : c7c7c7c7;
00004ea4 : c7c7c7c7;
00004ea5 : c7c7c7c7;
00004ea6 : c7c7c7c7;
00004ea7 : c7c7c7c7;
00004ea8 : c7c7c7c7;
00004ea9 : c7c7c7c7;
00004eaa : c7c7c7c7;
00004eab : 6e0000c7;
00004eac : 126e6e1b;
00004ead : 655c1b1b;
00004eae : 1212120a;
00004eaf : 650a1212;
00004eb0 : 1b1b5c5c;
00004eb1 : 64126e12;
00004eb2 : 0049006e;
00004eb3 : c7c7c7c7;
00004eb4 : c7c7c7c7;
00004eb5 : c7c7c7c7;
00004eb6 : c7c7c7c7;
00004eb7 : c7c7c7c7;
00004eb8 : c7c7c7c7;
00004eb9 : c7c7c7c7;
00004eba : c7c7c7c7;
00004ebb : 004900c7;
00004ebc : 6e6e0000;
00004ebd : 6d1b1b12;
00004ebe : 5c5c5c12;
00004ebf : 650a5c5c;
00004ec0 : 12121b1b;
00004ec1 : 00006e6e;
00004ec2 : 5b524900;
00004ec3 : c7c7c700;
00004ec4 : c7c7c7c7;
00004ec5 : c7c7c7c7;
00004ec6 : c7c7c7c7;
00004ec7 : c7c7c7c7;
00004ec8 : c7c7c7c7;
00004ec9 : c7c7c7c7;
00004eca : c7c7c7c7;
00004ecb : 52524900;
00004ecc : 6e004949;
00004ecd : 656e1265;
00004ece : 1b1b1b12;
00004ecf : 121b1b1b;
00004ed0 : 6e6e126e;
00004ed1 : 49000000;
00004ed2 : 9b000049;
00004ed3 : c7c7c700;
00004ed4 : c7c7c7c7;
00004ed5 : c7c7c7c7;
00004ed6 : c7c7c7c7;
00004ed7 : c7c7c7c7;
00004ed8 : c7c7c7c7;
00004ed9 : c7c7c7c7;
00004eda : c7c7c7c7;
00004edb : 00005b00;
00004edc : 00005252;
00004edd : 1b6e6e6e;
00004ede : 1212121b;
00004edf : 1b121212;
00004ee0 : 006e6e1b;
00004ee1 : 00524949;
00004ee2 : 9b000052;
00004ee3 : c7c7c700;
00004ee4 : c7c7c7c7;
00004ee5 : c7c7c7c7;
00004ee6 : c7c7c7c7;
00004ee7 : c7c7c7c7;
00004ee8 : c7c7c7c7;
00004ee9 : c7c7c7c7;
00004eea : c7c7c7c7;
00004eeb : 00005b00;
00004eec : 4952005b;
00004eed : 1b6e6e00;
00004eee : 6e6e6e5c;
00004eef : 1b656e6e;
00004ef0 : 49006e6e;
00004ef1 : 52524909;
00004ef2 : a4a4ac00;
00004ef3 : c7c7c700;
00004ef4 : c7c7c7c7;
00004ef5 : c7c7c7c7;
00004ef6 : c7c7c7c7;
00004ef7 : c7c7c7c7;
00004ef8 : c7c7c7c7;
00004ef9 : c7c7c7c7;
00004efa : c7c7c7c7;
00004efb : a3a40000;
00004efc : 00524900;
00004efd : 1b6e6e00;
00004efe : 00000000;
00004eff : 1b000000;
00004f00 : 49006e6e;
00004f01 : 52525200;
00004f02 : 00000000;
00004f03 : c7c7c7c7;
00004f04 : c7c7c7c7;
00004f05 : c7c7c7c7;
00004f06 : c7c7c7c7;
00004f07 : c7c7c7c7;
00004f08 : c7c7c7c7;
00004f09 : c7c7c7c7;
00004f0a : c7c7c7c7;
00004f0b : 00005200;
00004f0c : c7005152;
00004f0d : 00000000;
00004f0e : 5b000000;
00004f0f : 0000005b;
00004f10 : 00490000;
00004f11 : 005200c7;
00004f12 : 00ac5b49;
00004f13 : c7c7c7c7;
00004f14 : c7c7c7c7;
00004f15 : c7c7c7c7;
00004f16 : c7c7c7c7;
00004f17 : c7c7c7c7;
00004f18 : c7c7c7c7;
00004f19 : c7c7c7c7;
00004f1a : 00c7c7c7;
00004f1b : 009b9b52;
00004f1c : c7004900;
00004f1d : 00004900;
00004f1e : ac5b0000;
00004f1f : 00005bac;
00004f20 : 00490000;
00004f21 : 090000c7;
00004f22 : 00000049;
00004f23 : c7c7c7c7;
00004f24 : c7c7c7c7;
00004f25 : c7c7c7c7;
00004f26 : c7c7c7c7;
00004f27 : c7c7c7c7;
00004f28 : c7c7c7c7;
00004f29 : c7c7c7c7;
00004f2a : 00c7c7c7;
00004f2b : 52009b52;
00004f2c : c7c70049;
00004f2d : 00004900;
00004f2e : 00ac5b00;
00004f2f : 005bac00;
00004f30 : 00520000;
00004f31 : 005200c7;
00004f32 : 00000049;
00004f33 : c7c7c700;
00004f34 : c7c7c7c7;
00004f35 : c7c7c7c7;
00004f36 : c7c7c7c7;
00004f37 : c7c7c7c7;
00004f38 : c7c7c7c7;
00004f39 : c7c7c7c7;
00004f3a : 00c7c7c7;
00004f3b : 005b009b;
00004f3c : c7c70000;
00004f3d : 00525200;
00004f3e : 5200ac5b;
00004f3f : 5bac0052;
00004f40 : 00525200;
00004f41 : 0000c7c7;
00004f42 : 00a45b09;
00004f43 : c7c7c700;
00004f44 : c7c7c7c7;
00004f45 : c7c7c7c7;
00004f46 : c7c7c7c7;
00004f47 : c7c7c7c7;
00004f48 : c7c7c7c7;
00004f49 : c7c7c7c7;
00004f4a : 5200c7c7;
00004f4b : 00a3009b;
00004f4c : c7c70000;
00004f4d : 5b5200c7;
00004f4e : a40000ac;
00004f4f : ac0000a4;
00004f50 : c7005b5b;
00004f51 : 00c7c7c7;
00004f52 : 5b005200;
00004f53 : c7c7c700;
00004f54 : c7c7c7c7;
00004f55 : c7c7c7c7;
00004f56 : c7c7c7c7;
00004f57 : c7c7c7c7;
00004f58 : c7c7c7c7;
00004f59 : c7c7c7c7;
00004f5a : a35200c7;
00004f5b : 49009b52;
00004f5c : c7c7c700;
00004f5d : ac00c7c7;
00004f5e : 00520000;
00004f5f : 00005200;
00004f60 : c7c700ac;
00004f61 : 00c7c7c7;
00004f62 : 5a5a0052;
00004f63 : c7c7c700;
00004f64 : c7c7c7c7;
00004f65 : c7c7c7c7;
00004f66 : c7c7c7c7;
00004f67 : c7c7c7c7;
00004f68 : c7c7c7c7;
00004f69 : c7c7c7c7;
00004f6a : a3a400c7;
00004f6b : 009b5252;
00004f6c : c7c7c7c7;
00004f6d : 0000c7c7;
00004f6e : a4000052;
00004f6f : 520000a4;
00004f70 : c7c70000;
00004f71 : 00c7c7c7;
00004f72 : 5a5b5a52;
00004f73 : c7c7c700;
00004f74 : c7c7c7c7;
00004f75 : c7c7c7c7;
00004f76 : c7c7c7c7;
00004f77 : c7c7c7c7;
00004f78 : c7c7c7c7;
00004f79 : c7c7c7c7;
00004f7a : a3a400c7;
00004f7b : c7005252;
00004f7c : c7c7c7c7;
00004f7d : 004900c7;
00004f7e : 00520052;
00004f7f : 52005200;
00004f80 : c7004900;
00004f81 : 00c7c7c7;
00004f82 : 5ba35b51;
00004f83 : c7c7c700;
00004f84 : c7c7c7c7;
00004f85 : c7c7c7c7;
00004f86 : c7c7c7c7;
00004f87 : c7c7c7c7;
00004f88 : c7c7c7c7;
00004f89 : c7c7c7c7;
00004f8a : a3a400c7;
00004f8b : c7c70049;
00004f8c : c7c7c7c7;
00004f8d : 495b00c7;
00004f8e : a4005200;
00004f8f : 005200a4;
00004f90 : c7005249;
00004f91 : 005bc7c7;
00004f92 : a3a45b51;
00004f93 : c7c7c700;
00004f94 : c7c7c7c7;
00004f95 : c7c7c7c7;
00004f96 : c7c7c7c7;
00004f97 : c7c7c7c7;
00004f98 : c7c7c7c7;
00004f99 : c7c7c7c7;
00004f9a : a3a400c7;
00004f9b : c7c70009;
00004f9c : c7c7c7c7;
00004f9d : 005b00c7;
00004f9e : 00520049;
00004f9f : 00005200;
00004fa0 : c7005b52;
00004fa1 : 5100c7c7;
00004fa2 : 00a4a35b;
00004fa3 : c7c7c7c7;
00004fa4 : c7c7c7c7;
00004fa5 : c7c7c7c7;
00004fa6 : c7c7c7c7;
00004fa7 : c7c7c7c7;
00004fa8 : c7c7c7c7;
00004fa9 : c7c7c7c7;
00004faa : 52a300c7;
00004fab : c7c7c700;
00004fac : c7c7c7c7;
00004fad : 00005200;
00004fae : 5252005b;
00004faf : 49005252;
00004fb0 : 00520000;
00004fb1 : 5100c7c7;
00004fb2 : 00a3a45a;
00004fb3 : c7c7c7c7;
00004fb4 : c7c7c7c7;
00004fb5 : c7c7c7c7;
00004fb6 : c7c7c7c7;
00004fb7 : c7c7c7c7;
00004fb8 : c7c7c7c7;
00004fb9 : c7c7c7c7;
00004fba : 525200c7;
00004fbb : c7c7c700;
00004fbc : c7c7c7c7;
00004fbd : 5bacac00;
00004fbe : a400495b;
00004fbf : 5b49009b;
00004fc0 : 00acac5b;
00004fc1 : 5100c7c7;
00004fc2 : c700a45b;
00004fc3 : c7c7c7c7;
00004fc4 : c7c7c7c7;
00004fc5 : c7c7c7c7;
00004fc6 : c7c7c7c7;
00004fc7 : c7c7c7c7;
00004fc8 : c7c7c7c7;
00004fc9 : c7c7c7c7;
00004fca : 525200c7;
00004fcb : c7c70051;
00004fcc : c7c7c7c7;
00004fcd : 00005b00;
00004fce : 0049005b;
00004fcf : 5b004900;
00004fd0 : 00520000;
00004fd1 : 5100c7c7;
00004fd2 : 005aa452;
00004fd3 : c7c7c7c7;
00004fd4 : c7c7c7c7;
00004fd5 : c7c7c7c7;
00004fd6 : c7c7c7c7;
00004fd7 : c7c7c7c7;
00004fd8 : c7c7c7c7;
00004fd9 : c7c7c7c7;
00004fda : 5100c7c7;
00004fdb : c7c70051;
00004fdc : 00c7c7c7;
00004fdd : 5bacac52;
00004fde : c7004900;
00004fdf : 004900c7;
00004fe0 : 52acac5b;
00004fe1 : 00c7c700;
00004fe2 : 00a45b51;
00004fe3 : c7c7c7c7;
00004fe4 : c7c7c7c7;
00004fe5 : c7c7c7c7;
00004fe6 : c7c7c7c7;
00004fe7 : c7c7c7c7;
00004fe8 : c7c7c7c7;
00004fe9 : c7c7c7c7;
00004fea : 00c7c7c7;
00004feb : c7c70000;
00004fec : 00c7c7c7;
00004fed : 005b0000;
00004fee : c7005149;
00004fef : 495200c7;
00004ff0 : 00005b00;
00004ff1 : c7c7c700;
00004ff2 : 519b5100;
00004ff3 : c7c7c700;
00004ff4 : c7c7c7c7;
00004ff5 : c7c7c7c7;
00004ff6 : c7c7c7c7;
00004ff7 : c7c7c7c7;
00004ff8 : c7c7c7c7;
00004ff9 : c7c7c7c7;
00004ffa : c7c7c7c7;
00004ffb : c7c7c7c7;
00004ffc : ad00c7c7;
00004ffd : 49005bad;
00004ffe : c7c70052;
00004fff : 5200c7c7;
00005000 : ad5b0049;
00005001 : c7c700ad;
00005002 : 515100c7;
00005003 : c7c7c700;
00005004 : c7c7c7c7;
00005005 : c7c7c7c7;
00005006 : c7c7c7c7;
00005007 : c7c7c7c7;
00005008 : c7c7c7c7;
00005009 : c7c7c7c7;
0000500a : c7c7c7c7;
0000500b : c7c7c7c7;
0000500c : ad00c7c7;
0000500d : 49005bad;
0000500e : c7c7c700;
0000500f : 00c7c7c7;
00005010 : ad5b0049;
00005011 : c7c700ad;
00005012 : 0000c7c7;
00005013 : c7c7c7c7;
00005014 : c7c7c7c7;
00005015 : c7c7c7c7;
00005016 : c7c7c7c7;
00005017 : c7c7c7c7;
00005018 : c7c7c7c7;
00005019 : c7c7c7c7;
0000501a : c7c7c7c7;
0000501b : c7c7c7c7;
0000501c : 00c7c7c7;
0000501d : 52490000;
0000501e : c7c70049;
0000501f : 4900c7c7;
00005020 : 00004952;
00005021 : c7c7c700;
00005022 : c7c7c7c7;
00005023 : c7c7c7c7;
00005024 : c7c7c7c7;
00005025 : c7c7c7c7;
00005026 : c7c7c7c7;
00005027 : c7c7c7c7;
00005028 : c7c7c7c7;
00005029 : c7c7c7c7;
0000502a : c7c7c7c7;
0000502b : c7c7c7c7;
0000502c : 00c7c7c7;
0000502d : 5a524949;
0000502e : c7c70049;
0000502f : 4900c7c7;
00005030 : 00495252;
00005031 : c7c7c7c7;
00005032 : c7c7c7c7;
00005033 : c7c7c7c7;
00005034 : c7c7c7c7;
00005035 : c7c7c7c7;
00005036 : c7c7c7c7;
00005037 : c7c7c7c7;
00005038 : c7c7c7c7;
00005039 : c7c7c7c7;
0000503a : c7c7c7c7;
0000503b : c7c7c7c7;
0000503c : c7c7c7c7;
0000503d : 5a524900;
0000503e : c7c70052;
0000503f : 4900c7c7;
00005040 : 00495252;
00005041 : c7c7c7c7;
00005042 : c7c7c7c7;
00005043 : c7c7c7c7;
00005044 : c7c7c7c7;
00005045 : c7c7c7c7;
00005046 : c7c7c7c7;
00005047 : c7c7c7c7;
00005048 : c7c7c7c7;
00005049 : c7c7c7c7;
0000504a : c7c7c7c7;
0000504b : c7c7c7c7;
0000504c : c7c7c7c7;
0000504d : 5a4900c7;
0000504e : c7c70052;
0000504f : 5200c7c7;
00005050 : c700495a;
00005051 : c7c7c7c7;
00005052 : c7c7c7c7;
00005053 : c7c7c7c7;
00005054 : c7c7c7c7;
00005055 : c7c7c7c7;
00005056 : c7c7c7c7;
00005057 : c7c7c7c7;
00005058 : c7c7c7c7;
00005059 : c7c7c7c7;
0000505a : c7c7c7c7;
0000505b : c7c7c7c7;
0000505c : c7c7c7c7;
0000505d : 5a4900c7;
0000505e : c7c70052;
0000505f : 5200c7c7;
00005060 : c700495a;
00005061 : c7c7c7c7;
00005062 : c7c7c7c7;
00005063 : c7c7c7c7;
00005064 : c7c7c7c7;
00005065 : c7c7c7c7;
00005066 : c7c7c7c7;
00005067 : c7c7c7c7;
00005068 : c7c7c7c7;
00005069 : c7c7c7c7;
0000506a : c7c7c7c7;
0000506b : c7c7c7c7;
0000506c : c7c7c7c7;
0000506d : 9b5200c7;
0000506e : c700495a;
0000506f : 524900c7;
00005070 : c700525a;
00005071 : c7c7c7c7;
00005072 : c7c7c7c7;
00005073 : c7c7c7c7;
00005074 : c7c7c7c7;
00005075 : c7c7c7c7;
00005076 : c7c7c7c7;
00005077 : c7c7c7c7;
00005078 : c7c7c7c7;
00005079 : c7c7c7c7;
0000507a : c7c7c7c7;
0000507b : c7c7c7c7;
0000507c : 00c7c7c7;
0000507d : a4a45200;
0000507e : c700495a;
0000507f : 524900c7;
00005080 : 005aa4a4;
00005081 : c7c7c700;
00005082 : c7c7c7c7;
00005083 : c7c7c7c7;
00005084 : c7c7c7c7;
00005085 : c7c7c7c7;
00005086 : c7c7c7c7;
00005087 : c7c7c7c7;
00005088 : c7c7c7c7;
00005089 : c7c7c7c7;
0000508a : c7c7c7c7;
0000508b : c7c7c7c7;
0000508c : 5200c7c7;
0000508d : 5252a4a4;
0000508e : c7004952;
0000508f : 524900c7;
00005090 : a4a45252;
00005091 : c7c70052;
00005092 : c7c7c7c7;
00005093 : c7c7c7c7;
00005094 : c7c7c7c7;
00005095 : c7c7c7c7;
00005096 : c7c7c7c7;
00005097 : c7c7c7c7;
00005098 : c7c7c7c7;
00005099 : c7c7c7c7;
0000509a : c7c7c7c7;
0000509b : c7c7c7c7;
0000509c : 5200c7c7;
0000509d : 52525252;
0000509e : c7004949;
0000509f : 494900c7;
000050a0 : 52525252;
000050a1 : c7c70052;
000050a2 : c7c7c7c7;
000050a3 : c7c7c7c7;
000050a4 : c7c7c7c7;
000050a5 : c7c7c7c7;
000050a6 : c7c7c7c7;
000050a7 : c7c7c7c7;
000050a8 : c7c7c7c7;
000050a9 : c7c7c7c7;
000050aa : c7c7c7c7;
000050ab : c7c7c7c7;
000050ac : 0000c7c7;
000050ad : 00000000;
000050ae : c7c70000;
000050af : 0000c7c7;
000050b0 : 00000000;
000050b1 : c7c70000;
000050b2 : c7c7c7c7;
000050b3 : c7c7c7c7;
000050b4 : c7c7c7c7;
000050b5 : c7c7c7c7;
000050b6 : c7c7c7c7;
000050b7 : c7c7c7c7;
000050b8 : c7c7c7c7;
000050b9 : c7c7c7c7;
000050ba : c7c7c7c7;
000050bb : c7c7c7c7;
000050bc : c7c7c7c7;
000050bd : c7c7c7c7;
000050be : c7c7c7c7;
000050bf : c7c7c7c7;
000050c0 : c7c7c7c7;
000050c1 : c7c7c7c7;
000050c2 : c7c7c7c7;
000050c3 : c7c7c7c7;
000050c4 : c7c7c7c7;
000050c5 : c7c7c7c7;
000050c6 : c7c7c7c7;
000050c7 : 00000010;
000050c8 : 00000020;
000050c9 : 00000000;
000050ca : 00000000;
000050cb : 00000000;
000050cc : 00000000;
000050cd : 00000000;
000050ce : 00000000;
000050cf : 00000000;
000050d0 : 00000000;
000050d1 : 00000000;
000050d2 : 00000000;
000050d3 : 00000000;
000050d4 : 00000000;
000050d5 : 00000000;
000050d6 : 00000000;
000050d7 : 00000000;
000050d8 : 00000000;
000050d9 : 00000000;
000050da : 11010000;
000050db : 00000010;
000050dc : 00000000;
000050dd : 00000000;
000050de : 22120000;
000050df : 00001021;
000050e0 : 00000000;
000050e1 : 00000000;
000050e2 : 33230100;
000050e3 : 00002132;
000050e4 : 00000000;
000050e5 : 00000000;
000050e6 : 44441200;
000050e7 : 00102243;
000050e8 : 00000000;
000050e9 : 00000000;
000050ea : 22562401;
000050eb : 00104726;
000050ec : 00001001;
000050ed : 00000000;
000050ee : 66564512;
000050ef : 01216362;
000050f0 : 00001016;
000050f1 : 01000000;
000050f2 : 88666625;
000050f3 : 16322486;
000050f4 : 00001062;
000050f5 : 01000000;
000050f6 : 66686446;
000050f7 : 66416468;
000050f8 : 00001012;
000050f9 : 12000000;
000050fa : 61696446;
000050fb : 51166468;
000050fc : 00001082;
000050fd : 12000000;
000050fe : 66696446;
000050ff : 18166468;
00005100 : 00000091;
00005101 : 12000000;
00005102 : 99666446;
00005103 : 18166486;
00005104 : 00000021;
00005105 : 23010000;
00005106 : 66436666;
00005107 : 22326464;
00005108 : 00000010;
00005109 : 23010000;
0000510a : 34326666;
0000510b : 28226346;
0000510c : 00000011;
0000510d : 23010000;
0000510e : 23296266;
0000510f : 89283255;
00005110 : 00000021;
00005111 : 23010000;
00005112 : 23982966;
00005113 : 92912933;
00005114 : 00000021;
00005115 : 22010000;
00005116 : 92289832;
00005117 : 22129922;
00005118 : 00000021;
00005119 : 99010000;
0000511a : 89918229;
0000511b : 42928199;
0000511c : 00000010;
0000511d : 18000000;
0000511e : 18819999;
0000511f : 42241988;
00005120 : 00000010;
00005121 : 01000000;
00005122 : 91188188;
00005123 : 22449211;
00005124 : 00000010;
00005125 : 00000000;
00005126 : 89811211;
00005127 : 21452489;
00005128 : 00000000;
00005129 : 00000000;
0000512a : 11981500;
0000512b : 10522412;
0000512c : 00000000;
0000512d : 00000000;
0000512e : 81291500;
0000512f : 10522201;
00005130 : 00000000;
00005131 : 00000000;
00005132 : 915a0100;
00005133 : 00511200;
00005134 : 00000000;
00005135 : 00000000;
00005136 : 10520100;
00005137 : 00511200;
00005138 : 00000000;
00005139 : 00000000;
0000513a : 10521500;
0000513b : 00511200;
0000513c : 00000000;
0000513d : 00000000;
0000513e : 21655501;
0000513f : 10522201;
00005140 : 00000000;
00005141 : 00000000;
00005142 : 21222201;
00005143 : 10222201;
00005144 : 00000000;
00005145 : 00000000;
00005146 : 10111101;
00005147 : 00111101;
00005148 : 00000000;
00005149 : 00000000;
0000514a : 00000000;
0000514b : 00000000;
0000514c : 00000000;
0000514d : 00000000;
0000514e : 00000000;
0000514f : 00000000;
00005150 : 00000000;
00005151 : 00000000;
00005152 : 00000000;
00005153 : 00000000;
00005154 : 00000000;
00005155 : 00000000;
00005156 : 00000000;
00005157 : 00000000;
00005158 : 00000000;
00005159 : 00000000;
0000515a : 11010000;
0000515b : 00000010;
0000515c : 00000000;
0000515d : 00000000;
0000515e : 22120000;
0000515f : 00001021;
00005160 : 00000000;
00005161 : 00000000;
00005162 : 33230100;
00005163 : 00002132;
00005164 : 00000000;
00005165 : 00000000;
00005166 : 44441200;
00005167 : 00102243;
00005168 : 00000000;
00005169 : 00000000;
0000516a : 22562401;
0000516b : 00104726;
0000516c : 00001001;
0000516d : 00000000;
0000516e : 66564512;
0000516f : 01216362;
00005170 : 00001016;
00005171 : 01000000;
00005172 : 88666625;
00005173 : 16322486;
00005174 : 00001062;
00005175 : 01000000;
00005176 : 66686446;
00005177 : 66416468;
00005178 : 00001012;
00005179 : 12000000;
0000517a : 61696446;
0000517b : 51166468;
0000517c : 00001082;
0000517d : 12000000;
0000517e : 66696446;
0000517f : 18166468;
00005180 : 00000091;
00005181 : 12000000;
00005182 : 99666446;
00005183 : 18166486;
00005184 : 00000021;
00005185 : 23010000;
00005186 : 66436666;
00005187 : 22326464;
00005188 : 00000010;
00005189 : 23010000;
0000518a : 34326666;
0000518b : 28226346;
0000518c : 00000011;
0000518d : 23010000;
0000518e : 23296266;
0000518f : 89283255;
00005190 : 00000021;
00005191 : 23010000;
00005192 : 23982966;
00005193 : 12912933;
00005194 : 00000021;
00005195 : 22010000;
00005196 : 92289832;
00005197 : 21129922;
00005198 : 00000021;
00005199 : 99010000;
0000519a : 89918229;
0000519b : 46928199;
0000519c : 00000010;
0000519d : 18000000;
0000519e : 18819999;
0000519f : 43231988;
000051a0 : 00000010;
000051a1 : 01000000;
000051a2 : 91188188;
000051a3 : 33828911;
000051a4 : 00000010;
000051a5 : 00000000;
000051a6 : 89811211;
000051a7 : 24198881;
000051a8 : 00000010;
000051a9 : 00000000;
000051aa : 11981500;
000051ab : 24011111;
000051ac : 00000031;
000051ad : 00000000;
000051ae : 81291500;
000051af : 24010000;
000051b0 : 00001043;
000051b1 : 00000000;
000051b2 : 915a0100;
000051b3 : 34190000;
000051b4 : 00001022;
000051b5 : 00000000;
000051b6 : 10520100;
000051b7 : 99190000;
000051b8 : 00000011;
000051b9 : 00000000;
000051ba : 10521500;
000051bb : 11010000;
000051bc : 00000000;
000051bd : 00000000;
000051be : 21655501;
000051bf : 00000000;
000051c0 : 00000000;
000051c1 : 00000000;
000051c2 : 21222201;
000051c3 : 00000000;
000051c4 : 00000000;
000051c5 : 00000000;
000051c6 : 10111101;
000051c7 : 00000000;
000051c8 : 00000000;
000051c9 : 00000000;
000051ca : 00000000;
000051cb : 00000000;
000051cc : 00000000;
000051cd : 00000000;
000051ce : 00000000;
000051cf : 00000000;
000051d0 : 00000000;
000051d1 : 00000000;
000051d2 : 00000000;
000051d3 : 00000000;
000051d4 : 00000000;
000051d5 : 00000000;
000051d6 : 00000000;
000051d7 : 00000000;
000051d8 : 00000000;
000051d9 : 00000000;
000051da : 11010000;
000051db : 00000010;
000051dc : 00000000;
000051dd : 00000000;
000051de : 22120000;
000051df : 00001021;
000051e0 : 00000000;
000051e1 : 00000000;
000051e2 : 33230100;
000051e3 : 00002132;
000051e4 : 00000000;
000051e5 : 00000000;
000051e6 : 44441200;
000051e7 : 00102243;
000051e8 : 00000000;
000051e9 : 00000000;
000051ea : 22562401;
000051eb : 00104726;
000051ec : 00001001;
000051ed : 00000000;
000051ee : 66564512;
000051ef : 01216362;
000051f0 : 00001016;
000051f1 : 01000000;
000051f2 : 88666625;
000051f3 : 16322486;
000051f4 : 00001062;
000051f5 : 01000000;
000051f6 : 66686446;
000051f7 : 66416468;
000051f8 : 00001012;
000051f9 : 12000000;
000051fa : 61696446;
000051fb : 51166468;
000051fc : 00001082;
000051fd : 12000000;
000051fe : 66696446;
000051ff : 18166468;
00005200 : 00000091;
00005201 : 12000000;
00005202 : 99666446;
00005203 : 18166486;
00005204 : 00000021;
00005205 : 23010000;
00005206 : 66436666;
00005207 : 22326464;
00005208 : 00000010;
00005209 : 23010000;
0000520a : 34326666;
0000520b : 28226346;
0000520c : 00000011;
0000520d : 23010000;
0000520e : 23296266;
0000520f : 89283255;
00005210 : 00000021;
00005211 : 23010000;
00005212 : 23982966;
00005213 : 92912933;
00005214 : 00000021;
00005215 : 22010000;
00005216 : 92289832;
00005217 : 22129922;
00005218 : 00000021;
00005219 : 99010000;
0000521a : 89918229;
0000521b : 42928199;
0000521c : 00000010;
0000521d : 18000000;
0000521e : 18819999;
0000521f : 42241988;
00005220 : 00000010;
00005221 : 01000000;
00005222 : 91188188;
00005223 : 22449211;
00005224 : 00000010;
00005225 : 18000000;
00005226 : 89011011;
00005227 : 21452489;
00005228 : 00000000;
00005229 : 86010000;
0000522a : 11000081;
0000522b : 10522412;
0000522c : 00000000;
0000522d : 96010000;
0000522e : 00001059;
0000522f : 10522201;
00005230 : 00000000;
00005231 : 55120000;
00005232 : 00001052;
00005233 : 00511200;
00005234 : 00000000;
00005235 : 22120000;
00005236 : 00000011;
00005237 : 00511200;
00005238 : 00000000;
00005239 : 11010000;
0000523a : 00000000;
0000523b : 00511200;
0000523c : 00000000;
0000523d : 00000000;
0000523e : 00000000;
0000523f : 10522201;
00005240 : 00000000;
00005241 : 00000000;
00005242 : 00000000;
00005243 : 10222201;
00005244 : 00000000;
00005245 : 00000000;
00005246 : 00000000;
00005247 : 00111101;
00005248 : 00000000;
00005249 : 0000000b;
0000524a : 00000001;
0000524b : b6ad00c7;
0000524c : aefff7b7;
0000524d : 00a56452;
0000524e : 00000010;
0000524f : 00000020;
00005250 : 00000000;
00005251 : 10000001;
00005252 : 00000000;
00005253 : 00000000;
00005254 : 00000000;
00005255 : 00000000;
00005256 : 00000000;
00005257 : 00000000;
00005258 : 00000000;
00005259 : 01000100;
0000525a : 00000000;
0000525b : 00000000;
0000525c : 00000000;
0000525d : 00000000;
0000525e : 00000000;
0000525f : 00000000;
00005260 : 00000000;
00005261 : 10000100;
00005262 : 01000000;
00005263 : 00000000;
00005264 : 00100000;
00005265 : 10011100;
00005266 : 00000000;
00005267 : 00000000;
00005268 : 00000000;
00005269 : 00011100;
0000526a : 00010000;
0000526b : 00000000;
0000526c : 00000000;
0000526d : 00011101;
0000526e : 00000000;
0000526f : 00010000;
00005270 : 00001000;
00005271 : 00112111;
00005272 : 00000000;
00005273 : 00000000;
00005274 : 00000000;
00005275 : 00112211;
00005276 : 00000000;
00005277 : 01000000;
00005278 : 00100000;
00005279 : 10212211;
0000527a : 00100000;
0000527b : 00000000;
0000527c : 00000000;
0000527d : 11222211;
0000527e : 00100100;
0000527f : 00010000;
00005280 : 00010000;
00005281 : 11222211;
00005282 : 00100100;
00005283 : 00110001;
00005284 : 10010001;
00005285 : 11222201;
00005286 : 00101100;
00005287 : 00110000;
00005288 : 10010000;
00005289 : 10212201;
0000528a : 00101200;
0000528b : 00100100;
0000528c : 11010100;
0000528d : 10212301;
0000528e : 00101200;
0000528f : 00100100;
00005290 : 11010100;
00005291 : 10212201;
00005292 : 00111200;
00005293 : 00101200;
00005294 : 11100100;
00005295 : 10312211;
00005296 : 00211201;
00005297 : 00102211;
00005298 : 11100000;
00005299 : 10212311;
0000529a : 11212311;
0000529b : 00003112;
0000529c : 12110000;
0000529d : 11212322;
0000529e : 22422312;
0000529f : 00002123;
000052a0 : 22120000;
000052a1 : 11223324;
000052a2 : 22433422;
000052a3 : 00002143;
000052a4 : 24120100;
000052a5 : 22223344;
000052a6 : 44433423;
000052a7 : 00002133;
000052a8 : 44221100;
000052a9 : 24423343;
000052aa : 43333433;
000052ab : 00102132;
000052ac : 44221100;
000052ad : 43343333;
000052ae : 43333433;
000052af : 00102142;
000052b0 : 44221100;
000052b1 : 33333333;
000052b2 : 33333334;
000052b3 : 00102142;
000052b4 : 44221100;
000052b5 : 33333323;
000052b6 : 33333334;
000052b7 : 00102142;
000052b8 : 24220100;
000052b9 : 34334323;
000052ba : 33344334;
000052bb : 00102142;
000052bc : 22110000;
000052bd : 44334433;
000052be : 33444333;
000052bf : 00001122;
000052c0 : 12010000;
000052c1 : 43443423;
000052c2 : 32434434;
000052c3 : 00001021;
000052c4 : 11000000;
000052c5 : 44443322;
000052c6 : 22334434;
000052c7 : 00000011;
000052c8 : 01000000;
000052c9 : 44342312;
000052ca : 21324344;
000052cb : 00000010;
000052cc : 00000000;
000052cd : 44332211;
000052ce : 11223344;
000052cf : 00000000;
000052d0 : 00000005;
000052d1 : 00000001;
000052d2 : a39a91c7;
000052d3 : 4e000af5;
000052d4 : 65747365;
000052d5 : 6e756d20;
000052d6 : 202c6f64;
000052d7 : 6564206f;
000052d8 : 6e697473;
000052d9 : 6164206f;
000052da : 6d756820;
000052db : 64696e61;
000052dc : 0a656461;
000052dd : 63206865;
000052de : 72746e6f;
000052df : 64616c6f;
000052e0 : 6f70206f;
000052e1 : 6c612072;
000052e2 : 616d7567;
000052e3 : 746e6520;
000052e4 : 64616469;
000052e5 : 756f2065;
000052e6 : 69656c0a;
000052e7 : 61727420;
000052e8 : 6563736e;
000052e9 : 6e65646e;
000052ea : 3f6c6174;
000052eb : 20684500;
000052ec : 6f6d6f63;
000052ed : 20657320;
000052ee : 614d2061;
000052ef : 6564206f;
000052f0 : 75654420;
000052f1 : 61702073;
000052f2 : 73617269;
000052f3 : 730a6573;
000052f4 : 6572626f;
000052f5 : 736f6e20;
000052f6 : 6f41003f;
000052f7 : 6e656d20;
000052f8 : 202c736f;
000052f9 : 76206865;
000052fa : 61647265;
000052fb : 71206564;
000052fc : 6f206575;
000052fd : 6d6f6820;
000052fe : 6e206d65;
000052ff : 740a6f61;
00005300 : 63206d65;
00005301 : 72746e6f;
00005302 : 20656c6f;
00005303 : 75676c61;
00005304 : 6e202c6d;
00005305 : 6d206d65;
00005306 : 6f6d7365;
00005307 : 626f7320;
00005308 : 61206572;
00005309 : 6175730a;
0000530a : 6f727020;
0000530b : 61697270;
0000530c : 6e6f7620;
0000530d : 65646174;
0000530e : 0000002e;
0000530f : 00000010;
00005310 : 00000020;
00005311 : 00000000;
00005312 : 00000000;
00005313 : 01000000;
00005314 : 00000011;
00005315 : 00000000;
00005316 : 00000000;
00005317 : 12101100;
00005318 : 00000031;
00005319 : 00000000;
0000531a : 00000000;
0000531b : 23414401;
0000531c : 00000010;
0000531d : 00000000;
0000531e : 00000000;
0000531f : 23124401;
00005320 : 00000010;
00005321 : 00000000;
00005322 : 00000000;
00005323 : 33224114;
00005324 : 00000010;
00005325 : 00000000;
00005326 : 00000000;
00005327 : 33224114;
00005328 : 00000041;
00005329 : 00000000;
0000532a : 00000000;
0000532b : 31234114;
0000532c : 00001053;
0000532d : 00000000;
0000532e : 11111111;
0000532f : 14231211;
00005330 : 00003155;
00005331 : 11000000;
00005332 : 56353363;
00005333 : 14331266;
00005334 : 00105344;
00005335 : 64010000;
00005336 : 55333344;
00005337 : 46316261;
00005338 : 00314567;
00005339 : 61160000;
0000533a : 35334311;
0000533b : 44316616;
0000533c : 10537466;
0000533d : 18660100;
0000533e : 35331a99;
0000533f : 46611661;
00005340 : 31457747;
00005341 : 18661400;
00005342 : 3533a391;
00005343 : 46616156;
00005344 : 31337264;
00005345 : 3a634601;
00005346 : 553333aa;
00005347 : 46141666;
00005348 : 31234766;
00005349 : 33164114;
0000534a : 56333333;
0000534b : 64166661;
0000534c : 51237466;
0000534d : 33661114;
0000534e : 56223333;
0000534f : 66165616;
00005350 : 51226246;
00005351 : 63664414;
00005352 : 66252731;
00005353 : 16615615;
00005354 : 51116764;
00005355 : 61461114;
00005356 : 11567212;
00005357 : 61665555;
00005358 : 51017116;
00005359 : 12144411;
0000535a : 55612227;
0000535b : 56155553;
0000535c : 51016151;
0000535d : 66614401;
0000535e : 15662277;
0000535f : 35535153;
00005360 : 10001055;
00005361 : 61661600;
00005362 : 11262211;
00005363 : 22321513;
00005364 : 00001025;
00005365 : 10110100;
00005366 : 33212201;
00005367 : 33231533;
00005368 : 00001165;
00005369 : 00000000;
0000536a : 35151215;
0000536b : 33331515;
0000536c : 00101565;
0000536d : 01000000;
0000536e : 56656165;
0000536f : 36335211;
00005370 : 00611355;
00005371 : 01000000;
00005372 : 61656165;
00005373 : 65335221;
00005374 : 10361215;
00005375 : 01000000;
00005376 : 41661446;
00005377 : 61335221;
00005378 : 10351265;
00005379 : 01000000;
0000537a : 124414a4;
0000537b : 61236621;
0000537c : 10351261;
0000537d : 00000000;
0000537e : 21121111;
0000537f : 61336311;
00005380 : 10352261;
00005381 : 00000000;
00005382 : 16416a01;
00005383 : 11661166;
00005384 : 10362212;
00005385 : 00000000;
00005386 : 6a411414;
00005387 : 53114164;
00005388 : 00612232;
00005389 : 00000000;
0000538a : 41111111;
0000538b : 55551541;
0000538c : 00105655;
0000538d : 00000000;
0000538e : 11000000;
0000538f : 11111111;
00005390 : 00001111;
00005391 : 00000000;
00005392 : 00000000;
00005393 : 01000000;
00005394 : 00101111;
00005395 : 00000000;
00005396 : 00000000;
00005397 : 13111100;
00005398 : 10414434;
00005399 : 00000000;
0000539a : 00000000;
0000539b : 34a1aa01;
0000539c : 00666646;
0000539d : 00000000;
0000539e : 00000000;
0000539f : 4413aa01;
000053a0 : 00004466;
000053a1 : 00000000;
000053a2 : 00000000;
000053a3 : 4623a11a;
000053a4 : 00446466;
000053a5 : 00000000;
000053a6 : 00000000;
000053a7 : 4623a11a;
000053a8 : 00004464;
000053a9 : 00000000;
000053aa : 00000000;
000053ab : 4623a11a;
000053ac : 00004466;
000053ad : 00000000;
000053ae : 11111111;
000053af : 44341211;
000053b0 : 00000064;
000053b1 : 11000000;
000053b2 : 56333333;
000053b3 : 46311366;
000053b4 : 00104464;
000053b5 : 53010000;
000053b6 : 35333366;
000053b7 : 46146361;
000053b8 : 00314364;
000053b9 : 31160000;
000053ba : 35336311;
000053bb : 66146616;
000053bc : 10333344;
000053bd : 18660100;
000053be : 35331699;
000053bf : 64141661;
000053c0 : 31333344;
000053c1 : 18661600;
000053c2 : 36333691;
000053c3 : 66146146;
000053c4 : 31334344;
000053c5 : 36636601;
000053c6 : 36333366;
000053c7 : 46141666;
000053c8 : 31334466;
000053c9 : 33166116;
000053ca : 55333333;
000053cb : 66146661;
000053cc : 51333364;
000053cd : 33661114;
000053ce : 56223333;
000053cf : 66613316;
000053d0 : 51553364;
000053d1 : 63664414;
000053d2 : 56252231;
000053d3 : 14363313;
000053d4 : 51112544;
000053d5 : 61461114;
000053d6 : 11262212;
000053d7 : 61333333;
000053d8 : 51015143;
000053d9 : 16164411;
000053da : 33612222;
000053db : 36163333;
000053dc : 51012112;
000053dd : 66614401;
000053de : 13662262;
000053df : 33333133;
000053e0 : 10005115;
000053e1 : 61661600;
000053e2 : 11262211;
000053e3 : 22331313;
000053e4 : 00001012;
000053e5 : 10110100;
000053e6 : 33212201;
000053e7 : 33321333;
000053e8 : 00001015;
000053e9 : 00000000;
000053ea : 33211215;
000053eb : 33331215;
000053ec : 00005111;
000053ed : 01000000;
000053ee : 33135165;
000053ef : 35335211;
000053f0 : 00005155;
000053f1 : 01000000;
000053f2 : 51656166;
000053f3 : 5a335221;
000053f4 : 00005155;
000053f5 : 01000000;
000053f6 : 61551646;
000053f7 : 5a335221;
000053f8 : 00005115;
000053f9 : 01000000;
000053fa : 12661644;
000053fb : aa55a521;
000053fc : 00001015;
000053fd : 00000000;
000053fe : 11661411;
000053ff : a155a511;
00005400 : 00001065;
00005401 : 00000000;
00005402 : 1a641400;
00005403 : 1aaa11a1;
00005404 : 00001066;
00005405 : 00000000;
00005406 : 1a411100;
00005407 : aa1110aa;
00005408 : 00000011;
00005409 : 00000000;
0000540a : 01110100;
0000540b : 44011044;
0000540c : 00000041;
0000540d : 00000000;
0000540e : 01000000;
0000540f : 11011011;
00005410 : 00000011;
00005411 : 0000000b;
00005412 : 00000001;
00005413 : 1e2600c7;
00005414 : 1c4c150a;
00005415 : 004bf68b;
00005416 : 00000010;
00005417 : 00000010;
00005418 : c7c7c7c7;
00005419 : c7c7c7c7;
0000541a : c7c7c7c7;
0000541b : c7c7c7c7;
0000541c : c7c7c7c7;
0000541d : c744c7c7;
0000541e : c7c7c7c7;
0000541f : c7c7c7c7;
00005420 : c7c7c7c7;
00005421 : c7c7c7c7;
00005422 : c7c7c744;
00005423 : c7c7c7c7;
00005424 : c744c7c7;
00005425 : c7c7c7c7;
00005426 : 444444c7;
00005427 : c7c7c744;
00005428 : c7c7c7c7;
00005429 : 44c7c744;
0000542a : 4c4c4c44;
0000542b : c7c74c4c;
0000542c : c7c7c7c7;
0000542d : 4c4444c7;
0000542e : 4d4d4c4c;
0000542f : c74d4d4d;
00005430 : 44c7c7c7;
00005431 : 4d4c4c44;
00005432 : 9e9e4d4d;
00005433 : 4d9e9e9e;
00005434 : 4c444444;
00005435 : 9e4d4d4c;
00005436 : 9e9e9e9e;
00005437 : 4d9e9e9e;
00005438 : 44c7c7c7;
00005439 : 4d4c4c44;
0000543a : 9e9e4d4d;
0000543b : 4d9e9e9e;
0000543c : c744c7c7;
0000543d : 4c4444c7;
0000543e : 4d4d4c4c;
0000543f : c74d4d4d;
00005440 : c7c7c7c7;
00005441 : 44c7c7c7;
00005442 : 4c4c4c44;
00005443 : c7c74c4c;
00005444 : c7c744c7;
00005445 : c744c7c7;
00005446 : 444444c7;
00005447 : c7c7c744;
00005448 : c7c7c7c7;
00005449 : c7c7c7c7;
0000544a : c7c7c7c7;
0000544b : c7c7c7c7;
0000544c : c7c7c7c7;
0000544d : c7c7c7c7;
0000544e : c7c7c7c7;
0000544f : c7c7c7c7;
00005450 : c7c7c7c7;
00005451 : c7c7c744;
00005452 : c7c7c7c7;
00005453 : c7c7c7c7;
00005454 : c7c7c7c7;
00005455 : c7c7c7c7;
00005456 : c7c7c7c7;
00005457 : c7c7c7c7;
00005458 : 00000010;
00005459 : 00000010;
0000545a : 9a91c791;
0000545b : f5a3f5a3;
0000545c : a3a3f5f5;
0000545d : 91c7919a;
0000545e : 9a91c7c7;
0000545f : f5f5f5a3;
00005460 : f5a3a3f5;
00005461 : c7919aa3;
00005462 : a39a91c7;
00005463 : f5f5a39a;
00005464 : a3f5a3f5;
00005465 : c7c7919a;
00005466 : f5a39a91;
00005467 : f5a39aa3;
00005468 : a3f5f5f5;
00005469 : c7919aa3;
0000546a : a39a91c7;
0000546b : a39aa3f5;
0000546c : a3a3a3f5;
0000546d : 919aa3f5;
0000546e : a39a91c7;
0000546f : f5a3a3f5;
00005470 : f5a3a3f5;
00005471 : c7919aa3;
00005472 : a39a91c7;
00005473 : f5a3f5f5;
00005474 : f5a3a3a3;
00005475 : c7919aa3;
00005476 : 9a91c7c7;
00005477 : f5f5a3a3;
00005478 : a3f5a3f5;
00005479 : c7c7919a;
0000547a : 91c7c791;
0000547b : f5a39a9a;
0000547c : a3f5a3f5;
0000547d : c7c7919a;
0000547e : 91c791c7;
0000547f : f5a39a9a;
00005480 : 9aa3f5f5;
00005481 : 91c7919a;
00005482 : 9a91c7c7;
00005483 : f5f5a3a3;
00005484 : a3f5a3f5;
00005485 : c7919aa3;
00005486 : a39a91c7;
00005487 : f5a3a3f5;
00005488 : f5f5a3f5;
00005489 : c7919aa3;
0000548a : 9a91c791;
0000548b : f5a3f5a3;
0000548c : f5a3a3f5;
0000548d : c7919aa3;
0000548e : 9a91c7c7;
0000548f : f5a3f5a3;
00005490 : f5a3f5f5;
00005491 : 91919aa3;
00005492 : 91c7c7c7;
00005493 : f5f5a39a;
00005494 : f5f5a3f5;
00005495 : c7919aa3;
00005496 : 9a91c791;
00005497 : f5a3f5a3;
00005498 : a3a3f5f5;
00005499 : c7c7919a;
0000549a : 01b32628;
0000549b : 00000000;
0000549c : 01b3222f;
0000549d : 000001b3;
0000549e : 01b2283b;
0000549f : 00000366;
000054a0 : 087e243d;
000054a1 : 00000518;
000054a2 : 01b32228;
000054a3 : 00000d96;
000054a4 : 01b3232f;
000054a5 : 00000f49;
000054a6 : 01b3253b;
000054a7 : 000010fc;
000054a8 : 0518243d;
000054a9 : 000012af;
000054aa : 03662138;
000054ab : 000017c7;
000054ac : 01b21d28;
000054ad : 00001b2d;
000054ae : 01b31f2f;
000054af : 00001cdf;
000054b0 : 01b3233b;
000054b1 : 00001e92;
000054b2 : 087e203d;
000054b3 : 00002045;
000054b4 : 01b32328;
000054b5 : 000028c3;
000054b6 : 01b2222f;
000054b7 : 00002a76;
000054b8 : 01b3223b;
000054b9 : 00002c28;
000054ba : 0518213d;
000054bb : 00002ddb;
000054bc : 03661e38;
000054bd : 000032f3;
000054be : 01b31d28;
000054bf : 00003659;
000054c0 : 01b31e2f;
000054c1 : 0000380c;
000054c2 : 01b2193b;
000054c3 : 000039bf;
000054c4 : 01b22147;
000054c5 : 000039bf;
000054c6 : 087e2049;
000054c7 : 00003b71;
000054c8 : 087e1d3d;
000054c9 : 00003b71;
000054ca : 01b31d28;
000054cb : 000043ef;
000054cc : 01b31d2f;
000054cd : 000045a2;
000054ce : 01b32147;
000054cf : 00004755;
000054d0 : 01b3213b;
000054d1 : 00004755;
000054d2 : 0518203d;
000054d3 : 00004908;
000054d4 : 05182149;
000054d5 : 00004908;
000054d6 : 03661f38;
000054d7 : 00004e20;
000054d8 : 03661f44;
000054d9 : 00004e20;
000054da : 01b21f28;
000054db : 00005186;
000054dc : 01b31f2f;
000054dd : 00005338;
000054de : 01b32247;
000054df : 000054eb;
000054e0 : 01b31c3b;
000054e1 : 000054eb;
000054e2 : 087e214b;
000054e3 : 0000569e;
000054e4 : 087e203f;
000054e5 : 0000569e;
000054e6 : 01b31f28;
000054e7 : 00005f1c;
000054e8 : 01b21f2f;
000054e9 : 000060cf;
000054ea : 01b32247;
000054eb : 00006281;
000054ec : 01b31e3b;
000054ed : 00006281;
000054ee : 043f1f3d;
000054ef : 00006434;
000054f0 : 043f2049;
000054f1 : 00006434;
000054f2 : 01b21e44;
000054f3 : 0000694d;
000054f4 : 01b21c38;
000054f5 : 0000694d;
000054f6 : 00d92344;
000054f7 : 00006cb2;
000054f8 : 01b31d28;
000054f9 : 00006cb2;
000054fa : 00da2247;
000054fb : 00006d8b;
000054fc : 00d91e49;
000054fd : 00006e65;
000054fe : 01b31e2f;
000054ff : 00006e65;
00005500 : 00da214b;
00005501 : 00006f3e;
00005502 : 00d91f4c;
00005503 : 00007018;
00005504 : 01b2193b;
00005505 : 00007018;
00005506 : 01b22147;
00005507 : 00007018;
00005508 : 00d9244e;
00005509 : 000070f1;
0000550a : 087e264b;
0000550b : 000071ca;
0000550c : 087e2049;
0000550d : 000071ca;
0000550e : 087e1d3d;
0000550f : 000071ca;
00005510 : 01b31d28;
00005511 : 00007a48;
00005512 : 06cb2144;
00005513 : 00007a48;
00005514 : 01b31d2f;
00005515 : 00007bfb;
00005516 : 01b32147;
00005517 : 00007dae;
00005518 : 01b3213b;
00005519 : 00007dae;
0000551a : 0518203d;
0000551b : 00007f61;
0000551c : 05182149;
0000551d : 00007f61;
0000551e : 03661f38;
0000551f : 00008479;
00005520 : 03661f44;
00005521 : 00008479;
00005522 : 01b21f28;
00005523 : 000087df;
00005524 : 043f284b;
00005525 : 000087df;
00005526 : 01b31f2f;
00005527 : 00008991;
00005528 : 01b32247;
00005529 : 00008b44;
0000552a : 01b31c3b;
0000552b : 00008b44;
0000552c : 00d91b4c;
0000552d : 00008c1e;
0000552e : 00d9284e;
0000552f : 00008cf7;
00005530 : 087e203f;
00005531 : 00008cf7;
00005532 : 00da1d4c;
00005533 : 00008dd0;
00005534 : 00d9244b;
00005535 : 00008eaa;
00005536 : 00da1d4c;
00005537 : 00008f83;
00005538 : 00d91f4b;
00005539 : 0000905d;
0000553a : 00d91a49;
0000553b : 00009136;
0000553c : 00da1c47;
0000553d : 0000920f;
0000553e : 01b22140;
0000553f : 000092e9;
00005540 : 01b31f28;
00005541 : 00009575;
00005542 : 06cb2344;
00005543 : 00009575;
00005544 : 01b21f2f;
00005545 : 00009728;
00005546 : 01b32247;
00005547 : 000098da;
00005548 : 01b31e3b;
00005549 : 000098da;
0000554a : 043f1f3d;
0000554b : 00009a8d;
0000554c : 043f2049;
0000554d : 00009a8d;
0000554e : 01b21c38;
0000554f : 00009fa6;
00005550 : 01b21e44;
00005551 : 00009fa6;
00005552 : 00da2344;
00005553 : 0000a30b;
00005554 : 01b31d28;
00005555 : 0000a30b;
00005556 : 00d92247;
00005557 : 0000a3e5;
00005558 : 00d91e49;
00005559 : 0000a4be;
0000555a : 01b31e2f;
0000555b : 0000a4be;
0000555c : 00da214b;
0000555d : 0000a597;
0000555e : 00d91f4c;
0000555f : 0000a671;
00005560 : 01b2193b;
00005561 : 0000a671;
00005562 : 01b22147;
00005563 : 0000a671;
00005564 : 00d9244e;
00005565 : 0000a74a;
00005566 : 087e264b;
00005567 : 0000a823;
00005568 : 087e2049;
00005569 : 0000a823;
0000556a : 087e1d3d;
0000556b : 0000a823;
0000556c : 01b31d28;
0000556d : 0000b0a1;
0000556e : 06cc2144;
0000556f : 0000b0a1;
00005570 : 01b31d2f;
00005571 : 0000b254;
00005572 : 01b32147;
00005573 : 0000b407;
00005574 : 01b3213b;
00005575 : 0000b407;
00005576 : 0518203d;
00005577 : 0000b5ba;
00005578 : 05182149;
00005579 : 0000b5ba;
0000557a : 03661f38;
0000557b : 0000bad2;
0000557c : 03661f44;
0000557d : 0000bad2;
0000557e : 01b21f28;
0000557f : 0000be38;
00005580 : 043f284b;
00005581 : 0000be38;
00005582 : 01b31f2f;
00005583 : 0000bfea;
00005584 : 01b32247;
00005585 : 0000c19d;
00005586 : 01b31c3b;
00005587 : 0000c19d;
00005588 : 00d91b4c;
00005589 : 0000c277;
0000558a : 00d9284e;
0000558b : 0000c350;
0000558c : 087e203f;
0000558d : 0000c350;
0000558e : 00da1d4c;
0000558f : 0000c429;
00005590 : 00d9244b;
00005591 : 0000c503;
00005592 : 00da1d4c;
00005593 : 0000c5dc;
00005594 : 00d91f4b;
00005595 : 0000c6b6;
00005596 : 00d91a49;
00005597 : 0000c78f;
00005598 : 00da1c47;
00005599 : 0000c868;
0000559a : 01b32140;
0000559b : 0000c942;
0000559c : 01b31f28;
0000559d : 0000cbce;
0000559e : 06cb2344;
0000559f : 0000cbce;
000055a0 : 01b21f2f;
000055a1 : 0000cd81;
000055a2 : 01b32247;
000055a3 : 0000cf33;
000055a4 : 01b31e3b;
000055a5 : 0000cf33;
000055a6 : 043f1f3d;
000055a7 : 0000d0e6;
000055a8 : 043f2049;
000055a9 : 0000d0e6;
000055aa : 01b21e44;
000055ab : 0000d5ff;
000055ac : 01b21c38;
000055ad : 0000d5ff;
000055ae : 01b31d28;
000055af : 0000d964;
000055b0 : 06cb1e4c;
000055b1 : 0000d964;
000055b2 : 01b31e2f;
000055b3 : 0000db17;
000055b4 : 01b3193b;
000055b5 : 0000dcca;
000055b6 : 01b32147;
000055b7 : 0000dcca;
000055b8 : 087d2049;
000055b9 : 0000de7d;
000055ba : 087d1d3d;
000055bb : 0000de7d;
000055bc : 0a31234b;
000055bd : 0000e02f;
000055be : 01b31d28;
000055bf : 0000e6fa;
000055c0 : 01b31d2f;
000055c1 : 0000e8ad;
000055c2 : 01b32147;
000055c3 : 0000ea60;
000055c4 : 01b3213b;
000055c5 : 0000ea60;
000055c6 : 06cb214b;
000055c7 : 0000ea60;
000055c8 : 0518203d;
000055c9 : 0000ec13;
000055ca : 05182149;
000055cb : 0000ec13;
000055cc : 03661d47;
000055cd : 0000f12b;
000055ce : 03661f38;
000055cf : 0000f12b;
000055d0 : 03661f44;
000055d1 : 0000f12b;
000055d2 : 01b21f28;
000055d3 : 0000f491;
000055d4 : 01b31f2f;
000055d5 : 0000f643;
000055d6 : 01b32247;
000055d7 : 0000f7f6;
000055d8 : 01b31c3b;
000055d9 : 0000f7f6;
000055da : 01b3214b;
000055db : 0000f9a9;
000055dc : 087e203f;
000055dd : 0000f9a9;
000055de : 0a312149;
000055df : 0000fb5c;
000055e0 : 01b31f28;
000055e1 : 00010227;
000055e2 : 01b31f2f;
000055e3 : 000103da;
000055e4 : 01b22247;
000055e5 : 0001058d;
000055e6 : 01b21e3b;
000055e7 : 0001058d;
000055e8 : 043f1f3d;
000055e9 : 0001073f;
000055ea : 043f2049;
000055eb : 0001073f;
000055ec : 01b21e44;
000055ed : 00010c58;
000055ee : 01b21c38;
000055ef : 00010c58;
000055f0 : 01b31d28;
000055f1 : 00010fbd;
000055f2 : 06cb1e4c;
000055f3 : 00010fbd;
000055f4 : 01b31e2f;
000055f5 : 00011170;
000055f6 : 01b3193b;
000055f7 : 00011323;
000055f8 : 01b32147;
000055f9 : 00011323;
000055fa : 087d2049;
000055fb : 000114d6;
000055fc : 087d1d3d;
000055fd : 000114d6;
000055fe : 0a31234b;
000055ff : 00011688;
00005600 : 01b31d28;
00005601 : 00011d53;
00005602 : 01b31d2f;
00005603 : 00011f06;
00005604 : 01b32147;
00005605 : 000120b9;
00005606 : 01b3213b;
00005607 : 000120b9;
00005608 : 06cb214b;
00005609 : 000120b9;
0000560a : 0518203d;
0000560b : 0001226c;
0000560c : 05182149;
0000560d : 0001226c;
0000560e : 03661d47;
0000560f : 00012784;
00005610 : 03661f38;
00005611 : 00012784;
00005612 : 03661f44;
00005613 : 00012784;
00005614 : 01b31f28;
00005615 : 00012aea;
00005616 : 01b21f2f;
00005617 : 00012c9d;
00005618 : 01b32247;
00005619 : 00012e4f;
0000561a : 01b31c3b;
0000561b : 00012e4f;
0000561c : 01b3214b;
0000561d : 00013002;
0000561e : 087e203f;
0000561f : 00013002;
00005620 : 0a312149;
00005621 : 000131b5;
00005622 : 01b31f28;
00005623 : 00013880;
00005624 : 01b31f2f;
00005625 : 00013a33;
00005626 : 01b22247;
00005627 : 00013be6;
00005628 : 01b21e3b;
00005629 : 00013be6;
0000562a : 043f1f3d;
0000562b : 00013d98;
0000562c : 043f2049;
0000562d : 00013d98;
0000562e : 01b21c38;
0000562f : 000142b1;
00005630 : 01b21e44;
00005631 : 000142b1;
00005632 : 01b32340;
00005633 : 00014616;
00005634 : 01b31f34;
00005635 : 00014616;
00005636 : 01b31e31;
00005637 : 00014616;
00005638 : 028c294e;
00005639 : 00014616;
0000563a : 06cb3225;
0000563b : 00014616;
0000563c : 01b31f34;
0000563d : 000147c9;
0000563e : 00da2650;
0000563f : 000148a2;
00005640 : 00d9244e;
00005641 : 0001497c;
00005642 : 01b31f38;
00005643 : 0001497c;
00005644 : 00da224c;
00005645 : 00014a55;
00005646 : 01b21f3d;
00005647 : 00014b2f;
00005648 : 01b22153;
00005649 : 00014b2f;
0000564a : 01b22349;
0000564b : 00014b2f;
0000564c : 01b31f34;
0000564d : 00014ce1;
0000564e : 0519284e;
0000564f : 00014ce1;
00005650 : 06cb3228;
00005651 : 00014ce1;
00005652 : 06cb1e31;
00005653 : 00014ce1;
00005654 : 06cb213f;
00005655 : 00014ce1;
00005656 : 01b33234;
00005657 : 00014e94;
00005658 : 01b31f3b;
00005659 : 00015047;
0000565a : 01b21f34;
0000565b : 000151fa;
0000565c : 01b22853;
0000565d : 000151fa;
0000565e : 028d284e;
0000565f : 000153ac;
00005660 : 06cc3223;
00005661 : 000153ac;
00005662 : 06cc1c2f;
00005663 : 000153ac;
00005664 : 06cc1d33;
00005665 : 000153ac;
00005666 : 06cc233f;
00005667 : 000153ac;
00005668 : 01b31f3b;
00005669 : 0001555f;
0000566a : 028c264b;
0000566b : 00015639;
0000566c : 01b31f36;
0000566d : 00015712;
0000566e : 01b3264b;
0000566f : 000158c5;
00005670 : 01b21d3b;
00005671 : 00015a78;
00005672 : 028c2849;
00005673 : 00015a78;
00005674 : 03651b2f;
00005675 : 00015a78;
00005676 : 06cb321c;
00005677 : 00015a78;
00005678 : 01b31d34;
00005679 : 00015c2a;
0000567a : 00d92247;
0000567b : 00015d04;
0000567c : 028c2649;
0000567d : 00015ddd;
0000567e : 03662140;
0000567f : 00015ddd;
00005680 : 03661d34;
00005681 : 00015ddd;
00005682 : 00da1f47;
00005683 : 00016069;
00005684 : 028c294e;
00005685 : 00016143;
00005686 : 05181c2f;
00005687 : 00016143;
00005688 : 05181f33;
00005689 : 00016143;
0000568a : 0518243f;
0000568b : 00016143;
0000568c : 06cb3223;
0000568d : 00016143;
0000568e : 01b21d3b;
0000568f : 000162f6;
00005690 : 00d92650;
00005691 : 000163cf;
00005692 : 00da244e;
00005693 : 000164a8;
00005694 : 01b31d36;
00005695 : 000164a8;
00005696 : 00d9224c;
00005697 : 00016582;
00005698 : 01b32153;
00005699 : 0001665b;
0000569a : 01b31e3f;
0000569b : 0001665b;
0000569c : 01b31d33;
0000569d : 0001665b;
0000569e : 0518284e;
0000569f : 0001680e;
000056a0 : 06cb1d3f;
000056a1 : 0001680e;
000056a2 : 01b32853;
000056a3 : 00016d26;
000056a4 : 01b31c40;
000056a5 : 00016ed9;
000056a6 : 01b31931;
000056a7 : 00016ed9;
000056a8 : 028c284e;
000056a9 : 00016ed9;
000056aa : 06cb3225;
000056ab : 00016ed9;
000056ac : 01b31f34;
000056ad : 0001708c;
000056ae : 028c264b;
000056af : 00017165;
000056b0 : 01b21e38;
000056b1 : 0001723f;
000056b2 : 01b3264b;
000056b3 : 000173f1;
000056b4 : 01b3203d;
000056b5 : 000173f1;
000056b6 : 028c2949;
000056b7 : 000175a4;
000056b8 : 043f1e3d;
000056b9 : 000175a4;
000056ba : 05181c31;
000056bb : 000175a4;
000056bc : 00da1c47;
000056bd : 00017830;
000056be : 028c2549;
000056bf : 0001790a;
000056c0 : 03653225;
000056c1 : 0001790a;
000056c2 : 00d93247;
000056c3 : 00017b96;
000056c4 : 01b32340;
000056c5 : 00017c6f;
000056c6 : 01b31f34;
000056c7 : 00017c6f;
000056c8 : 01b31e31;
000056c9 : 00017c6f;
000056ca : 01b31f34;
000056cb : 00017e22;
000056cc : 01b31f38;
000056cd : 00017fd5;
000056ce : 01b21f3d;
000056cf : 00018188;
000056d0 : 06cc1e31;
000056d1 : 0001833a;
000056d2 : 06cc213f;
000056d3 : 0001833a;
000056d4 : 01b31f34;
000056d5 : 000184ed;
000056d6 : 01b31f3b;
000056d7 : 000186a0;
000056d8 : 01b31f34;
000056d9 : 00018853;
000056da : 06cb1c2f;
000056db : 00018a06;
000056dc : 06cb1d33;
000056dd : 00018a06;
000056de : 06cb233f;
000056df : 00018a06;
000056e0 : 01b31f3b;
000056e1 : 00018bb8;
000056e2 : 01b31f36;
000056e3 : 00018d6b;
000056e4 : 01b21d3b;
000056e5 : 000190d1;
000056e6 : 03651b2f;
000056e7 : 000190d1;
000056e8 : 01b31d34;
000056e9 : 00019283;
000056ea : 03662140;
000056eb : 00019436;
000056ec : 03661d34;
000056ed : 00019436;
000056ee : 05181c2f;
000056ef : 0001979c;
000056f0 : 05181f33;
000056f1 : 0001979c;
000056f2 : 0518243f;
000056f3 : 0001979c;
000056f4 : 01b21d3b;
000056f5 : 0001994f;
000056f6 : 01b31d36;
000056f7 : 00019b01;
000056f8 : 01b31e3f;
000056f9 : 00019cb4;
000056fa : 01b31d33;
000056fb : 00019cb4;
000056fc : 06cb1d3f;
000056fd : 00019e67;
000056fe : 06cb1d33;
000056ff : 00019e67;
00005700 : 01b31c40;
00005701 : 0001a532;
00005702 : 01b31931;
00005703 : 0001a532;
00005704 : 01b31f34;
00005705 : 0001a6e5;
00005706 : 01b21e38;
00005707 : 0001a898;
00005708 : 01b3203d;
00005709 : 0001aa4a;
0000570a : 043f1e3d;
0000570b : 0001abfd;
0000570c : 05191c31;
0000570d : 0001abfd;
0000570e : 01b32340;
0000570f : 0001b2c8;
00005710 : 01b31f34;
00005711 : 0001b2c8;
00005712 : 01b31e31;
00005713 : 0001b2c8;
00005714 : 028c294e;
00005715 : 0001b2c8;
00005716 : 01b31f34;
00005717 : 0001b47b;
00005718 : 01b31f3d;
00005719 : 0001b47b;
0000571a : 00da2650;
0000571b : 0001b554;
0000571c : 00d9244e;
0000571d : 0001b62e;
0000571e : 01b31f38;
0000571f : 0001b62e;
00005720 : 00da224c;
00005721 : 0001b707;
00005722 : 00d9234e;
00005723 : 0001b7e1;
00005724 : 01b21f3d;
00005725 : 0001b7e1;
00005726 : 00d92153;
00005727 : 0001b8ba;
00005728 : 0519284e;
00005729 : 0001b993;
0000572a : 06cc1e31;
0000572b : 0001b993;
0000572c : 06cc213f;
0000572d : 0001b993;
0000572e : 01b31f34;
0000572f : 0001bb46;
00005730 : 01b31f3b;
00005731 : 0001bcf9;
00005732 : 01b31f34;
00005733 : 0001beac;
00005734 : 01b32853;
00005735 : 0001beac;
00005736 : 028c284e;
00005737 : 0001c05f;
00005738 : 06cb1c2f;
00005739 : 0001c05f;
0000573a : 06cb1d33;
0000573b : 0001c05f;
0000573c : 06cb233f;
0000573d : 0001c05f;
0000573e : 01b31f3b;
0000573f : 0001c211;
00005740 : 028c264b;
00005741 : 0001c2eb;
00005742 : 01b31f36;
00005743 : 0001c3c4;
00005744 : 01b3264b;
00005745 : 0001c577;
00005746 : 01b21d3b;
00005747 : 0001c72a;
00005748 : 028c2849;
00005749 : 0001c72a;
0000574a : 03651b2f;
0000574b : 0001c72a;
0000574c : 01b31d34;
0000574d : 0001c8dc;
0000574e : 00d92247;
0000574f : 0001c9b6;
00005750 : 028c2649;
00005751 : 0001ca8f;
00005752 : 03662140;
00005753 : 0001ca8f;
00005754 : 03661d34;
00005755 : 0001ca8f;
00005756 : 00da1f47;
00005757 : 0001cd1b;
00005758 : 028c284e;
00005759 : 0001cdf5;
0000575a : 05181c2f;
0000575b : 0001cdf5;
0000575c : 05181f33;
0000575d : 0001cdf5;
0000575e : 0518243f;
0000575f : 0001cdf5;
00005760 : 01b21d3b;
00005761 : 0001cfa8;
00005762 : 00d92450;
00005763 : 0001d081;
00005764 : 00da234e;
00005765 : 0001d15a;
00005766 : 01b31d36;
00005767 : 0001d15a;
00005768 : 00d9234c;
00005769 : 0001d234;
0000576a : 00da244e;
0000576b : 0001d30d;
0000576c : 01b31e3f;
0000576d : 0001d30d;
0000576e : 01b31d33;
0000576f : 0001d30d;
00005770 : 00d92453;
00005771 : 0001d3e7;
00005772 : 0518284e;
00005773 : 0001d4c0;
00005774 : 06cb1d3f;
00005775 : 0001d4c0;
00005776 : 06cb1d33;
00005777 : 0001d4c0;
00005778 : 01b32853;
00005779 : 0001d9d8;
0000577a : 01b31c40;
0000577b : 0001db8b;
0000577c : 01b31931;
0000577d : 0001db8b;
0000577e : 028c284e;
0000577f : 0001db8b;
00005780 : 01b31f34;
00005781 : 0001dd3e;
00005782 : 028c264c;
00005783 : 0001de17;
00005784 : 01b21e38;
00005785 : 0001def1;
00005786 : 01b3203d;
00005787 : 0001e0a3;
00005788 : 01b3264b;
00005789 : 0001e0a3;
0000578a : 028c2949;
0000578b : 0001e256;
0000578c : 043f1e3d;
0000578d : 0001e256;
0000578e : 05191c31;
0000578f : 0001e256;
00005790 : 00da1c47;
00005791 : 0001e4e2;
00005792 : 028c2549;
00005793 : 0001e5bc;
00005794 : 00da2344;
00005795 : 0001e921;
00005796 : 01b31d28;
00005797 : 0001e921;
00005798 : 00d92247;
00005799 : 0001e9fb;
0000579a : 00da1e49;
0000579b : 0001ead4;
0000579c : 01b31e2f;
0000579d : 0001ead4;
0000579e : 00d9214b;
0000579f : 0001ebae;
000057a0 : 00d91f4c;
000057a1 : 0001ec87;
000057a2 : 01b3193b;
000057a3 : 0001ec87;
000057a4 : 01b32147;
000057a5 : 0001ec87;
000057a6 : 00da244e;
000057a7 : 0001ed60;
000057a8 : 087e2049;
000057a9 : 0001ee3a;
000057aa : 087e1d3d;
000057ab : 0001ee3a;
000057ac : 087e264b;
000057ad : 0001ee3a;
000057ae : 01b21d28;
000057af : 0001f6b8;
000057b0 : 06cb2144;
000057b1 : 0001f6b8;
000057b2 : 01b31d2f;
000057b3 : 0001f86a;
000057b4 : 01b32147;
000057b5 : 0001fa1d;
000057b6 : 01b3213b;
000057b7 : 0001fa1d;
000057b8 : 0518203d;
000057b9 : 0001fbd0;
000057ba : 05182149;
000057bb : 0001fbd0;
000057bc : 03661f38;
000057bd : 000200e8;
000057be : 03661f44;
000057bf : 000200e8;
000057c0 : 01b31f28;
000057c1 : 0002044e;
000057c2 : 043f284b;
000057c3 : 0002044e;
000057c4 : 01b21f2f;
000057c5 : 00020601;
000057c6 : 01b32247;
000057c7 : 000207b3;
000057c8 : 01b31c3b;
000057c9 : 000207b3;
000057ca : 00d91b4c;
000057cb : 0002088d;
000057cc : 00da284e;
000057cd : 00020966;
000057ce : 087e203f;
000057cf : 00020966;
000057d0 : 00d91d4c;
000057d1 : 00020a40;
000057d2 : 00d9244b;
000057d3 : 00020b19;
000057d4 : 00da1d4c;
000057d5 : 00020bf2;
000057d6 : 00d91f4b;
000057d7 : 00020ccc;
000057d8 : 00da1a49;
000057d9 : 00020da5;
000057da : 00d91c47;
000057db : 00020e7f;
000057dc : 01b32140;
000057dd : 00020f58;
000057de : 01b31f28;
000057df : 000211e4;
000057e0 : 06cb2344;
000057e1 : 000211e4;
000057e2 : 01b31f2f;
000057e3 : 00021397;
000057e4 : 01b22247;
000057e5 : 0002154a;
000057e6 : 01b21e3b;
000057e7 : 0002154a;
000057e8 : 043f1f3d;
000057e9 : 000216fc;
000057ea : 043f2049;
000057eb : 000216fc;
000057ec : 01b31e44;
000057ed : 00021c15;
000057ee : 01b31c38;
000057ef : 00021c15;
000057f0 : 00da2344;
000057f1 : 00021f7a;
000057f2 : 01b31d28;
000057f3 : 00021f7a;
000057f4 : 00d92247;
000057f5 : 00022054;
000057f6 : 00da1e49;
000057f7 : 0002212d;
000057f8 : 01b31e2f;
000057f9 : 0002212d;
000057fa : 00d9214b;
000057fb : 00022207;
000057fc : 00d91f4c;
000057fd : 000222e0;
000057fe : 01b3193b;
000057ff : 000222e0;
00005800 : 01b32147;
00005801 : 000222e0;
00005802 : 00da244e;
00005803 : 000223b9;
00005804 : 087e264b;
00005805 : 00022493;
00005806 : 087e2049;
00005807 : 00022493;
00005808 : 087e1d3d;
00005809 : 00022493;
0000580a : 01b21d28;
0000580b : 00022d11;
0000580c : 06cb2144;
0000580d : 00022d11;
0000580e : 01b31d2f;
0000580f : 00022ec3;
00005810 : 01b32147;
00005811 : 00023076;
00005812 : 01b3213b;
00005813 : 00023076;
00005814 : 0518203d;
00005815 : 00023229;
00005816 : 05182149;
00005817 : 00023229;
00005818 : 03661f38;
00005819 : 00023741;
0000581a : 03661f44;
0000581b : 00023741;
0000581c : 01b31f28;
0000581d : 00023aa7;
0000581e : 043f284b;
0000581f : 00023aa7;
00005820 : 01b21f2f;
00005821 : 00023c5a;
00005822 : 01b32247;
00005823 : 00023e0c;
00005824 : 01b31c3b;
00005825 : 00023e0c;
00005826 : 00d91b4c;
00005827 : 00023ee6;
00005828 : 00da284e;
00005829 : 00023fbf;
0000582a : 087e203f;
0000582b : 00023fbf;
0000582c : 00d91d4c;
0000582d : 00024099;
0000582e : 00d9244b;
0000582f : 00024172;
00005830 : 00da1d4c;
00005831 : 0002424b;
00005832 : 00d91f4b;
00005833 : 00024325;
00005834 : 00da1a49;
00005835 : 000243fe;
00005836 : 00d91c47;
00005837 : 000244d8;
00005838 : 01b32140;
00005839 : 000245b1;
0000583a : 01b31f28;
0000583b : 0002483d;
0000583c : 06cb2344;
0000583d : 0002483d;
0000583e : 01b31f2f;
0000583f : 000249f0;
00005840 : 01b32247;
00005841 : 00024ba3;
00005842 : 01b31e3b;
00005843 : 00024ba3;
00005844 : 043e1f3d;
00005845 : 00024d56;
00005846 : 043e2049;
00005847 : 00024d56;
00005848 : 01b31c38;
00005849 : 0002526e;
0000584a : 01b31e44;
0000584b : 0002526e;
0000584c : 01b31d28;
0000584d : 000255d3;
0000584e : 06cc1e4c;
0000584f : 000255d3;
00005850 : 01b31e2f;
00005851 : 00025786;
00005852 : 01b3193b;
00005853 : 00025939;
00005854 : 01b32147;
00005855 : 00025939;
00005856 : 087e2049;
00005857 : 00025aec;
00005858 : 087e1d3d;
00005859 : 00025aec;
0000585a : 0a30234b;
0000585b : 00025c9f;
0000585c : 01b21d28;
0000585d : 0002636a;
0000585e : 01b31d2f;
0000585f : 0002651c;
00005860 : 01b32147;
00005861 : 000266cf;
00005862 : 01b3213b;
00005863 : 000266cf;
00005864 : 06cb214b;
00005865 : 000266cf;
00005866 : 0518203d;
00005867 : 00026882;
00005868 : 05182149;
00005869 : 00026882;
0000586a : 03661d47;
0000586b : 00026d9a;
0000586c : 03661f38;
0000586d : 00026d9a;
0000586e : 03661f44;
0000586f : 00026d9a;
00005870 : 01b31f28;
00005871 : 00027100;
00005872 : 01b31f2f;
00005873 : 000272b3;
00005874 : 01b22247;
00005875 : 00027466;
00005876 : 01b21c3b;
00005877 : 00027466;
00005878 : 01b3214b;
00005879 : 00027618;
0000587a : 087e203f;
0000587b : 00027618;
0000587c : 0a312149;
0000587d : 000277cb;
0000587e : 01b31f28;
0000587f : 00027e96;
00005880 : 01b31f2f;
00005881 : 00028049;
00005882 : 01b32247;
00005883 : 000281fc;
00005884 : 01b31e3b;
00005885 : 000281fc;
00005886 : 043f1f3d;
00005887 : 000283af;
00005888 : 043f2049;
00005889 : 000283af;
0000588a : 01b31c38;
0000588b : 000288c7;
0000588c : 01b31e44;
0000588d : 000288c7;
0000588e : 01b31d28;
0000588f : 00028c2c;
00005890 : 06cc1e4c;
00005891 : 00028c2c;
00005892 : 01b31e2f;
00005893 : 00028ddf;
00005894 : 01b3193b;
00005895 : 00028f92;
00005896 : 01b32147;
00005897 : 00028f92;
00005898 : 087e2049;
00005899 : 00029145;
0000589a : 087e1d3d;
0000589b : 00029145;
0000589c : 0a30234b;
0000589d : 000292f8;
0000589e : 01b31d28;
0000589f : 000299c3;
000058a0 : 01b21d2f;
000058a1 : 00029b76;
000058a2 : 01b32147;
000058a3 : 00029d28;
000058a4 : 01b3213b;
000058a5 : 00029d28;
000058a6 : 06cb214b;
000058a7 : 00029d28;
000058a8 : 0518203d;
000058a9 : 00029edb;
000058aa : 05182149;
000058ab : 00029edb;
000058ac : 03661d47;
000058ad : 0002a3f3;
000058ae : 03661f38;
000058af : 0002a3f3;
000058b0 : 03661f44;
000058b1 : 0002a3f3;
000058b2 : 01b31f28;
000058b3 : 0002a759;
000058b4 : 01b31f2f;
000058b5 : 0002a90c;
000058b6 : 01b22247;
000058b7 : 0002aabf;
000058b8 : 01b21c3b;
000058b9 : 0002aabf;
000058ba : 01b3214b;
000058bb : 0002ac71;
000058bc : 087e203f;
000058bd : 0002ac71;
000058be : 0a312149;
000058bf : 0002ae24;
000058c0 : 01b31f28;
000058c1 : 0002b4ef;
000058c2 : 01b31f2f;
000058c3 : 0002b6a2;
000058c4 : 01b32247;
000058c5 : 0002b855;
000058c6 : 01b31e3b;
000058c7 : 0002b855;
000058c8 : 043f1f3d;
000058c9 : 0002ba08;
000058ca : 043f2049;
000058cb : 0002ba08;
000058cc : 01b31e44;
000058cd : 0002bf20;
000058ce : 01b31c38;
000058cf : 0002bf20;
000058d0 : 01b22340;
000058d1 : 0002c286;
000058d2 : 01b21f34;
000058d3 : 0002c286;
000058d4 : 01b21e31;
000058d5 : 0002c286;
000058d6 : 028c294e;
000058d7 : 0002c286;
000058d8 : 01b31f34;
000058d9 : 0002c438;
000058da : 01b31f3d;
000058db : 0002c438;
000058dc : 00d92650;
000058dd : 0002c512;
000058de : 00d9244e;
000058df : 0002c5eb;
000058e0 : 01b31f38;
000058e1 : 0002c5eb;
000058e2 : 00da224c;
000058e3 : 0002c6c4;
000058e4 : 00d9234e;
000058e5 : 0002c79e;
000058e6 : 01b31f3d;
000058e7 : 0002c79e;
000058e8 : 00da2153;
000058e9 : 0002c877;
000058ea : 0518284e;
000058eb : 0002c951;
000058ec : 06cb1e31;
000058ed : 0002c951;
000058ee : 06cb213f;
000058ef : 0002c951;
000058f0 : 01b31f34;
000058f1 : 0002cb03;
000058f2 : 01b31f3b;
000058f3 : 0002ccb6;
000058f4 : 01b31f34;
000058f5 : 0002ce69;
000058f6 : 01b32853;
000058f7 : 0002ce69;
000058f8 : 028c284e;
000058f9 : 0002d01c;
000058fa : 06cb1c2f;
000058fb : 0002d01c;
000058fc : 06cb1d33;
000058fd : 0002d01c;
000058fe : 06cb233f;
000058ff : 0002d01c;
00005900 : 01b21f3b;
00005901 : 0002d1cf;
00005902 : 028c264b;
00005903 : 0002d2a8;
00005904 : 01b31f36;
00005905 : 0002d381;
00005906 : 01b3264b;
00005907 : 0002d534;
00005908 : 01b31d3b;
00005909 : 0002d6e7;
0000590a : 028c2849;
0000590b : 0002d6e7;
0000590c : 03651b2f;
0000590d : 0002d6e7;
0000590e : 01b21d34;
0000590f : 0002d89a;
00005910 : 00d92247;
00005911 : 0002d973;
00005912 : 028d2649;
00005913 : 0002da4c;
00005914 : 03662140;
00005915 : 0002da4c;
00005916 : 03661d34;
00005917 : 0002da4c;
00005918 : 00d91f47;
00005919 : 0002dcd9;
0000591a : 028c284e;
0000591b : 0002ddb2;
0000591c : 05181c2f;
0000591d : 0002ddb2;
0000591e : 05181f33;
0000591f : 0002ddb2;
00005920 : 0518243f;
00005921 : 0002ddb2;
00005922 : 01b31d3b;
00005923 : 0002df65;
00005924 : 00da2450;
00005925 : 0002e03e;
00005926 : 00d9234e;
00005927 : 0002e118;
00005928 : 01b21d36;
00005929 : 0002e118;
0000592a : 00d9234c;
0000592b : 0002e1f1;
0000592c : 00da244e;
0000592d : 0002e2ca;
0000592e : 01b31e3f;
0000592f : 0002e2ca;
00005930 : 01b31d33;
00005931 : 0002e2ca;
00005932 : 00d92453;
00005933 : 0002e3a4;
00005934 : 0519284e;
00005935 : 0002e47d;
00005936 : 06cb1d3f;
00005937 : 0002e47d;
00005938 : 06cb1d33;
00005939 : 0002e47d;
0000593a : 01b22853;
0000593b : 0002e996;
0000593c : 01b31c40;
0000593d : 0002eb48;
0000593e : 01b31931;
0000593f : 0002eb48;
00005940 : 028c284e;
00005941 : 0002eb48;
00005942 : 01b31f34;
00005943 : 0002ecfb;
00005944 : 028d264c;
00005945 : 0002edd4;
00005946 : 01b31e38;
00005947 : 0002eeae;
00005948 : 01b2203d;
00005949 : 0002f061;
0000594a : 01b2264b;
0000594b : 0002f061;
0000594c : 028d2949;
0000594d : 0002f213;
0000594e : 043f1e3d;
0000594f : 0002f213;
00005950 : 05191c31;
00005951 : 0002f213;
00005952 : 00d91c47;
00005953 : 0002f4a0;
00005954 : 028c2549;
00005955 : 0002f579;
00005956 : 01b22340;
00005957 : 0002f8df;
00005958 : 01b21f34;
00005959 : 0002f8df;
0000595a : 01b21e31;
0000595b : 0002f8df;
0000595c : 028c294e;
0000595d : 0002f8df;
0000595e : 01b31f34;
0000595f : 0002fa91;
00005960 : 01b31f3d;
00005961 : 0002fa91;
00005962 : 00d92650;
00005963 : 0002fb6b;
00005964 : 00da244e;
00005965 : 0002fc44;
00005966 : 01b31f38;
00005967 : 0002fc44;
00005968 : 00d9224c;
00005969 : 0002fd1e;
0000596a : 00d9234e;
0000596b : 0002fdf7;
0000596c : 01b31f3d;
0000596d : 0002fdf7;
0000596e : 00da2153;
0000596f : 0002fed0;
00005970 : 0518284e;
00005971 : 0002ffaa;
00005972 : 06cb1e31;
00005973 : 0002ffaa;
00005974 : 06cb213f;
00005975 : 0002ffaa;
00005976 : 01b31f34;
00005977 : 0003015c;
00005978 : 01b31f3b;
00005979 : 0003030f;
0000597a : 01b31f34;
0000597b : 000304c2;
0000597c : 01b32853;
0000597d : 000304c2;
0000597e : 028c284e;
0000597f : 00030675;
00005980 : 06cb1c2f;
00005981 : 00030675;
00005982 : 06cb1d33;
00005983 : 00030675;
00005984 : 06cb233f;
00005985 : 00030675;
00005986 : 01b21f3b;
00005987 : 00030828;
00005988 : 028c264b;
00005989 : 00030901;
0000598a : 01b31f36;
0000598b : 000309da;
0000598c : 01b3264b;
0000598d : 00030b8d;
0000598e : 01b31d3b;
0000598f : 00030d40;
00005990 : 028c2849;
00005991 : 00030d40;
00005992 : 03661b2f;
00005993 : 00030d40;
00005994 : 01b31d34;
00005995 : 00030ef3;
00005996 : 00da2247;
00005997 : 00030fcc;
00005998 : 028c2649;
00005999 : 000310a6;
0000599a : 03652140;
0000599b : 000310a6;
0000599c : 03651d34;
0000599d : 000310a6;
0000599e : 00d91f47;
0000599f : 00031332;
000059a0 : 028c284e;
000059a1 : 0003140b;
000059a2 : 05181c2f;
000059a3 : 0003140b;
000059a4 : 05181f33;
000059a5 : 0003140b;
000059a6 : 0518243f;
000059a7 : 0003140b;
000059a8 : 01b31d3b;
000059a9 : 000315be;
000059aa : 00da2450;
000059ab : 00031697;
000059ac : 00d9234e;
000059ad : 00031771;
000059ae : 01b21d36;
000059af : 00031771;
000059b0 : 00d9234c;
000059b1 : 0003184a;
000059b2 : 00da244e;
000059b3 : 00031923;
000059b4 : 01b31e3f;
000059b5 : 00031923;
000059b6 : 01b31d33;
000059b7 : 00031923;
000059b8 : 00d92453;
000059b9 : 000319fd;
000059ba : 0519284e;
000059bb : 00031ad6;
000059bc : 06cb1d3f;
000059bd : 00031ad6;
000059be : 06cb1d33;
000059bf : 00031ad6;
000059c0 : 01b22853;
000059c1 : 00031fef;
000059c2 : 01b31c40;
000059c3 : 000321a1;
000059c4 : 01b31931;
000059c5 : 000321a1;
000059c6 : 028d284e;
000059c7 : 000321a1;
000059c8 : 01b31f34;
000059c9 : 00032354;
000059ca : 028c264c;
000059cb : 0003242e;
000059cc : 01b31e38;
000059cd : 00032507;
000059ce : 01b2203d;
000059cf : 000326ba;
000059d0 : 01b2264b;
000059d1 : 000326ba;
000059d2 : 028d2949;
000059d3 : 0003286c;
000059d4 : 043f1e3d;
000059d5 : 0003286c;
000059d6 : 05191c31;
000059d7 : 0003286c;
000059d8 : 00d91c47;
000059d9 : 00032af9;
000059da : 028c2549;
000059db : 00032bd2;
000059dc : 00000000;
000059dd : 00000000;
000059de : 007d3220;
000059df : 00000005;
000059e0 : 007d3227;
000059e1 : 00000092;
000059e2 : 007d322c;
000059e3 : 0000010b;
000059e4 : 007d3227;
000059e5 : 00000185;
000059e6 : 007d3220;
000059e7 : 00000204;
000059e8 : 007d3227;
000059e9 : 00000282;
000059ea : 007d322c;
000059eb : 000002fa;
000059ec : 007d3227;
000059ed : 00000373;
000059ee : 007d3220;
000059ef : 000003f2;
000059f0 : 007d3227;
000059f1 : 00000473;
000059f2 : 007d322c;
000059f3 : 000004eb;
000059f4 : 007d3227;
000059f5 : 00000564;
000059f6 : 007d3220;
000059f7 : 000005e3;
000059f8 : 007d3227;
000059f9 : 00000660;
000059fa : 007d322c;
000059fb : 000006d9;
000059fc : 007d3227;
000059fd : 00000752;
000059fe : 007d3223;
000059ff : 000007d3;
00005a00 : 007d322a;
00005a01 : 00000861;
00005a02 : 007d322f;
00005a03 : 000008da;
00005a04 : 007d322a;
00005a05 : 00000954;
00005a06 : 007d3223;
00005a07 : 000009d2;
00005a08 : 007d322a;
00005a09 : 00000a51;
00005a0a : 007d322f;
00005a0b : 00000ac8;
00005a0c : 007d322a;
00005a0d : 00000b42;
00005a0e : 00fa321e;
00005a0f : 00000bc1;
00005a10 : 00fa321e;
00005a11 : 00000db1;
00005a12 : 0177324e;
00005a13 : 00000db1;
00005a14 : 01773242;
00005a15 : 00000db1;
00005a16 : 00fa322a;
00005a17 : 00000ea7;
00005a18 : 007d3220;
00005a19 : 00000fa1;
00005a1a : 01f3324e;
00005a1b : 00000fa1;
00005a1c : 01f33242;
00005a1d : 00000fa1;
00005a1e : 007d3227;
00005a1f : 0000102f;
00005a20 : 007d322c;
00005a21 : 000010a8;
00005a22 : 007d3227;
00005a23 : 00001123;
00005a24 : 007d3220;
00005a25 : 000011a1;
00005a26 : 0177324e;
00005a27 : 000011a1;
00005a28 : 01773242;
00005a29 : 000011a1;
00005a2a : 007d3227;
00005a2b : 0000121f;
00005a2c : 007d322c;
00005a2d : 00001297;
00005a2e : 007d3227;
00005a2f : 00001310;
00005a30 : 007d324e;
00005a31 : 0000134d;
00005a32 : 007d3220;
00005a33 : 00001390;
00005a34 : 01f43249;
00005a35 : 00001390;
00005a36 : 007d3227;
00005a37 : 00001411;
00005a38 : 007d322c;
00005a39 : 00001489;
00005a3a : 007d3227;
00005a3b : 00001502;
00005a3c : 007d3220;
00005a3d : 00001580;
00005a3e : 007d3227;
00005a3f : 000015fd;
00005a40 : 007d322c;
00005a41 : 00001676;
00005a42 : 007d3227;
00005a43 : 000016ef;
00005a44 : 0004324b;
00005a45 : 00001770;
00005a46 : 0004323f;
00005a47 : 00001770;
00005a48 : 007d3223;
00005a49 : 00001770;
00005a4a : 007d322a;
00005a4b : 000017fe;
00005a4c : 007d322f;
00005a4d : 00001877;
00005a4e : 007d322a;
00005a4f : 000018f1;
00005a50 : 007d3223;
00005a51 : 00001970;
00005a52 : 01773249;
00005a53 : 00001970;
00005a54 : 0177323d;
00005a55 : 00001970;
00005a56 : 007d322a;
00005a57 : 000019ee;
00005a58 : 007d322f;
00005a59 : 00001a66;
00005a5a : 007d322a;
00005a5b : 00001adf;
00005a5c : 007d3247;
00005a5d : 00001b1c;
00005a5e : 00fa321e;
00005a5f : 00001b5f;
00005a60 : 01f43249;
00005a61 : 00001b5f;
00005a62 : 01f4323d;
00005a63 : 00001b5f;
00005a64 : 00fa321e;
00005a65 : 00001d4f;
00005a66 : 00fa322a;
00005a67 : 00001e45;
00005a68 : 0004324b;
00005a69 : 00001f3f;
00005a6a : 0004323f;
00005a6b : 00001f3f;
00005a6c : 007d3220;
00005a6d : 00001f3f;
00005a6e : 007d3227;
00005a6f : 00001fcd;
00005a70 : 007d322c;
00005a71 : 00002046;
00005a72 : 007d3227;
00005a73 : 000020c0;
00005a74 : 007d3220;
00005a75 : 0000213e;
00005a76 : 01773249;
00005a77 : 0000213e;
00005a78 : 0177323d;
00005a79 : 0000213e;
00005a7a : 007d3227;
00005a7b : 000021bd;
00005a7c : 007d322c;
00005a7d : 00002235;
00005a7e : 007d3227;
00005a7f : 000022ae;
00005a80 : 007d3247;
00005a81 : 000022eb;
00005a82 : 007d3220;
00005a83 : 0000232d;
00005a84 : 01f43249;
00005a85 : 0000232d;
00005a86 : 01f4323d;
00005a87 : 0000232d;
00005a88 : 007d3227;
00005a89 : 000023ae;
00005a8a : 007d322c;
00005a8b : 00002426;
00005a8c : 007d3227;
00005a8d : 0000249f;
00005a8e : 007d3220;
00005a8f : 0000251d;
00005a90 : 01f4324b;
00005a91 : 0000251d;
00005a92 : 01f4323f;
00005a93 : 0000251d;
00005a94 : 007d3227;
00005a95 : 0000259a;
00005a96 : 007d322c;
00005a97 : 00002613;
00005a98 : 007d3227;
00005a99 : 0000268c;
00005a9a : 007d3223;
00005a9b : 0000270d;
00005a9c : 0177323b;
00005a9d : 0000270d;
00005a9e : 01f43247;
00005a9f : 0000270d;
00005aa0 : 007d322a;
00005aa1 : 0000279b;
00005aa2 : 00fc322f;
00005aa3 : 00002814;
00005aa4 : 007d322a;
00005aa5 : 00002890;
00005aa6 : 007d3223;
00005aa7 : 0000290e;
00005aa8 : 007d322a;
00005aa9 : 0000298d;
00005aaa : 007d322f;
00005aab : 00002a05;
00005aac : 007d322a;
00005aad : 00002a7e;
00005aae : 00053249;
00005aaf : 00002afd;
00005ab0 : 0005323d;
00005ab1 : 00002afd;
00005ab2 : 00fa321e;
00005ab3 : 00002afd;
00005ab4 : 00fa321e;
00005ab5 : 00002ced;
00005ab6 : 0177324b;
00005ab7 : 00002ced;
00005ab8 : 0177323f;
00005ab9 : 00002ced;
00005aba : 00fa322a;
00005abb : 00002de3;
00005abc : 007d3220;
00005abd : 00002edd;
00005abe : 01f3324e;
00005abf : 00002edd;
00005ac0 : 01f33242;
00005ac1 : 00002edd;
00005ac2 : 007d3227;
00005ac3 : 00002f6b;
00005ac4 : 007d322c;
00005ac5 : 00002fe4;
00005ac6 : 007d3227;
00005ac7 : 0000305f;
00005ac8 : 007d3220;
00005ac9 : 000030dd;
00005aca : 0177324e;
00005acb : 000030dd;
00005acc : 01773242;
00005acd : 000030dd;
00005ace : 007d3227;
00005acf : 0000315b;
00005ad0 : 007d322c;
00005ad1 : 000031d3;
00005ad2 : 007d3227;
00005ad3 : 0000324c;
00005ad4 : 007d324e;
00005ad5 : 0000328a;
00005ad6 : 007d3220;
00005ad7 : 000032cc;
00005ad8 : 01f43249;
00005ad9 : 000032cc;
00005ada : 007d3227;
00005adb : 0000334d;
00005adc : 007d322c;
00005add : 000033c5;
00005ade : 007d3227;
00005adf : 0000343e;
00005ae0 : 007d3220;
00005ae1 : 000034bc;
00005ae2 : 007d3227;
00005ae3 : 00003539;
00005ae4 : 007d322c;
00005ae5 : 000035b2;
00005ae6 : 007d3227;
00005ae7 : 0000362b;
00005ae8 : 0004324b;
00005ae9 : 000036ac;
00005aea : 0004323f;
00005aeb : 000036ac;
00005aec : 007d3223;
00005aed : 000036ac;
00005aee : 007d322a;
00005aef : 0000373a;
00005af0 : 007d322f;
00005af1 : 000037b3;
00005af2 : 007d322a;
00005af3 : 0000382e;
00005af4 : 007d3223;
00005af5 : 000038ac;
00005af6 : 01773249;
00005af7 : 000038ac;
00005af8 : 0177323d;
00005af9 : 000038ac;
00005afa : 007d322a;
00005afb : 0000392a;
00005afc : 007d322f;
00005afd : 000039a2;
00005afe : 007d322a;
00005aff : 00003a1b;
00005b00 : 007d3247;
00005b01 : 00003a58;
00005b02 : 00fa321e;
00005b03 : 00003a9b;
00005b04 : 01f43249;
00005b05 : 00003a9b;
00005b06 : 01f4323d;
00005b07 : 00003a9b;
00005b08 : 00fa321e;
00005b09 : 00003c8b;
00005b0a : 00fa322a;
00005b0b : 00003d81;
00005b0c : 0004324b;
00005b0d : 00003e7b;
00005b0e : 0004323f;
00005b0f : 00003e7b;
00005b10 : 007d3220;
00005b11 : 00003e7b;
00005b12 : 007d3227;
00005b13 : 00003f09;
00005b14 : 007d322c;
00005b15 : 00003f82;
00005b16 : 007d3227;
00005b17 : 00003ffc;
00005b18 : 007d3220;
00005b19 : 0000407b;
00005b1a : 01773249;
00005b1b : 0000407b;
00005b1c : 0177323d;
00005b1d : 0000407b;
00005b1e : 007d3227;
00005b1f : 000040f9;
00005b20 : 007d322c;
00005b21 : 00004171;
00005b22 : 007d3227;
00005b23 : 000041ea;
00005b24 : 007d3247;
00005b25 : 00004227;
00005b26 : 007d3220;
00005b27 : 00004269;
00005b28 : 01f43249;
00005b29 : 00004269;
00005b2a : 01f4323d;
00005b2b : 00004269;
00005b2c : 007d3227;
00005b2d : 000042ea;
00005b2e : 007d322c;
00005b2f : 00004362;
00005b30 : 007d3227;
00005b31 : 000043db;
00005b32 : 007d3220;
00005b33 : 00004459;
00005b34 : 01f4324b;
00005b35 : 00004459;
00005b36 : 01f4323f;
00005b37 : 00004459;
00005b38 : 007d3227;
00005b39 : 000044d6;
00005b3a : 007d322c;
00005b3b : 0000454f;
00005b3c : 007d3227;
00005b3d : 000045c9;
00005b3e : 007d3223;
00005b3f : 00004649;
00005b40 : 0177323b;
00005b41 : 00004649;
00005b42 : 01f43247;
00005b43 : 00004649;
00005b44 : 007d322a;
00005b45 : 000046d7;
00005b46 : 00fb322f;
00005b47 : 00004751;
00005b48 : 007d322a;
00005b49 : 000047cc;
00005b4a : 007d3223;
00005b4b : 0000484b;
00005b4c : 007d322a;
00005b4d : 000048c9;
00005b4e : 007d322f;
00005b4f : 00004941;
00005b50 : 007d322a;
00005b51 : 000049ba;
00005b52 : 00063249;
00005b53 : 00004a39;
00005b54 : 0006323d;
00005b55 : 00004a39;
00005b56 : 00fa321e;
00005b57 : 00004a39;
00005b58 : 00fa321e;
00005b59 : 00004c29;
00005b5a : 00fa323f;
00005b5b : 00004d1f;
00005b5c : 00fa322a;
00005b5d : 00004d1f;
00005b5e : 0004324b;
00005b5f : 00004e19;
00005b60 : 0004323f;
00005b61 : 00004e19;
00005b62 : 00fa3220;
00005b63 : 00004e19;
00005b64 : 007d3227;
00005b65 : 00004f22;
00005b66 : 007d322c;
00005b67 : 00004f9c;
00005b68 : 00fa3220;
00005b69 : 0000501b;
00005b6a : 007d3227;
00005b6b : 00005111;
00005b6c : 00fa3242;
00005b6d : 00005111;
00005b6e : 00fa324e;
00005b6f : 00005111;
00005b70 : 007d322c;
00005b71 : 0000518a;
00005b72 : 00fa3220;
00005b73 : 00005209;
00005b74 : 02ee323d;
00005b75 : 00005209;
00005b76 : 02ee3249;
00005b77 : 00005209;
00005b78 : 007d3227;
00005b79 : 00005302;
00005b7a : 007d322c;
00005b7b : 0000537b;
00005b7c : 00fa3220;
00005b7d : 000053f9;
00005b7e : 007d3227;
00005b7f : 000054ef;
00005b80 : 00fa323b;
00005b81 : 000054ef;
00005b82 : 00fa3247;
00005b83 : 000054ef;
00005b84 : 007d322c;
00005b85 : 00005569;
00005b86 : 00fa3220;
00005b87 : 000055e9;
00005b88 : 01f4323b;
00005b89 : 000055e9;
00005b8a : 01f43247;
00005b8b : 000055e9;
00005b8c : 007d3227;
00005b8d : 000056f2;
00005b8e : 007d322c;
00005b8f : 0000576c;
00005b90 : 00fa3220;
00005b91 : 000057eb;
00005b92 : 0177323d;
00005b93 : 000057eb;
00005b94 : 01773249;
00005b95 : 000057eb;
00005b96 : 007d3227;
00005b97 : 000058e1;
00005b98 : 007d323b;
00005b99 : 0000595a;
00005b9a : 007d322c;
00005b9b : 0000595a;
00005b9c : 007d3247;
00005b9d : 0000595a;
00005b9e : 00fa323d;
00005b9f : 000059d9;
00005ba0 : 00fa3220;
00005ba1 : 000059d9;
00005ba2 : 00fa3249;
00005ba3 : 000059d9;
00005ba4 : 007d3227;
00005ba5 : 00005ad2;
00005ba6 : 00fa323f;
00005ba7 : 00005ad2;
00005ba8 : 00fa324b;
00005ba9 : 00005ad2;
00005baa : 007d322c;
00005bab : 00005b4b;
00005bac : 00fa3220;
00005bad : 00005bc9;
00005bae : 007d3227;
00005baf : 00005cbf;
00005bb0 : 007d322c;
00005bb1 : 00005d39;
00005bb2 : 00fa3220;
00005bb3 : 00005db9;
00005bb4 : 01f4323b;
00005bb5 : 00005db9;
00005bb6 : 01f43247;
00005bb7 : 00005db9;
00005bb8 : 007d3227;
00005bb9 : 00005ec2;
00005bba : 007d322c;
00005bbb : 00005f3c;
00005bbc : 00fa3220;
00005bbd : 00005fbb;
00005bbe : 01f4323b;
00005bbf : 00005fbb;
00005bc0 : 01f43247;
00005bc1 : 00005fbb;
00005bc2 : 007d3227;
00005bc3 : 000060b1;
00005bc4 : 007d322c;
00005bc5 : 0000612a;
00005bc6 : 00fa3220;
00005bc7 : 000061a9;
00005bc8 : 0177323d;
00005bc9 : 000061a9;
00005bca : 01773249;
00005bcb : 000061a9;
00005bcc : 007d3227;
00005bcd : 000062a2;
00005bce : 007d323b;
00005bcf : 0000631b;
00005bd0 : 007d322c;
00005bd1 : 0000631b;
00005bd2 : 007d3247;
00005bd3 : 0000631b;
00005bd4 : 00fa3220;
00005bd5 : 00006399;
00005bd6 : 01f43238;
00005bd7 : 00006399;
00005bd8 : 01f43244;
00005bd9 : 00006399;
00005bda : 007d3227;
00005bdb : 0000648f;
00005bdc : 007d322c;
00005bdd : 00006509;
00005bde : 00fa3220;
00005bdf : 00006589;
00005be0 : 01f4323b;
00005be1 : 00006589;
00005be2 : 01f43247;
00005be3 : 00006589;
00005be4 : 007d3227;
00005be5 : 00006692;
00005be6 : 007d322c;
00005be7 : 0000670c;
00005be8 : 00fa3220;
00005be9 : 0000678b;
00005bea : 0177323d;
00005beb : 0000678b;
00005bec : 01773249;
00005bed : 0000678b;
00005bee : 007d3227;
00005bef : 00006881;
00005bf0 : 007d323b;
00005bf1 : 000068fa;
00005bf2 : 007d322c;
00005bf3 : 000068fa;
00005bf4 : 007d3247;
00005bf5 : 000068fa;
00005bf6 : 00fa323d;
00005bf7 : 00006979;
00005bf8 : 00fa3220;
00005bf9 : 00006979;
00005bfa : 00fa3249;
00005bfb : 00006979;
00005bfc : 007d3227;
00005bfd : 00006a72;
00005bfe : 00fa323f;
00005bff : 00006a72;
00005c00 : 00fa324b;
00005c01 : 00006a72;
00005c02 : 007d322c;
00005c03 : 00006aeb;
00005c04 : 00fa321e;
00005c05 : 00006b69;
00005c06 : 00fa323f;
00005c07 : 00006c5f;
00005c08 : 00fa324b;
00005c09 : 00006c5f;
00005c0a : 00fa322a;
00005c0b : 00006c5f;
00005c0c : 00fa3220;
00005c0d : 00006d59;
00005c0e : 02ee323f;
00005c0f : 00006d59;
00005c10 : 02ee324b;
00005c11 : 00006d59;
00005c12 : 007d3227;
00005c13 : 00006e62;
00005c14 : 007d322c;
00005c15 : 00006edc;
00005c16 : 00fa3220;
00005c17 : 00006f5b;
00005c18 : 007d3227;
00005c19 : 00007051;
00005c1a : 00fa3242;
00005c1b : 00007051;
00005c1c : 00fa324e;
00005c1d : 00007051;
00005c1e : 007d322c;
00005c1f : 000070ca;
00005c20 : 00fa3220;
00005c21 : 00007149;
00005c22 : 02ee323d;
00005c23 : 00007149;
00005c24 : 02ee3249;
00005c25 : 00007149;
00005c26 : 007d3227;
00005c27 : 00007242;
00005c28 : 007d322c;
00005c29 : 000072bb;
00005c2a : 00fa3220;
00005c2b : 00007339;
00005c2c : 007d3227;
00005c2d : 0000742f;
00005c2e : 00fa323b;
00005c2f : 0000742f;
00005c30 : 00fa3247;
00005c31 : 0000742f;
00005c32 : 007d322c;
00005c33 : 000074a9;
00005c34 : 00fa3220;
00005c35 : 00007529;
00005c36 : 01f4323b;
00005c37 : 00007529;
00005c38 : 01f43247;
00005c39 : 00007529;
00005c3a : 007d3227;
00005c3b : 00007632;
00005c3c : 007d322c;
00005c3d : 000076ac;
00005c3e : 00fa3220;
00005c3f : 0000772b;
00005c40 : 0177323d;
00005c41 : 0000772b;
00005c42 : 01773249;
00005c43 : 0000772b;
00005c44 : 007d3227;
00005c45 : 00007821;
00005c46 : 007d323b;
00005c47 : 0000789a;
00005c48 : 007d322c;
00005c49 : 0000789a;
00005c4a : 007d3247;
00005c4b : 0000789a;
00005c4c : 00fa323d;
00005c4d : 00007919;
00005c4e : 00fa3220;
00005c4f : 00007919;
00005c50 : 00fa3249;
00005c51 : 00007919;
00005c52 : 007d3227;
00005c53 : 00007a12;
00005c54 : 00fa323f;
00005c55 : 00007a12;
00005c56 : 00fa324b;
00005c57 : 00007a12;
00005c58 : 007d322c;
00005c59 : 00007a8b;
00005c5a : 00fa3220;
00005c5b : 00007b09;
00005c5c : 007d3227;
00005c5d : 00007bff;
00005c5e : 007d322c;
00005c5f : 00007c79;
00005c60 : 00fa3220;
00005c61 : 00007cf9;
00005c62 : 01f4323b;
00005c63 : 00007cf9;
00005c64 : 01f43247;
00005c65 : 00007cf9;
00005c66 : 007d3227;
00005c67 : 00007e02;
00005c68 : 007d322c;
00005c69 : 00007e7c;
00005c6a : 00fa3220;
00005c6b : 00007efb;
00005c6c : 01f4323b;
00005c6d : 00007efb;
00005c6e : 01f43247;
00005c6f : 00007efb;
00005c70 : 007d3227;
00005c71 : 00007ff1;
00005c72 : 007d322c;
00005c73 : 0000806a;
00005c74 : 00fa3220;
00005c75 : 000080e9;
00005c76 : 0177323d;
00005c77 : 000080e9;
00005c78 : 01773249;
00005c79 : 000080e9;
00005c7a : 007d3227;
00005c7b : 000081e2;
00005c7c : 007d323b;
00005c7d : 0000825b;
00005c7e : 007d322c;
00005c7f : 0000825b;
00005c80 : 007d3247;
00005c81 : 0000825b;
00005c82 : 00fa3220;
00005c83 : 000082d9;
00005c84 : 01f43244;
00005c85 : 000082d9;
00005c86 : 007d3227;
00005c87 : 000083cf;
00005c88 : 00073238;
00005c89 : 00008449;
00005c8a : 007d322c;
00005c8b : 00008449;
00005c8c : 00fa3220;
00005c8d : 000084c9;
00005c8e : 01f4323b;
00005c8f : 000084c9;
00005c90 : 01f43247;
00005c91 : 000084c9;
00005c92 : 007d3227;
00005c93 : 000085d2;
00005c94 : 007d322c;
00005c95 : 0000864c;
00005c96 : 00fa3220;
00005c97 : 000086cb;
00005c98 : 0177323d;
00005c99 : 000086cb;
00005c9a : 01773249;
00005c9b : 000086cb;
00005c9c : 007d3227;
00005c9d : 000087c1;
00005c9e : 007d323b;
00005c9f : 0000883a;
00005ca0 : 007d322c;
00005ca1 : 0000883a;
00005ca2 : 007d3247;
00005ca3 : 0000883a;
00005ca4 : 00fa3238;
00005ca5 : 000088b9;
00005ca6 : 00fa3220;
00005ca7 : 000088b9;
00005ca8 : 00fa3244;
00005ca9 : 000088b9;
00005caa : 007d3227;
00005cab : 000089b2;
00005cac : 007d322c;
00005cad : 00008a2b;
00005cae : 00fa3220;
00005caf : 00008aa9;
00005cb0 : 007d3227;
00005cb1 : 00008b9f;
00005cb2 : 007d322c;
00005cb3 : 00008c19;
00005cb4 : 007d3223;
00005cb5 : 00008c99;
00005cb6 : 01f3323f;
00005cb7 : 00008c99;
00005cb8 : 01f3324b;
00005cb9 : 00008c99;
00005cba : 01f33242;
00005cbb : 00008c99;
00005cbc : 007d322a;
00005cbd : 00008d27;
00005cbe : 007d322f;
00005cbf : 00008da1;
00005cc0 : 007d322a;
00005cc1 : 00008e1b;
00005cc2 : 007d3223;
00005cc3 : 00008e99;
00005cc4 : 03e83242;
00005cc5 : 00008e99;
00005cc6 : 03e8324e;
00005cc7 : 00008e99;
00005cc8 : 007d322a;
00005cc9 : 00008f18;
00005cca : 007d322f;
00005ccb : 00008f8f;
00005ccc : 007d322a;
00005ccd : 00009008;
00005cce : 007d3223;
00005ccf : 00009088;
00005cd0 : 007d322a;
00005cd1 : 00009109;
00005cd2 : 007d322f;
00005cd3 : 00009181;
00005cd4 : 007d322a;
00005cd5 : 000091fa;
00005cd6 : 0009324b;
00005cd7 : 00009278;
00005cd8 : 007d3223;
00005cd9 : 00009278;
00005cda : 01f43244;
00005cdb : 00009278;
00005cdc : 01f43250;
00005cdd : 00009278;
00005cde : 007d322a;
00005cdf : 000092f5;
00005ce0 : 007d322f;
00005ce1 : 0000936e;
00005ce2 : 007d322a;
00005ce3 : 000093e7;
00005ce4 : 007d321e;
00005ce5 : 00009468;
00005ce6 : 03e7323d;
00005ce7 : 00009468;
00005ce8 : 03e73249;
00005ce9 : 00009468;
00005cea : 03e73246;
00005ceb : 00009468;
00005cec : 007d3225;
00005ced : 000094f6;
00005cee : 007d322a;
00005cef : 0000956f;
00005cf0 : 007d3225;
00005cf1 : 000095ea;
00005cf2 : 007d321e;
00005cf3 : 00009668;
00005cf4 : 007d3225;
00005cf5 : 000096e6;
00005cf6 : 007d322a;
00005cf7 : 0000975e;
00005cf8 : 007d3225;
00005cf9 : 000097d7;
00005cfa : 007d321e;
00005cfb : 00009857;
00005cfc : 01f4323d;
00005cfd : 00009857;
00005cfe : 01f43249;
00005cff : 00009857;
00005d00 : 007d3225;
00005d01 : 000098d8;
00005d02 : 007d322a;
00005d03 : 0000994f;
00005d04 : 007d3225;
00005d05 : 000099c8;
00005d06 : 00043246;
00005d07 : 00009a47;
00005d08 : 007d321e;
00005d09 : 00009a47;
00005d0a : 01f4324b;
00005d0b : 00009a47;
00005d0c : 007d3225;
00005d0d : 00009ac4;
00005d0e : 007d322a;
00005d0f : 00009b3d;
00005d10 : 007d3225;
00005d11 : 00009bb6;
00005d12 : 0004323f;
00005d13 : 00009c37;
00005d14 : 007d3220;
00005d15 : 00009c37;
00005d16 : 03e73238;
00005d17 : 00009c37;
00005d18 : 03e73244;
00005d19 : 00009c37;
00005d1a : 007d3227;
00005d1b : 00009cc5;
00005d1c : 007d322c;
00005d1d : 00009d3e;
00005d1e : 007d3227;
00005d1f : 00009db8;
00005d20 : 007d3220;
00005d21 : 00009e37;
00005d22 : 007d3227;
00005d23 : 00009eb5;
00005d24 : 007d322c;
00005d25 : 00009f2d;
00005d26 : 007d3227;
00005d27 : 00009fa6;
00005d28 : 007d3220;
00005d29 : 0000a025;
00005d2a : 007d3227;
00005d2b : 0000a0a6;
00005d2c : 007d322c;
00005d2d : 0000a11e;
00005d2e : 007d3227;
00005d2f : 0000a197;
00005d30 : 0004323d;
00005d31 : 0000a215;
00005d32 : 00043249;
00005d33 : 0000a215;
00005d34 : 00043244;
00005d35 : 0000a215;
00005d36 : 007d3220;
00005d37 : 0000a215;
00005d38 : 007d3227;
00005d39 : 0000a292;
00005d3a : 007d322c;
00005d3b : 0000a30c;
00005d3c : 007d3227;
00005d3d : 0000a385;
00005d3e : 0003323d;
00005d3f : 0000a406;
00005d40 : 00033249;
00005d41 : 0000a406;
00005d42 : 00033244;
00005d43 : 0000a406;
00005d44 : 007d3223;
00005d45 : 0000a406;
00005d46 : 007d322a;
00005d47 : 0000a494;
00005d48 : 007d322f;
00005d49 : 0000a50d;
00005d4a : 007d322a;
00005d4b : 0000a587;
00005d4c : 007d3223;
00005d4d : 0000a605;
00005d4e : 007d322a;
00005d4f : 0000a684;
00005d50 : 007d322f;
00005d51 : 0000a6fb;
00005d52 : 00fa323b;
00005d53 : 0000a6fb;
00005d54 : 00fa3247;
00005d55 : 0000a6fb;
00005d56 : 007d322a;
00005d57 : 0000a774;
00005d58 : 007d3223;
00005d59 : 0000a7f4;
00005d5a : 01f4323d;
00005d5b : 0000a7f4;
00005d5c : 01f43249;
00005d5d : 0000a7f4;
00005d5e : 01f43244;
00005d5f : 0000a7f4;
00005d60 : 007d322a;
00005d61 : 0000a875;
00005d62 : 007d322f;
00005d63 : 0000a8ed;
00005d64 : 007d322a;
00005d65 : 0000a966;
00005d66 : 007d3223;
00005d67 : 0000a9e4;
00005d68 : 007d322a;
00005d69 : 0000aa61;
00005d6a : 007d322f;
00005d6b : 0000aada;
00005d6c : 007d322a;
00005d6d : 0000ab53;
00005d6e : 0004323f;
00005d6f : 0000abd4;
00005d70 : 0004324b;
00005d71 : 0000abd4;
00005d72 : 007d3223;
00005d73 : 0000abd4;
00005d74 : 01f33242;
00005d75 : 0000abd4;
00005d76 : 007d322a;
00005d77 : 0000ac62;
00005d78 : 007d322f;
00005d79 : 0000acdb;
00005d7a : 007d322a;
00005d7b : 0000ad56;
00005d7c : 007d3223;
00005d7d : 0000add4;
00005d7e : 03e83242;
00005d7f : 0000add4;
00005d80 : 03e8324e;
00005d81 : 0000add4;
00005d82 : 007d322a;
00005d83 : 0000ae52;
00005d84 : 007d322f;
00005d85 : 0000aeca;
00005d86 : 007d322a;
00005d87 : 0000af43;
00005d88 : 007d3223;
00005d89 : 0000afc3;
00005d8a : 007d322a;
00005d8b : 0000b044;
00005d8c : 007d322f;
00005d8d : 0000b0bb;
00005d8e : 007d322a;
00005d8f : 0000b135;
00005d90 : 0009324b;
00005d91 : 0000b1b3;
00005d92 : 007d3223;
00005d93 : 0000b1b3;
00005d94 : 01f43244;
00005d95 : 0000b1b3;
00005d96 : 01f43250;
00005d97 : 0000b1b3;
00005d98 : 007d322a;
00005d99 : 0000b230;
00005d9a : 007d322f;
00005d9b : 0000b2a9;
00005d9c : 007d322a;
00005d9d : 0000b322;
00005d9e : 007d321e;
00005d9f : 0000b3a3;
00005da0 : 03e7323d;
00005da1 : 0000b3a3;
00005da2 : 03e73249;
00005da3 : 0000b3a3;
00005da4 : 03e73246;
00005da5 : 0000b3a3;
00005da6 : 007d3225;
00005da7 : 0000b431;
00005da8 : 007d322a;
00005da9 : 0000b4aa;
00005daa : 007d3225;
00005dab : 0000b524;
00005dac : 007d321e;
00005dad : 0000b5a3;
00005dae : 007d3225;
00005daf : 0000b621;
00005db0 : 007d322a;
00005db1 : 0000b699;
00005db2 : 007d3225;
00005db3 : 0000b712;
00005db4 : 007d321e;
00005db5 : 0000b791;
00005db6 : 01f4323d;
00005db7 : 0000b791;
00005db8 : 01f43249;
00005db9 : 0000b791;
00005dba : 007d3225;
00005dbb : 0000b812;
00005dbc : 007d322a;
00005dbd : 0000b88a;
00005dbe : 007d3225;
00005dbf : 0000b903;
00005dc0 : 00033246;
00005dc1 : 0000b982;
00005dc2 : 007d321e;
00005dc3 : 0000b982;
00005dc4 : 01f4323f;
00005dc5 : 0000b982;
00005dc6 : 01f4324b;
00005dc7 : 0000b982;
00005dc8 : 007d3225;
00005dc9 : 0000b9ff;
00005dca : 007d322a;
00005dcb : 0000ba78;
00005dcc : 007d3225;
00005dcd : 0000baf1;
00005dce : 007d3219;
00005dcf : 0000bb72;
00005dd0 : 03e63238;
00005dd1 : 0000bb72;
00005dd2 : 03e63244;
00005dd3 : 0000bb72;
00005dd4 : 03e6323d;
00005dd5 : 0000bb72;
00005dd6 : 007d3220;
00005dd7 : 0000bc00;
00005dd8 : 007d3225;
00005dd9 : 0000bc79;
00005dda : 007d3220;
00005ddb : 0000bcf3;
00005ddc : 007d3219;
00005ddd : 0000bd71;
00005dde : 007d3220;
00005ddf : 0000bdf0;
00005de0 : 007d3225;
00005de1 : 0000be67;
00005de2 : 007d3220;
00005de3 : 0000bee1;
00005de4 : 007d3219;
00005de5 : 0000bf60;
00005de6 : 007d3220;
00005de7 : 0000bfe1;
00005de8 : 007d3225;
00005de9 : 0000c059;
00005dea : 007d3220;
00005deb : 0000c0d2;
00005dec : 0004323d;
00005ded : 0000c150;
00005dee : 00043249;
00005def : 0000c150;
00005df0 : 00043244;
00005df1 : 0000c150;
00005df2 : 007d3219;
00005df3 : 0000c150;
00005df4 : 007d3220;
00005df5 : 0000c1cd;
00005df6 : 007d3225;
00005df7 : 0000c246;
00005df8 : 007d3220;
00005df9 : 0000c2bf;
00005dfa : 007d3223;
00005dfb : 0000c340;
00005dfc : 01f3323f;
00005dfd : 0000c340;
00005dfe : 01f3324b;
00005dff : 0000c340;
00005e00 : 01f33247;
00005e01 : 0000c340;
00005e02 : 007d322a;
00005e03 : 0000c3ce;
00005e04 : 007d322f;
00005e05 : 0000c447;
00005e06 : 007d322a;
00005e07 : 0000c4c2;
00005e08 : 007d3223;
00005e09 : 0000c540;
00005e0a : 0177323f;
00005e0b : 0000c540;
00005e0c : 0177324b;
00005e0d : 0000c540;
00005e0e : 01773247;
00005e0f : 0000c540;
00005e10 : 007d322a;
00005e11 : 0000c5be;
00005e12 : 007d322f;
00005e13 : 0000c636;
00005e14 : 007d323d;
00005e15 : 0000c6af;
00005e16 : 007d322a;
00005e17 : 0000c6af;
00005e18 : 007d3249;
00005e19 : 0000c6af;
00005e1a : 007d3223;
00005e1b : 0000c72f;
00005e1c : 007d322a;
00005e1d : 0000c7b0;
00005e1e : 007d322f;
00005e1f : 0000c828;
00005e20 : 007d322a;
00005e21 : 0000c8a1;
00005e22 : 0004323f;
00005e23 : 0000c91f;
00005e24 : 0004324b;
00005e25 : 0000c91f;
00005e26 : 00043247;
00005e27 : 0000c91f;
00005e28 : 007d3223;
00005e29 : 0000c91f;
00005e2a : 007d322a;
00005e2b : 0000c99c;
00005e2c : 0004323f;
00005e2d : 0000ca15;
00005e2e : 007d322f;
00005e2f : 0000ca15;
00005e30 : 007d322a;
00005e31 : 0000ca8e;
00005e32 : 0004324b;
00005e33 : 0000cb0f;
00005e34 : 00043247;
00005e35 : 0000cb0f;
00005e36 : 00fa3220;
00005e37 : 0000cb0f;
00005e38 : 02ee323f;
00005e39 : 0000cb0f;
00005e3a : 007d3227;
00005e3b : 0000cc17;
00005e3c : 007d322c;
00005e3d : 0000cc92;
00005e3e : 00fa3220;
00005e3f : 0000cd10;
00005e40 : 007d3227;
00005e41 : 0000ce06;
00005e42 : 00fa3242;
00005e43 : 0000ce06;
00005e44 : 00fa324e;
00005e45 : 0000ce06;
00005e46 : 007d322c;
00005e47 : 0000ce7f;
00005e48 : 00fa3220;
00005e49 : 0000ceff;
00005e4a : 02ee323d;
00005e4b : 0000ceff;
00005e4c : 02ee3249;
00005e4d : 0000ceff;
00005e4e : 02ee3244;
00005e4f : 0000ceff;
00005e50 : 007d3227;
00005e51 : 0000cff8;
00005e52 : 007d322c;
00005e53 : 0000d071;
00005e54 : 00fa3220;
00005e55 : 0000d0ef;
00005e56 : 007d3227;
00005e57 : 0000d1e5;
00005e58 : 00fa323b;
00005e59 : 0000d1e5;
00005e5a : 00fa3247;
00005e5b : 0000d1e5;
00005e5c : 007d322c;
00005e5d : 0000d25e;
00005e5e : 00fa3220;
00005e5f : 0000d2df;
00005e60 : 01f4323b;
00005e61 : 0000d2df;
00005e62 : 01f43247;
00005e63 : 0000d2df;
00005e64 : 01f43244;
00005e65 : 0000d2df;
00005e66 : 007d3227;
00005e67 : 0000d3e7;
00005e68 : 007d322c;
00005e69 : 0000d462;
00005e6a : 00fa3220;
00005e6b : 0000d4e0;
00005e6c : 0177323d;
00005e6d : 0000d4e0;
00005e6e : 01773249;
00005e6f : 0000d4e0;
00005e70 : 01773244;
00005e71 : 0000d4e0;
00005e72 : 007d3227;
00005e73 : 0000d5d6;
00005e74 : 007d323b;
00005e75 : 0000d64f;
00005e76 : 007d322c;
00005e77 : 0000d64f;
00005e78 : 007d3247;
00005e79 : 0000d64f;
00005e7a : 00fa323d;
00005e7b : 0000d6cf;
00005e7c : 00fa3249;
00005e7d : 0000d6cf;
00005e7e : 00fa3220;
00005e7f : 0000d6cf;
00005e80 : 00fa3244;
00005e81 : 0000d6cf;
00005e82 : 007d3227;
00005e83 : 0000d7c8;
00005e84 : 00fa323f;
00005e85 : 0000d7c8;
00005e86 : 00fa324b;
00005e87 : 0000d7c8;
00005e88 : 00fa3247;
00005e89 : 0000d7c8;
00005e8a : 007d322c;
00005e8b : 0000d841;
00005e8c : 00fa3220;
00005e8d : 0000d8bf;
00005e8e : 007d3227;
00005e8f : 0000d9b5;
00005e90 : 007d322c;
00005e91 : 0000da2e;
00005e92 : 00fa3220;
00005e93 : 0000daaf;
00005e94 : 01f4323b;
00005e95 : 0000daaf;
00005e96 : 01f43247;
00005e97 : 0000daaf;
00005e98 : 01f43244;
00005e99 : 0000daaf;
00005e9a : 007d3227;
00005e9b : 0000dbb7;
00005e9c : 007d322c;
00005e9d : 0000dc32;
00005e9e : 00fa3220;
00005e9f : 0000dcb0;
00005ea0 : 01f4323b;
00005ea1 : 0000dcb0;
00005ea2 : 01f43247;
00005ea3 : 0000dcb0;
00005ea4 : 007d3227;
00005ea5 : 0000dda6;
00005ea6 : 007d322c;
00005ea7 : 0000de1f;
00005ea8 : 00053244;
00005ea9 : 0000de9f;
00005eaa : 00fa3220;
00005eab : 0000de9f;
00005eac : 0177323d;
00005ead : 0000de9f;
00005eae : 01773249;
00005eaf : 0000de9f;
00005eb0 : 007d3227;
00005eb1 : 0000df98;
00005eb2 : 007d323b;
00005eb3 : 0000e011;
00005eb4 : 007d322c;
00005eb5 : 0000e011;
00005eb6 : 007d3247;
00005eb7 : 0000e011;
00005eb8 : 00fa3220;
00005eb9 : 0000e08f;
00005eba : 0177323f;
00005ebb : 0000e08f;
00005ebc : 007d3227;
00005ebd : 0000e185;
00005ebe : 00083238;
00005ebf : 0000e1fe;
00005ec0 : 00083244;
00005ec1 : 0000e1fe;
00005ec2 : 007d322c;
00005ec3 : 0000e1fe;
00005ec4 : 00fa3220;
00005ec5 : 0000e27f;
00005ec6 : 01f4323b;
00005ec7 : 0000e27f;
00005ec8 : 01f43247;
00005ec9 : 0000e27f;
00005eca : 01f43244;
00005ecb : 0000e27f;
00005ecc : 007d3227;
00005ecd : 0000e387;
00005ece : 007d322c;
00005ecf : 0000e402;
00005ed0 : 00fa3220;
00005ed1 : 0000e480;
00005ed2 : 0177323d;
00005ed3 : 0000e480;
00005ed4 : 01773249;
00005ed5 : 0000e480;
00005ed6 : 01773244;
00005ed7 : 0000e480;
00005ed8 : 007d3227;
00005ed9 : 0000e576;
00005eda : 007d323b;
00005edb : 0000e5ef;
00005edc : 007d322c;
00005edd : 0000e5ef;
00005ede : 007d3247;
00005edf : 0000e5ef;
00005ee0 : 00fa3238;
00005ee1 : 0000e66f;
00005ee2 : 00fa3244;
00005ee3 : 0000e66f;
00005ee4 : 00fa3220;
00005ee5 : 0000e66f;
00005ee6 : 00fa323f;
00005ee7 : 0000e66f;
00005ee8 : 0177324e;
00005ee9 : 0000e85f;
00005eea : 007d3220;
00005eeb : 0000ea4f;
00005eec : 01f3324e;
00005eed : 0000ea4f;
00005eee : 01f33242;
00005eef : 0000ea4f;
00005ef0 : 007d3227;
00005ef1 : 0000eadd;
00005ef2 : 007d322c;
00005ef3 : 0000eb56;
00005ef4 : 007d3227;
00005ef5 : 0000ebd0;
00005ef6 : 007d3220;
00005ef7 : 0000ec4f;
00005ef8 : 0177324e;
00005ef9 : 0000ec4f;
00005efa : 01773242;
00005efb : 0000ec4f;
00005efc : 007d3227;
00005efd : 0000eccd;
00005efe : 007d322c;
00005eff : 0000ed45;
00005f00 : 007d3227;
00005f01 : 0000edbe;
00005f02 : 007d324e;
00005f03 : 0000edfb;
00005f04 : 007d3220;
00005f05 : 0000ee3e;
00005f06 : 01f43249;
00005f07 : 0000ee3e;
00005f08 : 007d3227;
00005f09 : 0000eebe;
00005f0a : 007d322c;
00005f0b : 0000ef36;
00005f0c : 007d3227;
00005f0d : 0000efaf;
00005f0e : 007d3220;
00005f0f : 0000f02e;
00005f10 : 007d3227;
00005f11 : 0000f0ab;
00005f12 : 007d322c;
00005f13 : 0000f124;
00005f14 : 007d3227;
00005f15 : 0000f19d;
00005f16 : 0004324b;
00005f17 : 0000f21e;
00005f18 : 0004323f;
00005f19 : 0000f21e;
00005f1a : 007d3223;
00005f1b : 0000f21e;
00005f1c : 007d322a;
00005f1d : 0000f2ac;
00005f1e : 007d322f;
00005f1f : 0000f325;
00005f20 : 007d322a;
00005f21 : 0000f39f;
00005f22 : 007d3223;
00005f23 : 0000f41d;
00005f24 : 01773249;
00005f25 : 0000f41d;
00005f26 : 0177323d;
00005f27 : 0000f41d;
00005f28 : 007d322a;
00005f29 : 0000f49c;
00005f2a : 007d322f;
00005f2b : 0000f514;
00005f2c : 007d322a;
00005f2d : 0000f58d;
00005f2e : 007d3247;
00005f2f : 0000f5ca;
00005f30 : 00fa321e;
00005f31 : 0000f60c;
00005f32 : 01f43249;
00005f33 : 0000f60c;
00005f34 : 01f4323d;
00005f35 : 0000f60c;
00005f36 : 00fa321e;
00005f37 : 0000f7fc;
00005f38 : 00fa322a;
00005f39 : 0000f8f2;
00005f3a : 0004324b;
00005f3b : 0000f9ec;
00005f3c : 0004323f;
00005f3d : 0000f9ec;
00005f3e : 007d3220;
00005f3f : 0000f9ec;
00005f40 : 007d3227;
00005f41 : 0000fa7a;
00005f42 : 007d322c;
00005f43 : 0000faf3;
00005f44 : 007d3227;
00005f45 : 0000fb6e;
00005f46 : 007d3220;
00005f47 : 0000fbec;
00005f48 : 01773249;
00005f49 : 0000fbec;
00005f4a : 0177323d;
00005f4b : 0000fbec;
00005f4c : 007d3227;
00005f4d : 0000fc6a;
00005f4e : 007d322c;
00005f4f : 0000fce2;
00005f50 : 007d3227;
00005f51 : 0000fd5b;
00005f52 : 007d3247;
00005f53 : 0000fd99;
00005f54 : 007d3220;
00005f55 : 0000fddb;
00005f56 : 01f43249;
00005f57 : 0000fddb;
00005f58 : 01f4323d;
00005f59 : 0000fddb;
00005f5a : 007d3227;
00005f5b : 0000fe5c;
00005f5c : 007d322c;
00005f5d : 0000fed4;
00005f5e : 007d3227;
00005f5f : 0000ff4d;
00005f60 : 007d3220;
00005f61 : 0000ffcb;
00005f62 : 01f4324b;
00005f63 : 0000ffcb;
00005f64 : 01f4323f;
00005f65 : 0000ffcb;
00005f66 : 007d3227;
00005f67 : 00010048;
00005f68 : 007d322c;
00005f69 : 000100c1;
00005f6a : 007d3227;
00005f6b : 0001013a;
00005f6c : 007d3223;
00005f6d : 000101bb;
00005f6e : 0177323b;
00005f6f : 000101bb;
00005f70 : 01f43247;
00005f71 : 000101bb;
00005f72 : 007d322a;
00005f73 : 00010249;
00005f74 : 00fb322f;
00005f75 : 000102c2;
00005f76 : 007d322a;
00005f77 : 0001033e;
00005f78 : 007d3223;
00005f79 : 000103bc;
00005f7a : 007d322a;
00005f7b : 0001043a;
00005f7c : 007d322f;
00005f7d : 000104b2;
00005f7e : 007d322a;
00005f7f : 0001052b;
00005f80 : 00053249;
00005f81 : 000105ab;
00005f82 : 0005323d;
00005f83 : 000105ab;
00005f84 : 00fa321e;
00005f85 : 000105ab;
00005f86 : 00fa321e;
00005f87 : 0001079b;
00005f88 : 0177324b;
00005f89 : 0001079b;
00005f8a : 0177323f;
00005f8b : 0001079b;
00005f8c : 00fa322a;
00005f8d : 00010891;
00005f8e : 007d3220;
00005f8f : 0001098b;
00005f90 : 01f3324e;
00005f91 : 0001098b;
00005f92 : 01f33242;
00005f93 : 0001098b;
00005f94 : 007d3227;
00005f95 : 00010a19;
00005f96 : 007d322c;
00005f97 : 00010a92;
00005f98 : 007d3227;
00005f99 : 00010b0d;
00005f9a : 007d3220;
00005f9b : 00010b8b;
00005f9c : 0177324e;
00005f9d : 00010b8b;
00005f9e : 01773242;
00005f9f : 00010b8b;
00005fa0 : 007d3227;
00005fa1 : 00010c09;
00005fa2 : 007d322c;
00005fa3 : 00010c81;
00005fa4 : 007d3227;
00005fa5 : 00010cfa;
00005fa6 : 007d324e;
00005fa7 : 00010d37;
00005fa8 : 007d3220;
00005fa9 : 00010d7a;
00005faa : 01f43249;
00005fab : 00010d7a;
00005fac : 007d3227;
00005fad : 00010dfb;
00005fae : 007d322c;
00005faf : 00010e72;
00005fb0 : 007d3227;
00005fb1 : 00010eeb;
00005fb2 : 007d3220;
00005fb3 : 00010f6a;
00005fb4 : 007d3227;
00005fb5 : 00010fe7;
00005fb6 : 007d322c;
00005fb7 : 00011060;
00005fb8 : 007d3227;
00005fb9 : 000110d9;
00005fba : 0004324b;
00005fbb : 0001115a;
00005fbc : 0004323f;
00005fbd : 0001115a;
00005fbe : 007d3223;
00005fbf : 0001115a;
00005fc0 : 007d322a;
00005fc1 : 000111e8;
00005fc2 : 007d322f;
00005fc3 : 00011261;
00005fc4 : 007d322a;
00005fc5 : 000112db;
00005fc6 : 007d3223;
00005fc7 : 0001135a;
00005fc8 : 01773249;
00005fc9 : 0001135a;
00005fca : 0177323d;
00005fcb : 0001135a;
00005fcc : 007d322a;
00005fcd : 000113d8;
00005fce : 007d322f;
00005fcf : 00011450;
00005fd0 : 007d322a;
00005fd1 : 000114c9;
00005fd2 : 007d3247;
00005fd3 : 00011506;
00005fd4 : 00fa321e;
00005fd5 : 00011548;
00005fd6 : 01f43249;
00005fd7 : 00011548;
00005fd8 : 01f4323d;
00005fd9 : 00011548;
00005fda : 00fa321e;
00005fdb : 00011738;
00005fdc : 00fa322a;
00005fdd : 0001182f;
00005fde : 0003324b;
00005fdf : 00011929;
00005fe0 : 0003323f;
00005fe1 : 00011929;
00005fe2 : 007d3220;
00005fe3 : 00011929;
00005fe4 : 007d3227;
00005fe5 : 000119b6;
00005fe6 : 007d322c;
00005fe7 : 00011a30;
00005fe8 : 007d3227;
00005fe9 : 00011aaa;
00005fea : 007d3220;
00005feb : 00011b28;
00005fec : 01773249;
00005fed : 00011b28;
00005fee : 0177323d;
00005fef : 00011b28;
00005ff0 : 007d3227;
00005ff1 : 00011ba7;
00005ff2 : 007d322c;
00005ff3 : 00011c1e;
00005ff4 : 007d3227;
00005ff5 : 00011c97;
00005ff6 : 007d3247;
00005ff7 : 00011cd5;
00005ff8 : 007d3220;
00005ff9 : 00011d17;
00005ffa : 01f43249;
00005ffb : 00011d17;
00005ffc : 01f4323d;
00005ffd : 00011d17;
00005ffe : 007d3227;
00005fff : 00011d98;
00006000 : 007d322c;
00006001 : 00011e10;
00006002 : 007d3227;
00006003 : 00011e89;
00006004 : 007d3220;
00006005 : 00011f07;
00006006 : 01f4324b;
00006007 : 00011f07;
00006008 : 01f4323f;
00006009 : 00011f07;
0000600a : 007d3227;
0000600b : 00011f84;
0000600c : 007d322c;
0000600d : 00011ffd;
0000600e : 007d3227;
0000600f : 00012076;
00006010 : 007d3223;
00006011 : 000120f7;
00006012 : 0177323b;
00006013 : 000120f7;
00006014 : 01f43247;
00006015 : 000120f7;
00006016 : 007d322a;
00006017 : 00012185;
00006018 : 00fc322f;
00006019 : 000121fe;
0000601a : 007d322a;
0000601b : 0001227a;
0000601c : 007d3223;
0000601d : 000122f8;
0000601e : 007d322a;
0000601f : 00012377;
00006020 : 007d322f;
00006021 : 000123ee;
00006022 : 007d322a;
00006023 : 00012467;
00006024 : 00053249;
00006025 : 000124e7;
00006026 : 0005323d;
00006027 : 000124e7;
00006028 : 00fa321e;
00006029 : 000124e7;
0000602a : 00fa321e;
0000602b : 000126d7;
0000602c : 00fa323f;
0000602d : 000127cd;
0000602e : 00fa322a;
0000602f : 000127cd;
00006030 : 0004324b;
00006031 : 000128c7;
00006032 : 0004323f;
00006033 : 000128c7;
00006034 : 00fa3220;
00006035 : 000128c7;
00006036 : 007d3227;
00006037 : 000129d0;
00006038 : 007d322c;
00006039 : 00012a4a;
0000603a : 00fa3220;
0000603b : 00012ac8;
0000603c : 007d3227;
0000603d : 00012bbe;
0000603e : 00fa3242;
0000603f : 00012bbe;
00006040 : 00fa324e;
00006041 : 00012bbe;
00006042 : 007d322c;
00006043 : 00012c37;
00006044 : 00fa3220;
00006045 : 00012cb7;
00006046 : 02ee323d;
00006047 : 00012cb7;
00006048 : 02ee3249;
00006049 : 00012cb7;
0000604a : 007d3227;
0000604b : 00012db0;
0000604c : 007d322c;
0000604d : 00012e29;
0000604e : 00fa3220;
0000604f : 00012ea7;
00006050 : 007d3227;
00006051 : 00012f9d;
00006052 : 00fa323b;
00006053 : 00012f9d;
00006054 : 00fa3247;
00006055 : 00012f9d;
00006056 : 007d322c;
00006057 : 00013016;
00006058 : 00fa3220;
00006059 : 00013097;
0000605a : 01f4323b;
0000605b : 00013097;
0000605c : 01f43247;
0000605d : 00013097;
0000605e : 007d3227;
0000605f : 000131a0;
00006060 : 007d322c;
00006061 : 0001321a;
00006062 : 00fa3220;
00006063 : 00013298;
00006064 : 0177323d;
00006065 : 00013298;
00006066 : 01773249;
00006067 : 00013298;
00006068 : 007d3227;
00006069 : 0001338e;
0000606a : 007d323b;
0000606b : 00013407;
0000606c : 007d322c;
0000606d : 00013407;
0000606e : 007d3247;
0000606f : 00013407;
00006070 : 00fa323d;
00006071 : 00013487;
00006072 : 00fa3220;
00006073 : 00013487;
00006074 : 00fa3249;
00006075 : 00013487;
00006076 : 007d3227;
00006077 : 00013580;
00006078 : 00fa323f;
00006079 : 00013580;
0000607a : 00fa324b;
0000607b : 00013580;
0000607c : 007d322c;
0000607d : 000135f9;
0000607e : 00fa3220;
0000607f : 00013677;
00006080 : 007d3227;
00006081 : 0001376d;
00006082 : 007d322c;
00006083 : 000137e6;
00006084 : 00fa3220;
00006085 : 00013867;
00006086 : 01f4323b;
00006087 : 00013867;
00006088 : 01f43247;
00006089 : 00013867;
0000608a : 007d3227;
0000608b : 00013970;
0000608c : 007d322c;
0000608d : 000139ea;
0000608e : 00fa3220;
0000608f : 00013a68;
00006090 : 01f4323b;
00006091 : 00013a68;
00006092 : 01f43247;
00006093 : 00013a68;
00006094 : 007d3227;
00006095 : 00013b5e;
00006096 : 007d322c;
00006097 : 00013bd7;
00006098 : 00fa3220;
00006099 : 00013c57;
0000609a : 0177323d;
0000609b : 00013c57;
0000609c : 01773249;
0000609d : 00013c57;
0000609e : 007d3227;
0000609f : 00013d50;
000060a0 : 007d323b;
000060a1 : 00013dc9;
000060a2 : 007d322c;
000060a3 : 00013dc9;
000060a4 : 007d3247;
000060a5 : 00013dc9;
000060a6 : 00fa3220;
000060a7 : 00013e47;
000060a8 : 01f43238;
000060a9 : 00013e47;
000060aa : 01f43244;
000060ab : 00013e47;
000060ac : 007d3227;
000060ad : 00013f3d;
000060ae : 007d322c;
000060af : 00013fb6;
000060b0 : 00fa3220;
000060b1 : 00014037;
000060b2 : 01f4323b;
000060b3 : 00014037;
000060b4 : 01f43247;
000060b5 : 00014037;
000060b6 : 007d3227;
000060b7 : 00014140;
000060b8 : 007d322c;
000060b9 : 000141ba;
000060ba : 00fa3220;
000060bb : 00014238;
000060bc : 0177323d;
000060bd : 00014238;
000060be : 01773249;
000060bf : 00014238;
000060c0 : 007d3227;
000060c1 : 0001432e;
000060c2 : 007d323b;
000060c3 : 000143a7;
000060c4 : 007d322c;
000060c5 : 000143a7;
000060c6 : 007d3247;
000060c7 : 000143a7;
000060c8 : 00fa323d;
000060c9 : 00014427;
000060ca : 00fa3220;
000060cb : 00014427;
000060cc : 00fa3249;
000060cd : 00014427;
000060ce : 007d3227;
000060cf : 00014520;
000060d0 : 00fa323f;
000060d1 : 00014520;
000060d2 : 00fa324b;
000060d3 : 00014520;
000060d4 : 007d322c;
000060d5 : 00014599;
000060d6 : 00fa321e;
000060d7 : 00014617;
000060d8 : 00fa323f;
000060d9 : 0001470d;
000060da : 00fa324b;
000060db : 0001470d;
000060dc : 00fa322a;
000060dd : 0001470d;
000060de : 00fa3220;
000060df : 00014807;
000060e0 : 02ee323f;
000060e1 : 00014807;
000060e2 : 02ee324b;
000060e3 : 00014807;
000060e4 : 007d3227;
000060e5 : 00014910;
000060e6 : 007d322c;
000060e7 : 0001498a;
000060e8 : 00fa3220;
000060e9 : 00014a08;
000060ea : 007d3227;
000060eb : 00014afe;
000060ec : 00fa3242;
000060ed : 00014afe;
000060ee : 00fa324e;
000060ef : 00014afe;
000060f0 : 007d322c;
000060f1 : 00014b77;
000060f2 : 00fa3220;
000060f3 : 00014bf7;
000060f4 : 02ee323d;
000060f5 : 00014bf7;
000060f6 : 02ee3249;
000060f7 : 00014bf7;
000060f8 : 007d3227;
000060f9 : 00014cf0;
000060fa : 007d322c;
000060fb : 00014d69;
000060fc : 00fa3220;
000060fd : 00014de7;
000060fe : 007d3227;
000060ff : 00014edd;
00006100 : 00fa323b;
00006101 : 00014edd;
00006102 : 00fa3247;
00006103 : 00014edd;
00006104 : 007d322c;
00006105 : 00014f56;
00006106 : 00fa3220;
00006107 : 00014fd7;
00006108 : 01f4323b;
00006109 : 00014fd7;
0000610a : 01f43247;
0000610b : 00014fd7;
0000610c : 007d3227;
0000610d : 000150e0;
0000610e : 007d322c;
0000610f : 0001515a;
00006110 : 00fa3220;
00006111 : 000151d8;
00006112 : 0177323d;
00006113 : 000151d8;
00006114 : 01773249;
00006115 : 000151d8;
00006116 : 007d3227;
00006117 : 000152ce;
00006118 : 007d323b;
00006119 : 00015347;
0000611a : 007d322c;
0000611b : 00015347;
0000611c : 007d3247;
0000611d : 00015347;
0000611e : 00fa323d;
0000611f : 000153c7;
00006120 : 00fa3220;
00006121 : 000153c7;
00006122 : 00fa3249;
00006123 : 000153c7;
00006124 : 007d3227;
00006125 : 000154c0;
00006126 : 00fa323f;
00006127 : 000154c0;
00006128 : 00fa324b;
00006129 : 000154c0;
0000612a : 007d322c;
0000612b : 00015539;
0000612c : 00fa3220;
0000612d : 000155b7;
0000612e : 007d3227;
0000612f : 000156ad;
00006130 : 007d322c;
00006131 : 00015726;
00006132 : 00fa3220;
00006133 : 000157a7;
00006134 : 01f4323b;
00006135 : 000157a7;
00006136 : 01f43247;
00006137 : 000157a7;
00006138 : 007d3227;
00006139 : 000158b0;
0000613a : 007d322c;
0000613b : 0001592a;
0000613c : 00fa3220;
0000613d : 000159a8;
0000613e : 01f4323b;
0000613f : 000159a8;
00006140 : 01f43247;
00006141 : 000159a8;
00006142 : 007d3227;
00006143 : 00015a9e;
00006144 : 007d322c;
00006145 : 00015b17;
00006146 : 00fa3220;
00006147 : 00015b97;
00006148 : 0177323d;
00006149 : 00015b97;
0000614a : 01773249;
0000614b : 00015b97;
0000614c : 007d3227;
0000614d : 00015c90;
0000614e : 007d323b;
0000614f : 00015d09;
00006150 : 007d322c;
00006151 : 00015d09;
00006152 : 007d3247;
00006153 : 00015d09;
00006154 : 00fa3220;
00006155 : 00015d87;
00006156 : 01f43244;
00006157 : 00015d87;
00006158 : 007d3227;
00006159 : 00015e7d;
0000615a : 00083238;
0000615b : 00015ef6;
0000615c : 007d322c;
0000615d : 00015ef6;
0000615e : 00fa3220;
0000615f : 00015f77;
00006160 : 01f4323b;
00006161 : 00015f77;
00006162 : 01f43247;
00006163 : 00015f77;
00006164 : 007d3227;
00006165 : 00016080;
00006166 : 007d322c;
00006167 : 000160fa;
00006168 : 00fa3220;
00006169 : 00016178;
0000616a : 0177323d;
0000616b : 00016178;
0000616c : 01773249;
0000616d : 00016178;
0000616e : 007d3227;
0000616f : 0001626e;
00006170 : 007d323b;
00006171 : 000162e7;
00006172 : 007d322c;
00006173 : 000162e7;
00006174 : 007d3247;
00006175 : 000162e7;
00006176 : 00fa3238;
00006177 : 00016367;
00006178 : 00fa3220;
00006179 : 00016367;
0000617a : 00fa3244;
0000617b : 00016367;
0000617c : 007d3227;
0000617d : 00016460;
0000617e : 007d322c;
0000617f : 000164d9;
00006180 : 00fa3220;
00006181 : 00016557;
00006182 : 007d3227;
00006183 : 0001664d;
00006184 : 007d322c;
00006185 : 000166c6;
00006186 : 007d3223;
00006187 : 00016747;
00006188 : 01f3323f;
00006189 : 00016747;
0000618a : 01f3324b;
0000618b : 00016747;
0000618c : 01f33242;
0000618d : 00016747;
0000618e : 007d322a;
0000618f : 000167d5;
00006190 : 007d322f;
00006191 : 0001684e;
00006192 : 007d322a;
00006193 : 000168c9;
00006194 : 007d3223;
00006195 : 00016947;
00006196 : 03e83242;
00006197 : 00016947;
00006198 : 03e8324e;
00006199 : 00016947;
0000619a : 007d322a;
0000619b : 000169c5;
0000619c : 007d322f;
0000619d : 00016a3d;
0000619e : 007d322a;
0000619f : 00016ab6;
000061a0 : 007d3223;
000061a1 : 00016b36;
000061a2 : 007d322a;
000061a3 : 00016bb7;
000061a4 : 007d322f;
000061a5 : 00016c2e;
000061a6 : 007d322a;
000061a7 : 00016ca8;
000061a8 : 0009324b;
000061a9 : 00016d26;
000061aa : 007d3223;
000061ab : 00016d26;
000061ac : 01f43244;
000061ad : 00016d26;
000061ae : 01f43250;
000061af : 00016d26;
000061b0 : 007d322a;
000061b1 : 00016da3;
000061b2 : 007d322f;
000061b3 : 00016e1c;
000061b4 : 007d322a;
000061b5 : 00016e95;
000061b6 : 007d321e;
000061b7 : 00016f16;
000061b8 : 03e7323d;
000061b9 : 00016f16;
000061ba : 03e73249;
000061bb : 00016f16;
000061bc : 03e73246;
000061bd : 00016f16;
000061be : 007d3225;
000061bf : 00016fa4;
000061c0 : 007d322a;
000061c1 : 0001701d;
000061c2 : 007d3225;
000061c3 : 00017097;
000061c4 : 007d321e;
000061c5 : 00017116;
000061c6 : 007d3225;
000061c7 : 00017194;
000061c8 : 007d322a;
000061c9 : 0001720c;
000061ca : 007d3225;
000061cb : 00017285;
000061cc : 007d321e;
000061cd : 00017304;
000061ce : 01f4323d;
000061cf : 00017304;
000061d0 : 01f43249;
000061d1 : 00017304;
000061d2 : 007d3225;
000061d3 : 00017385;
000061d4 : 007d322a;
000061d5 : 000173fd;
000061d6 : 007d3225;
000061d7 : 00017476;
000061d8 : 00033246;
000061d9 : 000174f5;
000061da : 007d321e;
000061db : 000174f5;
000061dc : 01f4324b;
000061dd : 000174f5;
000061de : 007d3225;
000061df : 00017572;
000061e0 : 007d322a;
000061e1 : 000175eb;
000061e2 : 007d3225;
000061e3 : 00017664;
000061e4 : 0004323f;
000061e5 : 000176e5;
000061e6 : 007d3220;
000061e7 : 000176e5;
000061e8 : 03e63238;
000061e9 : 000176e5;
000061ea : 03e63244;
000061eb : 000176e5;
000061ec : 007d3227;
000061ed : 00017773;
000061ee : 007d322c;
000061ef : 000177ec;
000061f0 : 007d3227;
000061f1 : 00017866;
000061f2 : 007d3220;
000061f3 : 000178e4;
000061f4 : 007d3227;
000061f5 : 00017963;
000061f6 : 007d322c;
000061f7 : 000179da;
000061f8 : 007d3227;
000061f9 : 00017a54;
000061fa : 007d3220;
000061fb : 00017ad3;
000061fc : 007d3227;
000061fd : 00017b54;
000061fe : 007d322c;
000061ff : 00017bcc;
00006200 : 007d3227;
00006201 : 00017c45;
00006202 : 0004323d;
00006203 : 00017cc3;
00006204 : 00043249;
00006205 : 00017cc3;
00006206 : 00043244;
00006207 : 00017cc3;
00006208 : 007d3220;
00006209 : 00017cc3;
0000620a : 007d3227;
0000620b : 00017d40;
0000620c : 007d322c;
0000620d : 00017db9;
0000620e : 007d3227;
0000620f : 00017e32;
00006210 : 0004323d;
00006211 : 00017eb3;
00006212 : 00043249;
00006213 : 00017eb3;
00006214 : 00043244;
00006215 : 00017eb3;
00006216 : 007d3223;
00006217 : 00017eb3;
00006218 : 007d322a;
00006219 : 00017f41;
0000621a : 007d322f;
0000621b : 00017fba;
0000621c : 007d322a;
0000621d : 00018035;
0000621e : 007d3223;
0000621f : 000180b3;
00006220 : 007d322a;
00006221 : 00018131;
00006222 : 007d322f;
00006223 : 000181a9;
00006224 : 00fa323b;
00006225 : 000181a9;
00006226 : 00fa3247;
00006227 : 000181a9;
00006228 : 007d322a;
00006229 : 00018222;
0000622a : 007d3223;
0000622b : 000182a2;
0000622c : 01f4323d;
0000622d : 000182a2;
0000622e : 01f43249;
0000622f : 000182a2;
00006230 : 01f43244;
00006231 : 000182a2;
00006232 : 007d322a;
00006233 : 00018323;
00006234 : 007d322f;
00006235 : 0001839b;
00006236 : 007d322a;
00006237 : 00018414;
00006238 : 007d3223;
00006239 : 00018492;
0000623a : 007d322a;
0000623b : 0001850f;
0000623c : 007d322f;
0000623d : 00018588;
0000623e : 007d322a;
0000623f : 00018601;
00006240 : 0004323f;
00006241 : 00018682;
00006242 : 0004324b;
00006243 : 00018682;
00006244 : 007d3223;
00006245 : 00018682;
00006246 : 01f33242;
00006247 : 00018682;
00006248 : 007d322a;
00006249 : 00018710;
0000624a : 007d322f;
0000624b : 00018789;
0000624c : 007d322a;
0000624d : 00018803;
0000624e : 007d3223;
0000624f : 00018882;
00006250 : 03e83242;
00006251 : 00018882;
00006252 : 03e8324e;
00006253 : 00018882;
00006254 : 007d322a;
00006255 : 00018900;
00006256 : 007d322f;
00006257 : 00018978;
00006258 : 007d322a;
00006259 : 000189f1;
0000625a : 007d3223;
0000625b : 00018a71;
0000625c : 007d322a;
0000625d : 00018af1;
0000625e : 007d322f;
0000625f : 00018b69;
00006260 : 007d322a;
00006261 : 00018be2;
00006262 : 0009324b;
00006263 : 00018c61;
00006264 : 007d3223;
00006265 : 00018c61;
00006266 : 01f43244;
00006267 : 00018c61;
00006268 : 01f43250;
00006269 : 00018c61;
0000626a : 007d322a;
0000626b : 00018cde;
0000626c : 007d322f;
0000626d : 00018d57;
0000626e : 007d322a;
0000626f : 00018dd0;
00006270 : 007d321e;
00006271 : 00018e51;
00006272 : 03e6323d;
00006273 : 00018e51;
00006274 : 03e63249;
00006275 : 00018e51;
00006276 : 03e63246;
00006277 : 00018e51;
00006278 : 007d3225;
00006279 : 00018edf;
0000627a : 007d322a;
0000627b : 00018f58;
0000627c : 007d3225;
0000627d : 00018fd2;
0000627e : 007d321e;
0000627f : 00019050;
00006280 : 007d3225;
00006281 : 000190cf;
00006282 : 007d322a;
00006283 : 00019147;
00006284 : 007d3225;
00006285 : 000191c0;
00006286 : 007d321e;
00006287 : 0001923f;
00006288 : 01f4323d;
00006289 : 0001923f;
0000628a : 01f43249;
0000628b : 0001923f;
0000628c : 007d3225;
0000628d : 000192c0;
0000628e : 007d322a;
0000628f : 00019338;
00006290 : 007d3225;
00006291 : 000193b1;
00006292 : 00043246;
00006293 : 0001942f;
00006294 : 007d321e;
00006295 : 0001942f;
00006296 : 01f4323f;
00006297 : 0001942f;
00006298 : 01f4324b;
00006299 : 0001942f;
0000629a : 007d3225;
0000629b : 000194ac;
0000629c : 007d322a;
0000629d : 00019525;
0000629e : 007d3225;
0000629f : 0001959f;
000062a0 : 007d3219;
000062a1 : 0001961f;
000062a2 : 03e73238;
000062a3 : 0001961f;
000062a4 : 03e73244;
000062a5 : 0001961f;
000062a6 : 03e7323d;
000062a7 : 0001961f;
000062a8 : 007d3220;
000062a9 : 000196ad;
000062aa : 007d3225;
000062ab : 00019726;
000062ac : 007d3220;
000062ad : 000197a1;
000062ae : 007d3219;
000062af : 0001981f;
000062b0 : 007d3220;
000062b1 : 0001989d;
000062b2 : 007d3225;
000062b3 : 00019915;
000062b4 : 007d3220;
000062b5 : 0001998e;
000062b6 : 007d3219;
000062b7 : 00019a0e;
000062b8 : 007d3220;
000062b9 : 00019a8f;
000062ba : 007d3225;
000062bb : 00019b07;
000062bc : 007d3220;
000062bd : 00019b80;
000062be : 0004323d;
000062bf : 00019bfe;
000062c0 : 00043249;
000062c1 : 00019bfe;
000062c2 : 00043244;
000062c3 : 00019bfe;
000062c4 : 007d3219;
000062c5 : 00019bfe;
000062c6 : 007d3220;
000062c7 : 00019c7b;
000062c8 : 007d3225;
000062c9 : 00019cf4;
000062ca : 007d3220;
000062cb : 00019d6d;
000062cc : 007d3223;
000062cd : 00019dee;
000062ce : 01f3323f;
000062cf : 00019dee;
000062d0 : 01f3324b;
000062d1 : 00019dee;
000062d2 : 01f33247;
000062d3 : 00019dee;
000062d4 : 007d322a;
000062d5 : 00019e7c;
000062d6 : 007d322f;
000062d7 : 00019ef5;
000062d8 : 007d322a;
000062d9 : 00019f70;
000062da : 007d3223;
000062db : 00019fee;
000062dc : 0177323f;
000062dd : 00019fee;
000062de : 0177324b;
000062df : 00019fee;
000062e0 : 01773247;
000062e1 : 00019fee;
000062e2 : 007d322a;
000062e3 : 0001a06c;
000062e4 : 007d322f;
000062e5 : 0001a0e4;
000062e6 : 007d323d;
000062e7 : 0001a15d;
000062e8 : 007d322a;
000062e9 : 0001a15d;
000062ea : 007d3249;
000062eb : 0001a15d;
000062ec : 007d3223;
000062ed : 0001a1dd;
000062ee : 007d322a;
000062ef : 0001a25e;
000062f0 : 007d322f;
000062f1 : 0001a2d5;
000062f2 : 007d322a;
000062f3 : 0001a34e;
000062f4 : 0004323f;
000062f5 : 0001a3cd;
000062f6 : 0004324b;
000062f7 : 0001a3cd;
000062f8 : 00043247;
000062f9 : 0001a3cd;
000062fa : 007d3223;
000062fb : 0001a3cd;
000062fc : 007d322a;
000062fd : 0001a44a;
000062fe : 0004323f;
000062ff : 0001a4c3;
00006300 : 007d322f;
00006301 : 0001a4c3;
00006302 : 007d322a;
00006303 : 0001a53c;
00006304 : 0004324b;
00006305 : 0001a5bd;
00006306 : 00043247;
00006307 : 0001a5bd;
00006308 : 00fa3220;
00006309 : 0001a5bd;
0000630a : 02ee323f;
0000630b : 0001a5bd;
0000630c : 007d3227;
0000630d : 0001a6c5;
0000630e : 007d322c;
0000630f : 0001a740;
00006310 : 00fa3220;
00006311 : 0001a7be;
00006312 : 007d3227;
00006313 : 0001a8b4;
00006314 : 00fa3242;
00006315 : 0001a8b4;
00006316 : 00fa324e;
00006317 : 0001a8b4;
00006318 : 007d322c;
00006319 : 0001a92d;
0000631a : 00fa3220;
0000631b : 0001a9ad;
0000631c : 02ee323d;
0000631d : 0001a9ad;
0000631e : 02ee3249;
0000631f : 0001a9ad;
00006320 : 02ee3244;
00006321 : 0001a9ad;
00006322 : 007d3227;
00006323 : 0001aaa5;
00006324 : 007d322c;
00006325 : 0001ab1e;
00006326 : 00fa3220;
00006327 : 0001ab9d;
00006328 : 007d3227;
00006329 : 0001ac93;
0000632a : 00fa323b;
0000632b : 0001ac93;
0000632c : 00fa3247;
0000632d : 0001ac93;
0000632e : 007d322c;
0000632f : 0001ad0c;
00006330 : 00fa3220;
00006331 : 0001ad8d;
00006332 : 01f4323b;
00006333 : 0001ad8d;
00006334 : 01f43247;
00006335 : 0001ad8d;
00006336 : 01f43244;
00006337 : 0001ad8d;
00006338 : 007d3227;
00006339 : 0001ae95;
0000633a : 007d322c;
0000633b : 0001af10;
0000633c : 00fa3220;
0000633d : 0001af8e;
0000633e : 0177323d;
0000633f : 0001af8e;
00006340 : 01773249;
00006341 : 0001af8e;
00006342 : 01773244;
00006343 : 0001af8e;
00006344 : 007d3227;
00006345 : 0001b084;
00006346 : 007d323b;
00006347 : 0001b0fd;
00006348 : 007d322c;
00006349 : 0001b0fd;
0000634a : 007d3247;
0000634b : 0001b0fd;
0000634c : 00fa323d;
0000634d : 0001b17d;
0000634e : 00fa3249;
0000634f : 0001b17d;
00006350 : 00fa3220;
00006351 : 0001b17d;
00006352 : 00fa3244;
00006353 : 0001b17d;
00006354 : 007d3227;
00006355 : 0001b275;
00006356 : 00fa323f;
00006357 : 0001b275;
00006358 : 00fa324b;
00006359 : 0001b275;
0000635a : 00fa3247;
0000635b : 0001b275;
0000635c : 007d322c;
0000635d : 0001b2ee;
0000635e : 00fa3220;
0000635f : 0001b36d;
00006360 : 007d3227;
00006361 : 0001b463;
00006362 : 007d322c;
00006363 : 0001b4dc;
00006364 : 00fa3220;
00006365 : 0001b55d;
00006366 : 01f4323b;
00006367 : 0001b55d;
00006368 : 01f43247;
00006369 : 0001b55d;
0000636a : 01f43244;
0000636b : 0001b55d;
0000636c : 007d3227;
0000636d : 0001b665;
0000636e : 007d322c;
0000636f : 0001b6e0;
00006370 : 00fa3220;
00006371 : 0001b75e;
00006372 : 01f4323b;
00006373 : 0001b75e;
00006374 : 01f43247;
00006375 : 0001b75e;
00006376 : 007d3227;
00006377 : 0001b854;
00006378 : 007d322c;
00006379 : 0001b8cd;
0000637a : 00053244;
0000637b : 0001b94d;
0000637c : 00fa3220;
0000637d : 0001b94d;
0000637e : 0177323d;
0000637f : 0001b94d;
00006380 : 01773249;
00006381 : 0001b94d;
00006382 : 007d3227;
00006383 : 0001ba45;
00006384 : 007d323b;
00006385 : 0001babe;
00006386 : 007d322c;
00006387 : 0001babe;
00006388 : 007d3247;
00006389 : 0001babe;
0000638a : 00fa3220;
0000638b : 0001bb3d;
0000638c : 0177323f;
0000638d : 0001bb3d;
0000638e : 007d3227;
0000638f : 0001bc33;
00006390 : 00083238;
00006391 : 0001bcac;
00006392 : 00083244;
00006393 : 0001bcac;
00006394 : 007d322c;
00006395 : 0001bcac;
00006396 : 00fa3220;
00006397 : 0001bd2d;
00006398 : 01f4323b;
00006399 : 0001bd2d;
0000639a : 01f43247;
0000639b : 0001bd2d;
0000639c : 01f43244;
0000639d : 0001bd2d;
0000639e : 007d3227;
0000639f : 0001be35;
000063a0 : 007d322c;
000063a1 : 0001beb0;
000063a2 : 00fa3220;
000063a3 : 0001bf2e;
000063a4 : 0177323d;
000063a5 : 0001bf2e;
000063a6 : 01773249;
000063a7 : 0001bf2e;
000063a8 : 01773244;
000063a9 : 0001bf2e;
000063aa : 007d3227;
000063ab : 0001c024;
000063ac : 007d323b;
000063ad : 0001c09d;
000063ae : 007d322c;
000063af : 0001c09d;
000063b0 : 007d3247;
000063b1 : 0001c09d;
000063b2 : 00fa3238;
000063b3 : 0001c11d;
000063b4 : 00fa3220;
000063b5 : 0001c11d;
000063b6 : 00fa3244;
000063b7 : 0001c11d;
000063b8 : 00fa323f;
000063b9 : 0001c11d;
000063ba : 007d3220;
000063bb : 0001c4fd;
000063bc : 01f3323f;
000063bd : 0001c4fd;
000063be : 01f3324b;
000063bf : 0001c4fd;
000063c0 : 01f33247;
000063c1 : 0001c4fd;
000063c2 : 01f33244;
000063c3 : 0001c4fd;
000063c4 : 007d3227;
000063c5 : 0001c58b;
000063c6 : 007d322c;
000063c7 : 0001c604;
000063c8 : 007d3227;
000063c9 : 0001c67e;
000063ca : 007d3220;
000063cb : 0001c6fd;
000063cc : 03e83247;
000063cd : 0001c6fd;
000063ce : 03e83253;
000063cf : 0001c6fd;
000063d0 : 03e83250;
000063d1 : 0001c6fd;
000063d2 : 007d3227;
000063d3 : 0001c77b;
000063d4 : 007d322c;
000063d5 : 0001c7f3;
000063d6 : 007d3227;
000063d7 : 0001c86c;
000063d8 : 007d3220;
000063d9 : 0001c8eb;
000063da : 007d3227;
000063db : 0001c96c;
000063dc : 007d322c;
000063dd : 0001c9e4;
000063de : 007d3227;
000063df : 0001ca5d;
000063e0 : 000a324b;
000063e1 : 0001cadb;
000063e2 : 007d3220;
000063e3 : 0001cadb;
000063e4 : 01f43252;
000063e5 : 0001cadb;
000063e6 : 01f4324e;
000063e7 : 0001cadb;
000063e8 : 007d3227;
000063e9 : 0001cb58;
000063ea : 007d322c;
000063eb : 0001cbd2;
000063ec : 007d3227;
000063ed : 0001cc4b;
000063ee : 00033246;
000063ef : 0001cccc;
000063f0 : 007d321e;
000063f1 : 0001cccc;
000063f2 : 03e6323d;
000063f3 : 0001cccc;
000063f4 : 03e63249;
000063f5 : 0001cccc;
000063f6 : 03e63242;
000063f7 : 0001cccc;
000063f8 : 007d3225;
000063f9 : 0001cd59;
000063fa : 007d322a;
000063fb : 0001cdd3;
000063fc : 007d3225;
000063fd : 0001ce4d;
000063fe : 007d321e;
000063ff : 0001cecb;
00006400 : 007d3225;
00006401 : 0001cf4a;
00006402 : 007d322a;
00006403 : 0001cfc1;
00006404 : 007d3225;
00006405 : 0001d03a;
00006406 : 007d3223;
00006407 : 0001d0ba;
00006408 : 03e83242;
00006409 : 0001d0ba;
0000640a : 007d322a;
0000640b : 0001d13b;
0000640c : 007d322f;
0000640d : 0001d1b3;
0000640e : 007d322a;
0000640f : 0001d22c;
00006410 : 007d3223;
00006411 : 0001d2aa;
00006412 : 007d322a;
00006413 : 0001d327;
00006414 : 007d322f;
00006415 : 0001d3a0;
00006416 : 007d322a;
00006417 : 0001d419;
00006418 : 0008323f;
00006419 : 0001d49a;
0000641a : 0008324b;
0000641b : 0001d49a;
0000641c : 00083247;
0000641d : 0001d49a;
0000641e : 007d3220;
0000641f : 0001d49a;
00006420 : 01f33244;
00006421 : 0001d49a;
00006422 : 007d3227;
00006423 : 0001d528;
00006424 : 007d322c;
00006425 : 0001d5a1;
00006426 : 007d3227;
00006427 : 0001d61c;
00006428 : 007d3220;
00006429 : 0001d69a;
0000642a : 03e83247;
0000642b : 0001d69a;
0000642c : 03e83253;
0000642d : 0001d69a;
0000642e : 03e83250;
0000642f : 0001d69a;
00006430 : 007d3227;
00006431 : 0001d718;
00006432 : 007d322c;
00006433 : 0001d790;
00006434 : 007d3227;
00006435 : 0001d809;
00006436 : 007d3220;
00006437 : 0001d889;
00006438 : 007d3227;
00006439 : 0001d90a;
0000643a : 007d322c;
0000643b : 0001d981;
0000643c : 007d3227;
0000643d : 0001d9fb;
0000643e : 0009324b;
0000643f : 0001da79;
00006440 : 007d3220;
00006441 : 0001da79;
00006442 : 01f43252;
00006443 : 0001da79;
00006444 : 01f4324e;
00006445 : 0001da79;
00006446 : 007d3227;
00006447 : 0001daf6;
00006448 : 007d322c;
00006449 : 0001db6f;
0000644a : 007d3227;
0000644b : 0001dbe8;
0000644c : 00043246;
0000644d : 0001dc69;
0000644e : 007d321e;
0000644f : 0001dc69;
00006450 : 03e7323d;
00006451 : 0001dc69;
00006452 : 03e73249;
00006453 : 0001dc69;
00006454 : 03e73242;
00006455 : 0001dc69;
00006456 : 007d3225;
00006457 : 0001dcf7;
00006458 : 007d322a;
00006459 : 0001dd70;
0000645a : 007d3225;
0000645b : 0001ddea;
0000645c : 007d321e;
0000645d : 0001de69;
0000645e : 007d3225;
0000645f : 0001dee7;
00006460 : 007d322a;
00006461 : 0001df5f;
00006462 : 007d3225;
00006463 : 0001dfd8;
00006464 : 007d3220;
00006465 : 0001e057;
00006466 : 03e8323b;
00006467 : 0001e057;
00006468 : 007d3227;
00006469 : 0001e0d8;
0000646a : 007d322c;
0000646b : 0001e150;
0000646c : 007d3227;
0000646d : 0001e1c9;
0000646e : 00fa3220;
0000646f : 0001e248;
00006470 : 00073247;
00006471 : 0001e438;
00006472 : 00073244;
00006473 : 0001e438;
00006474 : 0007323f;
00006475 : 0001e438;
00006476 : 007d3220;
00006477 : 0001e438;
00006478 : 01f2324b;
00006479 : 0001e438;
0000647a : 007d3227;
0000647b : 0001e4c6;
0000647c : 007d322c;
0000647d : 0001e53f;
0000647e : 007d3227;
0000647f : 0001e5b9;
00006480 : 007d3220;
00006481 : 0001e637;
00006482 : 03e83247;
00006483 : 0001e637;
00006484 : 03e83253;
00006485 : 0001e637;
00006486 : 03e83250;
00006487 : 0001e637;
00006488 : 007d3227;
00006489 : 0001e6b6;
0000648a : 007d322c;
0000648b : 0001e72d;
0000648c : 007d3227;
0000648d : 0001e7a7;
0000648e : 007d3220;
0000648f : 0001e826;
00006490 : 007d3227;
00006491 : 0001e8a7;
00006492 : 007d322c;
00006493 : 0001e91f;
00006494 : 007d3227;
00006495 : 0001e998;
00006496 : 0009324b;
00006497 : 0001ea16;
00006498 : 007d3220;
00006499 : 0001ea16;
0000649a : 01f43252;
0000649b : 0001ea16;
0000649c : 01f4324e;
0000649d : 0001ea16;
0000649e : 007d3227;
0000649f : 0001ea93;
000064a0 : 007d322c;
000064a1 : 0001eb0c;
000064a2 : 007d3227;
000064a3 : 0001eb85;
000064a4 : 00043246;
000064a5 : 0001ec06;
000064a6 : 007d321e;
000064a7 : 0001ec06;
000064a8 : 03e7323d;
000064a9 : 0001ec06;
000064aa : 03e73249;
000064ab : 0001ec06;
000064ac : 03e73242;
000064ad : 0001ec06;
000064ae : 007d3225;
000064af : 0001ec94;
000064b0 : 007d322a;
000064b1 : 0001ed0d;
000064b2 : 007d3225;
000064b3 : 0001ed88;
000064b4 : 007d321e;
000064b5 : 0001ee06;
000064b6 : 007d3225;
000064b7 : 0001ee84;
000064b8 : 007d322a;
000064b9 : 0001eefc;
000064ba : 007d3225;
000064bb : 0001ef75;
000064bc : 007d3223;
000064bd : 0001eff5;
000064be : 03e83242;
000064bf : 0001eff5;
000064c0 : 007d322a;
000064c1 : 0001f076;
000064c2 : 007d322f;
000064c3 : 0001f0ee;
000064c4 : 007d322a;
000064c5 : 0001f167;
000064c6 : 007d3223;
000064c7 : 0001f1e5;
000064c8 : 007d322a;
000064c9 : 0001f262;
000064ca : 007d322f;
000064cb : 0001f2db;
000064cc : 007d322a;
000064cd : 0001f354;
000064ce : 0008323f;
000064cf : 0001f3d5;
000064d0 : 0008324b;
000064d1 : 0001f3d5;
000064d2 : 00083247;
000064d3 : 0001f3d5;
000064d4 : 007d3220;
000064d5 : 0001f3d5;
000064d6 : 01f33244;
000064d7 : 0001f3d5;
000064d8 : 007d3227;
000064d9 : 0001f463;
000064da : 007d322c;
000064db : 0001f4dc;
000064dc : 007d3227;
000064dd : 0001f556;
000064de : 007d3220;
000064df : 0001f5d5;
000064e0 : 03e83247;
000064e1 : 0001f5d5;
000064e2 : 03e83253;
000064e3 : 0001f5d5;
000064e4 : 03e83250;
000064e5 : 0001f5d5;
000064e6 : 007d3227;
000064e7 : 0001f653;
000064e8 : 007d322c;
000064e9 : 0001f6cb;
000064ea : 007d3227;
000064eb : 0001f744;
000064ec : 007d3220;
000064ed : 0001f7c4;
000064ee : 007d3227;
000064ef : 0001f844;
000064f0 : 007d322c;
000064f1 : 0001f8bc;
000064f2 : 007d3227;
000064f3 : 0001f935;
000064f4 : 0009324b;
000064f5 : 0001f9b4;
000064f6 : 007d3220;
000064f7 : 0001f9b4;
000064f8 : 01f43252;
000064f9 : 0001f9b4;
000064fa : 01f4324e;
000064fb : 0001f9b4;
000064fc : 007d3227;
000064fd : 0001fa31;
000064fe : 007d322c;
000064ff : 0001faaa;
00006500 : 007d3227;
00006501 : 0001fb23;
00006502 : 00043246;
00006503 : 0001fba4;
00006504 : 007d321e;
00006505 : 0001fba4;
00006506 : 03e6323d;
00006507 : 0001fba4;
00006508 : 03e63249;
00006509 : 0001fba4;
0000650a : 03e63242;
0000650b : 0001fba4;
0000650c : 007d3225;
0000650d : 0001fc32;
0000650e : 007d322a;
0000650f : 0001fcab;
00006510 : 007d3225;
00006511 : 0001fd25;
00006512 : 007d321e;
00006513 : 0001fda3;
00006514 : 007d3225;
00006515 : 0001fe22;
00006516 : 007d322a;
00006517 : 0001fe9a;
00006518 : 007d3225;
00006519 : 0001ff13;
0000651a : 007d3220;
0000651b : 0001ff92;
0000651c : 03e8323b;
0000651d : 0001ff92;
0000651e : 03e83247;
0000651f : 0001ff92;
00006520 : 03e83244;
00006521 : 0001ff92;
00006522 : 03e8323f;
00006523 : 0001ff92;
00006524 : 007d3227;
00006525 : 00020013;
00006526 : 007d322c;
00006527 : 0002008b;
00006528 : 007d3227;
00006529 : 00020104;
0000652a : 00fa3220;
0000652b : 00020182;
0000652c : 007d3220;
0000652d : 00020372;
0000652e : 01f3324e;
0000652f : 00020372;
00006530 : 01f33242;
00006531 : 00020372;
00006532 : 007d3227;
00006533 : 00020400;
00006534 : 007d322c;
00006535 : 00020479;
00006536 : 007d3227;
00006537 : 000204f4;
00006538 : 007d3220;
00006539 : 00020572;
0000653a : 0177324e;
0000653b : 00020572;
0000653c : 01773242;
0000653d : 00020572;
0000653e : 007d3227;
0000653f : 000205f0;
00006540 : 007d322c;
00006541 : 00020668;
00006542 : 007d3227;
00006543 : 000206e1;
00006544 : 007d324e;
00006545 : 0002071f;
00006546 : 007d3220;
00006547 : 00020761;
00006548 : 01f43249;
00006549 : 00020761;
0000654a : 007d3227;
0000654b : 000207e2;
0000654c : 007d322c;
0000654d : 0002085a;
0000654e : 007d3227;
0000654f : 000208d3;
00006550 : 007d3220;
00006551 : 00020951;
00006552 : 007d3227;
00006553 : 000209ce;
00006554 : 007d322c;
00006555 : 00020a47;
00006556 : 007d3227;
00006557 : 00020ac0;
00006558 : 0004324b;
00006559 : 00020b41;
0000655a : 0004323f;
0000655b : 00020b41;
0000655c : 007d3223;
0000655d : 00020b41;
0000655e : 007d322a;
0000655f : 00020bcf;
00006560 : 007d322f;
00006561 : 00020c48;
00006562 : 007d322a;
00006563 : 00020cc3;
00006564 : 007d3223;
00006565 : 00020d41;
00006566 : 01773249;
00006567 : 00020d41;
00006568 : 0177323d;
00006569 : 00020d41;
0000656a : 007d322a;
0000656b : 00020dbf;
0000656c : 007d322f;
0000656d : 00020e37;
0000656e : 007d322a;
0000656f : 00020eb0;
00006570 : 007d3247;
00006571 : 00020eed;
00006572 : 00fa321e;
00006573 : 00020f30;
00006574 : 01f43249;
00006575 : 00020f30;
00006576 : 01f4323d;
00006577 : 00020f30;
00006578 : 00fa321e;
00006579 : 00021120;
0000657a : 00fa322a;
0000657b : 00021216;
0000657c : 0004324b;
0000657d : 00021310;
0000657e : 0004323f;
0000657f : 00021310;
00006580 : 007d3220;
00006581 : 00021310;
00006582 : 007d3227;
00006583 : 0002139e;
00006584 : 007d322c;
00006585 : 00021417;
00006586 : 007d3227;
00006587 : 00021491;
00006588 : 007d3220;
00006589 : 00021510;
0000658a : 01773249;
0000658b : 00021510;
0000658c : 0177323d;
0000658d : 00021510;
0000658e : 007d3227;
0000658f : 0002158e;
00006590 : 007d322c;
00006591 : 00021606;
00006592 : 007d3227;
00006593 : 0002167f;
00006594 : 007d3247;
00006595 : 000216bc;
00006596 : 007d3220;
00006597 : 000216fe;
00006598 : 01f43249;
00006599 : 000216fe;
0000659a : 01f4323d;
0000659b : 000216fe;
0000659c : 007d3227;
0000659d : 0002177f;
0000659e : 007d322c;
0000659f : 000217f7;
000065a0 : 007d3227;
000065a1 : 00021870;
000065a2 : 007d3220;
000065a3 : 000218ee;
000065a4 : 01f4324b;
000065a5 : 000218ee;
000065a6 : 01f4323f;
000065a7 : 000218ee;
000065a8 : 007d3227;
000065a9 : 0002196b;
000065aa : 007d322c;
000065ab : 000219e5;
000065ac : 007d3227;
000065ad : 00021a5e;
000065ae : 007d3223;
000065af : 00021adf;
000065b0 : 0177323b;
000065b1 : 00021adf;
000065b2 : 01f43247;
000065b3 : 00021adf;
000065b4 : 007d322a;
000065b5 : 00021b6c;
000065b6 : 00fb322f;
000065b7 : 00021be6;
000065b8 : 007d322a;
000065b9 : 00021c61;
000065ba : 007d3223;
000065bb : 00021ce0;
000065bc : 007d322a;
000065bd : 00021d5e;
000065be : 007d322f;
000065bf : 00021dd6;
000065c0 : 007d322a;
000065c1 : 00021e4f;
000065c2 : 00063249;
000065c3 : 00021ece;
000065c4 : 0006323d;
000065c5 : 00021ece;
000065c6 : 00fa321e;
000065c7 : 00021ece;
000065c8 : 00fa321e;
000065c9 : 000220be;
000065ca : 0177324b;
000065cb : 000220be;
000065cc : 0177323f;
000065cd : 000220be;
000065ce : 00fa322a;
000065cf : 000221b5;
000065d0 : 007d3220;
000065d1 : 000222af;
000065d2 : 01f2324e;
000065d3 : 000222af;
000065d4 : 01f23242;
000065d5 : 000222af;
000065d6 : 007d3227;
000065d7 : 0002233c;
000065d8 : 007d322c;
000065d9 : 000223b6;
000065da : 007d3227;
000065db : 00022430;
000065dc : 007d3220;
000065dd : 000224ae;
000065de : 0177324e;
000065df : 000224ae;
000065e0 : 01773242;
000065e1 : 000224ae;
000065e2 : 007d3227;
000065e3 : 0002252d;
000065e4 : 007d322c;
000065e5 : 000225a4;
000065e6 : 007d3227;
000065e7 : 0002261d;
000065e8 : 007d324e;
000065e9 : 0002265b;
000065ea : 007d3220;
000065eb : 0002269d;
000065ec : 01f43249;
000065ed : 0002269d;
000065ee : 007d3227;
000065ef : 0002271e;
000065f0 : 007d322c;
000065f1 : 00022796;
000065f2 : 007d3227;
000065f3 : 0002280f;
000065f4 : 007d3220;
000065f5 : 0002288d;
000065f6 : 007d3227;
000065f7 : 0002290a;
000065f8 : 007d322c;
000065f9 : 00022983;
000065fa : 007d3227;
000065fb : 000229fc;
000065fc : 0004324b;
000065fd : 00022a7d;
000065fe : 0004323f;
000065ff : 00022a7d;
00006600 : 007d3223;
00006601 : 00022a7d;
00006602 : 007d322a;
00006603 : 00022b0b;
00006604 : 007d322f;
00006605 : 00022b84;
00006606 : 007d322a;
00006607 : 00022bff;
00006608 : 007d3223;
00006609 : 00022c7d;
0000660a : 01773249;
0000660b : 00022c7d;
0000660c : 0177323d;
0000660d : 00022c7d;
0000660e : 007d322a;
0000660f : 00022cfb;
00006610 : 007d322f;
00006611 : 00022d73;
00006612 : 007d322a;
00006613 : 00022dec;
00006614 : 007d3247;
00006615 : 00022e29;
00006616 : 00fa321e;
00006617 : 00022e6c;
00006618 : 01f43249;
00006619 : 00022e6c;
0000661a : 01f4323d;
0000661b : 00022e6c;
0000661c : 00fa321e;
0000661d : 0002305c;
0000661e : 00fa322a;
0000661f : 00023152;
00006620 : 0004324b;
00006621 : 0002324c;
00006622 : 0004323f;
00006623 : 0002324c;
00006624 : 007d3220;
00006625 : 0002324c;
00006626 : 007d3227;
00006627 : 000232da;
00006628 : 007d322c;
00006629 : 00023353;
0000662a : 007d3227;
0000662b : 000233cd;
0000662c : 007d3220;
0000662d : 0002344c;
0000662e : 01773249;
0000662f : 0002344c;
00006630 : 0177323d;
00006631 : 0002344c;
00006632 : 007d3227;
00006633 : 000234ca;
00006634 : 007d322c;
00006635 : 00023542;
00006636 : 007d3227;
00006637 : 000235bb;
00006638 : 007d3247;
00006639 : 000235f8;
0000663a : 007d3220;
0000663b : 0002363a;
0000663c : 01f43249;
0000663d : 0002363a;
0000663e : 01f4323d;
0000663f : 0002363a;
00006640 : 007d3227;
00006641 : 000236bb;
00006642 : 007d322c;
00006643 : 00023733;
00006644 : 007d3227;
00006645 : 000237ac;
00006646 : 007d3220;
00006647 : 0002382b;
00006648 : 01f4324b;
00006649 : 0002382b;
0000664a : 01f4323f;
0000664b : 0002382b;
0000664c : 007d3227;
0000664d : 000238a8;
0000664e : 007d322c;
0000664f : 00023921;
00006650 : 007d3227;
00006651 : 0002399a;
00006652 : 007d3223;
00006653 : 00023a1b;
00006654 : 0177323b;
00006655 : 00023a1b;
00006656 : 01f43247;
00006657 : 00023a1b;
00006658 : 007d322a;
00006659 : 00023aa9;
0000665a : 00fb322f;
0000665b : 00023b22;
0000665c : 007d322a;
0000665d : 00023b9d;
0000665e : 007d3223;
0000665f : 00023c1c;
00006660 : 01f43249;
00006661 : 00023c1c;
00006662 : 01f4323d;
00006663 : 00023c1c;
00006664 : 007d322a;
00006665 : 00023c9a;
00006666 : 007d322f;
00006667 : 00023d12;
00006668 : 007d322a;
00006669 : 00023d8b;
0000666a : 00fa3220;
0000666b : 00023e0a;
0000666c : 00fa3244;
0000666d : 00023e0a;
0000666e : 00fa3238;
0000666f : 00023e0a;
00006670 : 00000000;
00006671 : 00000000;
00006672 : 00000000;
00006673 : 00000000;
00006674 : 10023104;
00006675 : 1002320c;
00006676 : 00000000;
00006677 : 00000000;
00006678 : 00400614;
00006679 : 00400664;
0000667a : 00400690;
0000667b : 00400700;
0000667c : 00000001;
0000667d : 00000008;
0000667e : 00400014;
0000667f : 00400044;
00006680 : 004000f4;
00006681 : 004039b8;
00006682 : 00000002;
00006683 : 00000012;
00006684 : 00400178;
00006685 : 004002c0;
00006686 : 004003d8;
00006687 : 00400464;
00006688 : 00000003;
00006689 : 0000000b;
0000668a : 00400720;
0000668b : 004007dc;
0000668c : 0040086c;
0000668d : 004008e8;
0000668e : 00000004;
0000668f : 0000000b;
00006690 : 004009a4;
00006691 : 00400a28;
00006692 : 00400b0c;
00006693 : 00400bd8;
00006694 : 00000005;
00006695 : 00000000;
00006696 : 00400c98;
00006697 : 00400cf0;
00006698 : 00400d1c;
00006699 : 00400d84;
0000669a : 00000006;
0000669b : 00000018;
0000669c : 00400ebc;
0000669d : 00400f2c;
0000669e : 00400f84;
0000669f : 00401190;
000066a0 : 00000007;
000066a1 : 00000000;
000066a2 : 00400db0;
000066a3 : 00400e00;
000066a4 : 00400e2c;
000066a5 : 00400e9c;
000066a6 : 00000008;
000066a7 : 00000010;
000066a8 : 00401240;
000066a9 : 004012c0;
000066aa : 0040130c;
000066ab : 00401374;
000066ac : 00000009;
000066ad : 00000001;
000066ae : 004013f8;
000066af : 00401444;
000066b0 : 0040145c;
000066b1 : 004014bc;
000066b2 : ffffffff;
000066b3 : 007800a0;
000066b4 : 0075009d;
000066b5 : 0072009a;
000066b6 : 006f0097;
000066b7 : 006b0095;
000066b8 : 00680092;
000066b9 : 0065008f;
000066ba : 0062008c;
000066bb : 005f0089;
000066bc : 005c0085;
000066bd : 00590082;
000066be : 0057007f;
000066bf : 0054007c;
000066c0 : 00510078;
000066c1 : 004f0074;
000066c2 : 004c0071;
000066c3 : 004a006d;
000066c4 : 00480069;
000066c5 : 00460065;
000066c6 : 00440060;
000066c7 : 0043005c;
000066c8 : 00410058;
000066c9 : 00400053;
000066ca : 0040004e;
000066cb : 003f0049;
000066cc : 00400045;
000066cd : 00400040;
000066ce : 0041003b;
000066cf : 00420036;
000066d0 : 00440031;
000066d1 : 0047002c;
000066d2 : 004a0027;
000066d3 : 004d0023;
000066d4 : 0051001f;
000066d5 : 0056001b;
000066d6 : 005b0018;
000066d7 : 00600015;
000066d8 : 00660013;
000066d9 : 006c0011;
000066da : 00720010;
000066db : 00780010;
000066dc : 007e0010;
000066dd : 00840011;
000066de : 008a0013;
000066df : 00900015;
000066e0 : 00950018;
000066e1 : 009a001b;
000066e2 : 009f001f;
000066e3 : 00a30023;
000066e4 : 00a60027;
000066e5 : 00a9002c;
000066e6 : 00ac0031;
000066e7 : 00ae0036;
000066e8 : 00af003b;
000066e9 : 00b00040;
000066ea : 00b00045;
000066eb : 00b10049;
000066ec : 00b0004e;
000066ed : 00b00053;
000066ee : 00af0058;
000066ef : 00ad005c;
000066f0 : 00ac0060;
000066f1 : 00aa0065;
000066f2 : 00a80069;
000066f3 : 00a6006d;
000066f4 : 00a40071;
000066f5 : 00a10074;
000066f6 : 009f0078;
000066f7 : 009c007c;
000066f8 : 0099007f;
000066f9 : 00970082;
000066fa : 00940085;
000066fb : 00910089;
000066fc : 008e008c;
000066fd : 008b008f;
000066fe : 00880092;
000066ff : 00850095;
00006700 : 00810097;
00006701 : 007e009a;
00006702 : 007b009d;
00006703 : 007800a0;
00006704 : 007500a3;
00006705 : 007200a6;
00006706 : 006f00a9;
00006707 : 006b00ab;
00006708 : 006800ae;
00006709 : 006500b1;
0000670a : 006200b4;
0000670b : 005f00b7;
0000670c : 005c00bb;
0000670d : 005900be;
0000670e : 005700c1;
0000670f : 005400c4;
00006710 : 005100c8;
00006711 : 004f00cc;
00006712 : 004c00cf;
00006713 : 004a00d3;
00006714 : 004800d7;
00006715 : 004600db;
00006716 : 004400e0;
00006717 : 004300e4;
00006718 : 004100e8;
00006719 : 004000ed;
0000671a : 004000f2;
0000671b : 003f00f7;
0000671c : 004000fb;
0000671d : 00400100;
0000671e : 00410105;
0000671f : 0042010a;
00006720 : 0044010f;
00006721 : 00470114;
00006722 : 004a0119;
00006723 : 004d011d;
00006724 : 00510121;
00006725 : 00560125;
00006726 : 005b0128;
00006727 : 0060012b;
00006728 : 0066012d;
00006729 : 006c012f;
0000672a : 00720130;
0000672b : 00780130;
0000672c : 007e0130;
0000672d : 0084012f;
0000672e : 008a012d;
0000672f : 0090012b;
00006730 : 00950128;
00006731 : 009a0125;
00006732 : 009f0121;
00006733 : 00a3011d;
00006734 : 00a60119;
00006735 : 00a90114;
00006736 : 00ac010f;
00006737 : 00ae010a;
00006738 : 00af0105;
00006739 : 00b00100;
0000673a : 00b000fb;
0000673b : 00b100f7;
0000673c : 00b000f2;
0000673d : 00b000ed;
0000673e : 00af00e8;
0000673f : 00ad00e4;
00006740 : 00ac00e0;
00006741 : 00aa00db;
00006742 : 00a800d7;
00006743 : 00a600d3;
00006744 : 00a400cf;
00006745 : 00a100cc;
00006746 : 009f00c8;
00006747 : 009c00c4;
00006748 : 009900c1;
00006749 : 009700be;
0000674a : 009400bb;
0000674b : 009100b7;
0000674c : 008e00b4;
0000674d : 008b00b1;
0000674e : 008800ae;
0000674f : 008500ab;
00006750 : 008100a9;
00006751 : 007e00a6;
00006752 : 007b00a3;
00006753 : 00000002;
00006754 : 10017edc;
00006755 : 00000004;
00006756 : 00000000;
00006757 : 00000001;
00006758 : 00000004;
00006759 : 00000004;
0000675a : 00000001;
0000675b : 00000001;
0000675c : 00000004;
0000675d : 00000004;
0000675e : 00000002;
0000675f : 00000001;
00006760 : 00000004;
00006761 : 00000004;
00006762 : 00000003;
00006763 : 00000001;
00006764 : 00000004;
00006765 : 00000004;
00006766 : 00000002;
00006767 : 00000001;
00006768 : 00000004;
00006769 : 00000006;
0000676a : fffffff8;
0000676b : 00000002;
0000676c : 10017ad4;
0000676d : 00000004;
0000676e : 00000000;
0000676f : 00000007;
00006770 : 00000002;
00006771 : 1001beec;
00006772 : 00000004;
00006773 : 00000000;
00006774 : 00000001;
00006775 : 00000002;
00006776 : 00000004;
00006777 : 00000001;
00006778 : 00000001;
00006779 : 00000002;
0000677a : 00000004;
0000677b : 00000002;
0000677c : 00000001;
0000677d : 00000002;
0000677e : 00000004;
0000677f : 00000003;
00006780 : 00000001;
00006781 : 00000003;
00006782 : 00000004;
00006783 : 00000004;
00006784 : 00000001;
00006785 : 00000003;
00006786 : 00000004;
00006787 : 00000005;
00006788 : 00000001;
00006789 : 00000005;
0000678a : 00000004;
0000678b : 00000006;
0000678c : 00000001;
0000678d : 00000005;
0000678e : 00000004;
0000678f : 00000007;
00006790 : 00000001;
00006791 : 00000005;
00006792 : 00000004;
00006793 : 00000008;
00006794 : 00000001;
00006795 : 00000006;
00006796 : 00000004;
00006797 : 00000009;
00006798 : 00000001;
00006799 : 0000000f;
0000679a : 00000004;
0000679b : 00000008;
0000679c : 00000001;
0000679d : 00000005;
0000679e : 00000005;
0000679f : 1001e6f4;
000067a0 : 00000002;
000067a1 : 1001e6f4;
000067a2 : 00000004;
000067a3 : 00000000;
000067a4 : 00000007;
000067a5 : 00000002;
000067a6 : 1001eafc;
000067a7 : 00000004;
000067a8 : 00000000;
000067a9 : 00000007;
000067aa : 00000002;
000067ab : 10018ee4;
000067ac : 00000004;
000067ad : 00000000;
000067ae : 00000001;
000067af : 00000001;
000067b0 : 00000004;
000067b1 : 00000001;
000067b2 : 00000001;
000067b3 : 00000001;
000067b4 : 00000004;
000067b5 : 00000002;
000067b6 : 00000001;
000067b7 : 00000001;
000067b8 : 00000004;
000067b9 : 00000003;
000067ba : 00000001;
000067bb : 00000001;
000067bc : 00000004;
000067bd : 00000004;
000067be : 00000001;
000067bf : 00000001;
000067c0 : 00000004;
000067c1 : 00000005;
000067c2 : 00000001;
000067c3 : 00000001;
000067c4 : 00000004;
000067c5 : 00000006;
000067c6 : 00000001;
000067c7 : 00000003;
000067c8 : 00000004;
000067c9 : 00000007;
000067ca : 00000001;
000067cb : 00000001;
000067cc : 00000004;
000067cd : 00000008;
000067ce : 00000001;
000067cf : 00000001;
000067d0 : 00000004;
000067d1 : 00000009;
000067d2 : 00000001;
000067d3 : 00000001;
000067d4 : 00000004;
000067d5 : 0000000a;
000067d6 : 00000001;
000067d7 : 00000001;
000067d8 : 00000004;
000067d9 : 0000000b;
000067da : 00000001;
000067db : 00000001;
000067dc : 00000005;
000067dd : 10029dac;
000067de : 00000002;
000067df : 1002431c;
000067e0 : 00000003;
000067e1 : 10024924;
000067e2 : 00000004;
000067e3 : 00000000;
000067e4 : 00000001;
000067e5 : 00000004;
000067e6 : 00000004;
000067e7 : 00000001;
000067e8 : 00000001;
000067e9 : 00000004;
000067ea : 00000004;
000067eb : 00000000;
000067ec : 00000001;
000067ed : 00000004;
000067ee : 00000004;
000067ef : 00000002;
000067f0 : 00000001;
000067f1 : 00000004;
000067f2 : 00000006;
000067f3 : fffffff8;
000067f4 : 00000002;
000067f5 : 10024938;
000067f6 : 00000003;
000067f7 : 10024b40;
000067f8 : 00000004;
000067f9 : 00000000;
000067fa : 00000007;
000067fb : 00000002;
000067fc : 10024c3c;
000067fd : 00000003;
000067fe : 10025044;
000067ff : 00000004;
00006800 : 00000000;
00006801 : 00000001;
00006802 : 00000008;
00006803 : 00000004;
00006804 : 00000001;
00006805 : 00000001;
00006806 : 00000008;
00006807 : 00000006;
00006808 : fffffffc;
00006809 : 00000002;
0000680a : 10024938;
0000680b : 00000003;
0000680c : 10024b40;
0000680d : 00000004;
0000680e : 00000000;
0000680f : 00000007;
00006810 : 4c463c00;
00006811 : 3a41524f;
00006812 : 6f4c000a;
00006813 : 206d6572;
00006814 : 75737069;
00006815 : 6f64206d;
00006816 : 20726f6c;
00006817 : 20746973;
00006818 : 74656d61;
00006819 : 6556002e;
0000681a : 006f746e;
0000681b : 736e6f43;
0000681c : 65746365;
0000681d : 2c727574;
0000681e : 69646120;
0000681f : 73696c70;
00006820 : 676e6963;
00006821 : 6c65203b;
00006822 : 2e2e7469;
00006823 : 77280a2e;
00006824 : 6f6f6f68;
00006825 : 2e68736f;
00006826 : 00292e2e;
00006827 : 0a00004b;
00006828 : 020a0301;
00006829 : 06010505;
0000682a : 00004600;
0000682b : 0a030114;
0000682c : 32000502;
0000682d : 021e0000;
0000682e : 03011405;
0000682f : 00000000;
00006830 : 00000000;
00006831 : 00000000;
00006832 : 10101010;
00006833 : 00100010;
00006834 : 00002828;
00006835 : 00000000;
00006836 : 28fe2828;
00006837 : 002828fe;
00006838 : 38503c10;
00006839 : 00107814;
0000683a : 10686400;
0000683b : 00004c2c;
0000683c : 28102818;
0000683d : 003a4446;
0000683e : 00001010;
0000683f : 00000000;
00006840 : 20201008;
00006841 : 00081020;
00006842 : 08081020;
00006843 : 00201008;
00006844 : 38549210;
00006845 : 00109254;
00006846 : fe101010;
00006847 : 00101010;
00006848 : 00000000;
00006849 : 10081818;
0000684a : fe000000;
0000684b : 00000000;
0000684c : 00000000;
0000684d : 18180000;
0000684e : 10080402;
0000684f : 00804020;
00006850 : 54444438;
00006851 : 00384444;
00006852 : 10103010;
00006853 : 00381010;
00006854 : 08044438;
00006855 : 007c2010;
00006856 : 18044438;
00006857 : 00384404;
00006858 : 7c482818;
00006859 : 001c0808;
0000685a : 7840407c;
0000685b : 00384404;
0000685c : 78404438;
0000685d : 00384444;
0000685e : 1008047c;
0000685f : 00202020;
00006860 : 38444438;
00006861 : 00384444;
00006862 : 3c444438;
00006863 : 00384404;
00006864 : 00181800;
00006865 : 00001818;
00006866 : 00181800;
00006867 : 10081818;
00006868 : 20100804;
00006869 : 00040810;
0000686a : 00fe0000;
0000686b : 000000fe;
0000686c : 04081020;
0000686d : 00201008;
0000686e : 08044438;
0000686f : 00100010;
00006870 : 545c4438;
00006871 : 0038405c;
00006872 : 7c444438;
00006873 : 00444444;
00006874 : 78444478;
00006875 : 00784444;
00006876 : 40404438;
00006877 : 00384440;
00006878 : 44444478;
00006879 : 00784444;
0000687a : 7840407c;
0000687b : 007c4040;
0000687c : 7c40407c;
0000687d : 00404040;
0000687e : 5c404438;
0000687f : 00384444;
00006880 : 7c444444;
00006881 : 00444444;
00006882 : 10101038;
00006883 : 00381010;
00006884 : 0808081c;
00006885 : 00304848;
00006886 : 70484444;
00006887 : 00444448;
00006888 : 20202020;
00006889 : 003c2020;
0000688a : 92aac682;
0000688b : 00828282;
0000688c : 54546444;
0000688d : 0044444c;
0000688e : 44444438;
0000688f : 00384444;
00006890 : 38242438;
00006891 : 00202020;
00006892 : 44444438;
00006893 : 0c384444;
00006894 : 78444478;
00006895 : 00444850;
00006896 : 38404438;
00006897 : 00384404;
00006898 : 1010107c;
00006899 : 00101010;
0000689a : 44444444;
0000689b : 00384444;
0000689c : 28444444;
0000689d : 00101028;
0000689e : 54828282;
0000689f : 00282854;
000068a0 : 10284444;
000068a1 : 00444428;
000068a2 : 10284444;
000068a3 : 00101010;
000068a4 : 1008047c;
000068a5 : 007c4020;
000068a6 : 20202038;
000068a7 : 00382020;
000068a8 : 10204080;
000068a9 : 00020408;
000068aa : 08080838;
000068ab : 00380808;
000068ac : 00442810;
000068ad : 00000000;
000068ae : 00000000;
000068af : fe000000;
000068b0 : 00000810;
000068b1 : 00000000;
000068b2 : 3c043800;
000068b3 : 003a4444;
000068b4 : 24382020;
000068b5 : 00582424;
000068b6 : 201c0000;
000068b7 : 001c2020;
000068b8 : 48380808;
000068b9 : 00344848;
000068ba : 44380000;
000068bb : 0038407c;
000068bc : 70202418;
000068bd : 00202020;
000068be : 443a0000;
000068bf : 38043c44;
000068c0 : 64584040;
000068c1 : 00444444;
000068c2 : 10001000;
000068c3 : 00101010;
000068c4 : 10001000;
000068c5 : 60101010;
000068c6 : 28242020;
000068c7 : 00242830;
000068c8 : 08080818;
000068c9 : 00080808;
000068ca : 49b60000;
000068cb : 00414149;
000068cc : 24580000;
000068cd : 00242424;
000068ce : 44380000;
000068cf : 00384444;
000068d0 : 24580000;
000068d1 : 20203824;
000068d2 : 48340000;
000068d3 : 08083848;
000068d4 : 302c0000;
000068d5 : 00202020;
000068d6 : 201c0000;
000068d7 : 00380418;
000068d8 : 10381000;
000068d9 : 00101010;
000068da : 48480000;
000068db : 00344848;
000068dc : 44440000;
000068dd : 00102844;
000068de : 82820000;
000068df : 0044aa92;
000068e0 : 28440000;
000068e1 : 00442810;
000068e2 : 24240000;
000068e3 : 38041c24;
000068e4 : 043c0000;
000068e5 : 003c1008;
000068e6 : 2010100c;
000068e7 : 000c1010;
000068e8 : 10101010;
000068e9 : 00101010;
000068ea : 04080830;
000068eb : 00300808;
000068ec : 92600000;
000068ed : 0000000c;
000068ee : 243c1818;
000068ef : a55a7e3c;
000068f0 : 99ff5a81;
000068f1 : 99663cff;
000068f2 : 10280000;
000068f3 : 00000028;
000068f4 : 10081020;
000068f5 : 00081020;
000068f6 : 00000000;
000068f7 : 00000000;
000068f8 : 00000000;
000068f9 : 00000000;
000068fa : 00000000;
000068fb : 00317100;
000068fc : 737a0000;
000068fd : 00327761;
000068fe : 64786300;
000068ff : 00333465;
00006900 : 66762000;
00006901 : 00357274;
00006902 : 68626e00;
00006903 : 00367967;
00006904 : 6a6d0000;
00006905 : 00383775;
00006906 : 696b2c00;
00006907 : 0039306f;
00006908 : 6c2f2e00;
00006909 : 002d703b;
0000690a : 00270000;
0000690b : 00003d00;
0000690c : 5b0a0000;
0000690d : 00005d00;
0000690e : 00000000;
0000690f : 00080000;
00006910 : 34003100;
00006911 : 00000037;
00006912 : 35322e30;
00006913 : 00003836;
00006914 : 2d332b00;
00006915 : 0000392a;
00006916 : 00000000;
00006917 : 00000000;
00006918 : 00000000;
00006919 : 00000000;
0000691a : 00000000;
0000691b : 00000000;
0000691c : 51000000;
0000691d : 00000021;
0000691e : 5741535a;
0000691f : 43000040;
00006920 : 24454458;
00006921 : 00000023;
00006922 : 52544656;
00006923 : 4e000025;
00006924 : 59474842;
00006925 : 0000005e;
00006926 : 26554a4d;
00006927 : 3c00002a;
00006928 : 294f494b;
00006929 : 3e000028;
0000692a : 503a4c3f;
0000692b : 0000005f;
0000692c : 2b000022;
0000692d : 00000000;
0000692e : 7d007b00;
0000692f : 00000000;
00006930 : 00000000;
00006931 : 00000000;
00006932 : 00000000;
00006933 : 00000000;
00006934 : 00000000;
00006935 : 00000000;
00006936 : 00000000;
00006937 : 00000000;
00006938 : 00000000;
00006939 : 00000000;
0000693a : 00000000;
0000693b : 00000000;
0000693c : 00000000;
0000693d : 00000000;
0000693e : 00000000;
0000693f : 00000000;
00006940 : 00000000;
00006941 : 00000000;
00006942 : 00000000;
00006943 : 00000000;
00006944 : 00000000;
00006945 : 00000000;
00006946 : 00000000;
00006947 : 00000000;
00006948 : 00000000;
00006949 : 00000000;
0000694a : 00000000;
0000694b : 00000000;
0000694c : 00000000;
0000694d : 00000000;
0000694e : 00000000;
0000694f : 00000000;
00006950 : 00000000;
00006951 : 00000000;
00006952 : 00000000;
00006953 : 00000000;
00006954 : 00000000;
00006955 : 00000000;
00006956 : 00000000;
00006957 : 00000000;
00006958 : 00000000;
00006959 : 00000000;
0000695a : 00000000;
0000695b : 00000000;
0000695c : 00000000;
0000695d : 00000000;
0000695e : 00000000;
0000695f : 00000000;
00006960 : 00000000;
00006961 : 00000000;
00006962 : 00000000;
00006963 : 00000000;
00006964 : 00000000;
00006965 : 00000000;
00006966 : 00000000;
00006967 : 00000000;
00006968 : 00000000;
00006969 : 00000000;
0000696a : 00000000;
0000696b : 00000000;
0000696c : 00000000;
0000696d : 00000000;
0000696e : 00000000;
0000696f : 00000000;
00006970 : 00000000;
00006971 : 00000000;
00006972 : 00000000;
00006973 : 00000000;
00006974 : 00000000;
00006975 : 00000000;
00006976 : 00000000;
00006977 : 00000000;
00006978 : 00000000;
00006979 : 00000000;
0000697a : 00000000;
0000697b : 00000000;
0000697c : 00000000;
0000697d : 00000000;
0000697e : 00000000;
0000697f : 00000000;
00006980 : 00000000;
00006981 : 00000000;
00006982 : 00000000;
00006983 : 00000000;
00006984 : 00000000;
00006985 : 00000000;
00006986 : 00000000;
00006987 : 00000000;
00006988 : 00000000;
00006989 : 00000000;
0000698a : 00000000;
0000698b : 00000000;
0000698c : 00000000;
0000698d : 00000000;
0000698e : 00000000;
0000698f : 00000000;
00006990 : 00000000;
00006991 : 00000000;
00006992 : 00000000;
00006993 : 00000000;
00006994 : 00000000;
00006995 : 00000000;
00006996 : 00000000;
00006997 : 00000000;
00006998 : 00000000;
00006999 : 00000000;
0000699a : 00000000;
0000699b : 00000000;
0000699c : 00000000;
0000699d : 00000000;
0000699e : 00000000;
0000699f : 00000000;
000069a0 : 00000000;
000069a1 : 00000000;
000069a2 : 00000000;
000069a3 : 00000000;
000069a4 : 00000000;
000069a5 : 00000000;
000069a6 : 00000000;
000069a7 : 00000000;
000069a8 : 00000000;
000069a9 : 00000000;
000069aa : 00000000;
000069ab : 00000000;
000069ac : 00000000;
000069ad : 00000000;
000069ae : 00000000;
000069af : 00000000;
000069b0 : 00000000;
000069b1 : 00000000;
000069b2 : 00000000;
000069b3 : 00000000;
000069b4 : 00000000;
000069b5 : 00000000;
000069b6 : 00000000;
000069b7 : 00000000;
000069b8 : 00000000;
000069b9 : 33323130;
000069ba : 37363534;
000069bb : 42413938;
000069bc : 46454443;
000069bd : 2b002020;
000069be : 6e736564;
000069bf : 006d726f;
000069c0 : 7365642d;
000069c1 : 6d726f6e;
000069c2 : 302e3000;
000069c3 : 30303030;
000069c4 : 00303030;
000069c5 : 666e492b;
000069c6 : 74696e69;
000069c7 : 492d0079;
000069c8 : 6e69666e;
000069c9 : 00797469;
000069ca : 004e614e;
000069cb : 6f727245;
000069cc : 30203a72;
000069cd : 736e4920;
000069ce : 63757274;
000069cf : 6e6f6974;
000069d0 : 64646120;
000069d1 : 73736572;
000069d2 : 73696d20;
000069d3 : 67696c61;
000069d4 : 2064656e;
000069d5 : 72724500;
000069d6 : 203a726f;
000069d7 : 6e492031;
000069d8 : 75727473;
000069d9 : 6f697463;
000069da : 6361206e;
000069db : 73736563;
000069dc : 75616620;
000069dd : 0020746c;
000069de : 6f727245;
000069df : 32203a72;
000069e0 : 656c4920;
000069e1 : 206c6167;
000069e2 : 74736e49;
000069e3 : 74637572;
000069e4 : 206e6f69;
000069e5 : 72724500;
000069e6 : 203a726f;
000069e7 : 6f4c2034;
000069e8 : 61206461;
000069e9 : 65726464;
000069ea : 6d207373;
000069eb : 6c617369;
000069ec : 656e6769;
000069ed : 45002064;
000069ee : 726f7272;
000069ef : 2035203a;
000069f0 : 64616f4c;
000069f1 : 63636120;
000069f2 : 20737365;
000069f3 : 6c756166;
000069f4 : 45002074;
000069f5 : 726f7272;
000069f6 : 2036203a;
000069f7 : 726f7453;
000069f8 : 64612065;
000069f9 : 73657264;
000069fa : 696d2073;
000069fb : 696c6173;
000069fc : 64656e67;
000069fd : 72450020;
000069fe : 3a726f72;
000069ff : 53203720;
00006a00 : 65726f74;
00006a01 : 63636120;
00006a02 : 20737365;
00006a03 : 6c756166;
00006a04 : 45002074;
00006a05 : 726f7272;
00006a06 : 6e55203a;
00006a07 : 776f6e6b;
00006a08 : 4500206e;
00006a09 : 726f7272;
00006a0a : 6345203a;
00006a0b : 206c6c61;
00006a0c : 3a435000;
00006a0d : 64410020;
00006a0e : 3a737264;
00006a0f : 6e490020;
00006a10 : 3a727473;
00006a11 : 4c460020;
00006a12 : 2c41524f;
00006a13 : 45485420;
00006a14 : 54495720;
00006a15 : 31004843;
00006a16 : 49202d20;
00006a17 : 6963696e;
00006a18 : 6a207261;
00006a19 : 006f676f;
00006a1a : 20435345;
00006a1b : 6153202d;
00006a1c : 64207269;
00006a1d : 6f4a206f;
00006a1e : 00006f67;
00006a1f : 00000000;
00006a20 : 00000000;
00006a21 : 00000000;
00006a22 : 00000000;
00006a23 : 00000000;
00006a24 : 00000000;
00006a25 : 00000000;
00006a26 : 00000000;
00006a27 : 00000000;
00006a28 : 00000000;
00006a29 : 00000000;
00006a2a : 00000000;
00006a2b : 00000000;
00006a2c : 00000000;
00006a2d : 00000000;
00006a2e : 00000000;
00006a2f : 00000000;
00006a30 : 00000000;
00006a31 : 00000000;
00006a32 : 00000000;
00006a33 : 00000000;
00006a34 : 00000000;
00006a35 : 00000000;
00006a36 : 00000000;
00006a37 : 00000000;
00006a38 : 00000000;
00006a39 : 00000000;
00006a3a : 00000000;
00006a3b : 00000000;
00006a3c : 00000000;
00006a3d : 00000000;
00006a3e : 00000000;
00006a3f : 00000000;
00006a40 : 00000000;
00006a41 : 00000000;
00006a42 : 00000000;
00006a43 : 00000000;
00006a44 : 00000000;
00006a45 : 00000000;
00006a46 : 00000000;
00006a47 : 00000000;
00006a48 : 00000000;
00006a49 : 00000000;
00006a4a : 00000000;
00006a4b : 00000000;
00006a4c : 00000000;
00006a4d : 00000000;
00006a4e : 00000000;
00006a4f : 00000000;
00006a50 : 00000000;
00006a51 : 00000000;
00006a52 : 00000000;
00006a53 : 00000000;
00006a54 : 00000000;
00006a55 : 00000000;
00006a56 : 00000000;
00006a57 : 00000000;
00006a58 : 00000000;
00006a59 : 00000000;
00006a5a : 00000000;
00006a5b : 00000000;
00006a5c : 00000000;
00006a5d : 00000000;
00006a5e : 00000000;
00006a5f : 00000000;
00006a60 : 00000000;
00006a61 : 00000000;
00006a62 : 00000000;
00006a63 : 00000000;
00006a64 : 00000000;
00006a65 : 00000000;
00006a66 : 00000000;
00006a67 : 00000000;
00006a68 : 00000000;
00006a69 : 00000000;
00006a6a : 00000000;
00006a6b : 00000000;
00006a6c : 00000000;
00006a6d : 00000000;
00006a6e : 00000000;
00006a6f : 00000000;
00006a70 : 00000000;
00006a71 : 00000000;
00006a72 : 00000000;
00006a73 : 00000000;
00006a74 : 00000000;
00006a75 : 00000000;
00006a76 : 00000000;
00006a77 : 00000000;
00006a78 : 00000000;
00006a79 : 00000000;
00006a7a : 00000000;
00006a7b : 00000000;
00006a7c : 00000000;
00006a7d : 00000000;
00006a7e : 00000000;
00006a7f : 00000000;
00006a80 : 00000000;
00006a81 : 00000000;
00006a82 : 00000000;
00006a83 : 00000000;
00006a84 : 00000000;
00006a85 : 00000000;
00006a86 : 00000000;
00006a87 : 00000000;
00006a88 : 00000000;
00006a89 : 00000000;
00006a8a : 00000000;
00006a8b : 00000000;
00006a8c : 00000000;
00006a8d : 00000000;
00006a8e : 00000000;
00006a8f : 00000000;
00006a90 : 00000000;
00006a91 : 00000000;
00006a92 : 00000000;
00006a93 : 00000000;
00006a94 : 00000000;
00006a95 : 00000000;
00006a96 : 00000000;
00006a97 : 00000000;
00006a98 : 00000000;
00006a99 : 00000000;
00006a9a : 00000000;
00006a9b : 00000000;
00006a9c : 00000000;
00006a9d : 00000000;
00006a9e : 00000000;
00006a9f : 00000000;
00006aa0 : 00000000;
00006aa1 : 00000000;
00006aa2 : 00000000;
00006aa3 : 00000000;
00006aa4 : 00000000;
00006aa5 : 00000000;
00006aa6 : 00000000;
00006aa7 : 00000000;
00006aa8 : 00000000;
00006aa9 : 00000000;
00006aaa : 00000000;
00006aab : 00000000;
00006aac : 00000000;
00006aad : 00000000;
00006aae : 00000000;
00006aaf : 00000000;
00006ab0 : 00000000;
00006ab1 : 00000000;
00006ab2 : 00000000;
00006ab3 : 00000000;
00006ab4 : 00000000;
00006ab5 : 00000000;
00006ab6 : 00000000;
00006ab7 : 00000000;
00006ab8 : 00000000;
00006ab9 : 00000000;
00006aba : 00000000;
00006abb : 00000000;
00006abc : 00000000;
00006abd : 00000000;
00006abe : 00000000;
00006abf : 00000000;
00006ac0 : 00000000;
00006ac1 : 00000000;
00006ac2 : 00000000;
00006ac3 : 00000000;
00006ac4 : 00000000;
00006ac5 : 00000000;
00006ac6 : 00000000;
00006ac7 : 00000000;
00006ac8 : 00000000;
00006ac9 : 00000000;
00006aca : 00000000;
00006acb : 00000000;
00006acc : 00000000;
00006acd : 00000000;
00006ace : 00000000;
00006acf : 00000000;
00006ad0 : 00000000;
00006ad1 : 00000000;
00006ad2 : 00000000;
00006ad3 : 00000000;
00006ad4 : 00000000;
00006ad5 : 00000000;
00006ad6 : 00000000;
00006ad7 : 00000000;
00006ad8 : 00000000;
00006ad9 : 00000000;
00006ada : 00000000;
00006adb : 00000000;
00006adc : 00000000;
00006add : 00000000;
00006ade : 00000000;
00006adf : 00000000;
00006ae0 : 00000000;
00006ae1 : 00000000;
00006ae2 : 00000000;
00006ae3 : 00000000;
00006ae4 : 00000000;
00006ae5 : 00000000;
00006ae6 : 00000000;
00006ae7 : 00000000;
00006ae8 : 00000000;
00006ae9 : 00000000;
00006aea : 00000000;
00006aeb : 00000000;
00006aec : 00000000;
00006aed : 00000000;
00006aee : 00000000;
00006aef : 00000000;
00006af0 : 00000000;
00006af1 : 00000000;
00006af2 : 00000000;
00006af3 : 00000000;
00006af4 : 00000000;
00006af5 : 00000000;
00006af6 : 00000000;
00006af7 : 00000000;
00006af8 : 00000000;
00006af9 : 00000000;
00006afa : 00000000;
00006afb : 00000000;
00006afc : 00000000;
00006afd : 00000000;
00006afe : 00000000;
00006aff : 00000000;
00006b00 : 00000000;
00006b01 : 00000000;
00006b02 : 00000000;
00006b03 : 00000000;
00006b04 : 00000000;
00006b05 : 00000000;
00006b06 : 00000000;
00006b07 : 00000000;
00006b08 : 00000000;
00006b09 : 00000000;
00006b0a : 00000000;
00006b0b : 00000000;
00006b0c : 00000000;
00006b0d : 00000000;
00006b0e : 00000000;
00006b0f : 00000000;
00006b10 : 00000000;
00006b11 : 00000000;
00006b12 : 00000000;
00006b13 : 00000000;
00006b14 : 00000000;
00006b15 : 00000000;
00006b16 : 00000000;
00006b17 : 00000000;
00006b18 : 00000000;
00006b19 : 00000000;
00006b1a : 00000000;
00006b1b : 00000000;
00006b1c : 00000000;
00006b1d : 00000000;
00006b1e : 00000000;
00006b1f : 00000000;
00006b20 : 00000000;
00006b21 : 00000000;
00006b22 : 00000000;
00006b23 : 00000000;
00006b24 : 00000000;
00006b25 : 00000000;
00006b26 : 00000000;
00006b27 : 00000000;
00006b28 : 00000000;
00006b29 : 00000000;
00006b2a : 00000000;
00006b2b : 00000000;
00006b2c : 00000000;
00006b2d : 00000000;
00006b2e : 00000000;
00006b2f : 00000000;
00006b30 : 00000000;
00006b31 : 00000000;
00006b32 : 00000000;
00006b33 : 00000000;
00006b34 : 00000000;
00006b35 : 00000000;
00006b36 : 00000000;
00006b37 : 00000000;
00006b38 : 00000000;
00006b39 : 00000000;
00006b3a : 00000000;
00006b3b : 00000000;
00006b3c : 00000000;
00006b3d : 00000000;
00006b3e : 00000000;
00006b3f : 00000000;
00006b40 : 00000000;
00006b41 : 00000000;
00006b42 : 00000000;
00006b43 : 00000000;
00006b44 : 00000000;
00006b45 : 00000000;
00006b46 : 00000000;
00006b47 : 00000000;
00006b48 : 00000000;
00006b49 : 00000000;
00006b4a : 00000000;
00006b4b : 00000000;
00006b4c : 00000000;
00006b4d : 00000000;
00006b4e : 00000000;
00006b4f : 00000000;
00006b50 : 00000000;
00006b51 : 00000000;
00006b52 : 00000000;
00006b53 : 00000000;
00006b54 : 00000000;
00006b55 : 00000000;
00006b56 : 00000000;
00006b57 : 00000000;
00006b58 : 00000000;
00006b59 : 00000000;
00006b5a : 00000000;
00006b5b : 00000000;
00006b5c : 00000000;
00006b5d : 00000000;
00006b5e : 00000000;
00006b5f : 00000000;
00006b60 : 00000000;
00006b61 : 00000000;
00006b62 : 00000000;
00006b63 : 00000000;
00006b64 : 00000000;
00006b65 : 00000000;
00006b66 : 00000000;
00006b67 : 00000000;
00006b68 : 00000000;
00006b69 : 00000000;
00006b6a : 00000000;
00006b6b : 00000000;
00006b6c : 00000000;
00006b6d : 00000000;
00006b6e : 00000000;
00006b6f : 00000000;
00006b70 : 00000000;
00006b71 : 00000000;
00006b72 : 00000000;
00006b73 : 00000000;
00006b74 : 00000000;
00006b75 : 00000000;
00006b76 : 00000000;
00006b77 : 00000000;
00006b78 : 00000000;
00006b79 : 00000000;
00006b7a : 00000000;
00006b7b : 00000000;
00006b7c : 00000000;
00006b7d : 00000000;
00006b7e : 00000000;
00006b7f : 00000000;
00006b80 : 00000000;
00006b81 : 00000000;
00006b82 : 00000000;
00006b83 : 00000000;
00006b84 : 00000000;
00006b85 : 00000000;
00006b86 : 00000000;
00006b87 : 00000000;
00006b88 : 00000000;
00006b89 : 00000000;
00006b8a : 00000000;
00006b8b : 00000000;
00006b8c : 00000000;
00006b8d : 00000000;
00006b8e : 00000000;
00006b8f : 00000000;
00006b90 : 00000000;
00006b91 : 00000000;
00006b92 : 00000000;
00006b93 : 00000000;
00006b94 : 00000000;
00006b95 : 00000000;
00006b96 : 00000000;
00006b97 : 00000000;
00006b98 : 00000000;
00006b99 : 00000000;
00006b9a : 00000000;
00006b9b : 00000000;
00006b9c : 00000000;
00006b9d : 00000000;
00006b9e : 00000000;
00006b9f : 00000000;
00006ba0 : 00000000;
00006ba1 : 00000000;
00006ba2 : 00000000;
00006ba3 : 00000000;
00006ba4 : 00000000;
00006ba5 : 00000000;
00006ba6 : 00000000;
00006ba7 : 00000000;
00006ba8 : 00000000;
00006ba9 : 00000000;
00006baa : 00000000;
00006bab : 00000000;
00006bac : 00000000;
00006bad : 00000000;
00006bae : 00000000;
00006baf : 00000000;
00006bb0 : 00000000;
00006bb1 : 00000000;
00006bb2 : 00000000;
00006bb3 : 00000000;
00006bb4 : 00000000;
00006bb5 : 00000000;
00006bb6 : 00000000;
00006bb7 : 00000000;
00006bb8 : 00000000;
00006bb9 : 00000000;
00006bba : 00000000;
00006bbb : 00000000;
00006bbc : 00000000;
00006bbd : 00000000;
00006bbe : 00000000;
00006bbf : 00000000;
00006bc0 : 00000000;
00006bc1 : 00000000;
00006bc2 : 00000000;
00006bc3 : 00000000;
00006bc4 : 00000000;
00006bc5 : 00000000;
00006bc6 : 00000000;
00006bc7 : 00000000;
00006bc8 : 00000000;
00006bc9 : 00000000;
00006bca : 00000000;
00006bcb : 00000000;
00006bcc : 00000000;
00006bcd : 00000000;
00006bce : 00000000;
00006bcf : 00000000;
00006bd0 : 00000000;
00006bd1 : 00000000;
00006bd2 : 00000000;
00006bd3 : 00000000;
00006bd4 : 00000000;
00006bd5 : 00000000;
00006bd6 : 00000000;
00006bd7 : 00000000;
00006bd8 : 00000000;
00006bd9 : 00000000;
00006bda : 00000000;
00006bdb : 00000000;
00006bdc : 00000000;
00006bdd : 00000000;
00006bde : 00000000;
00006bdf : 00000000;
00006be0 : 00000000;
00006be1 : 00000000;
00006be2 : 00000000;
00006be3 : 00000000;
00006be4 : 00000000;
00006be5 : 00000000;
00006be6 : 00000000;
00006be7 : 00000000;
00006be8 : 00000000;
00006be9 : 00000000;
00006bea : 00000000;
00006beb : 00000000;
00006bec : 00000000;
00006bed : 00000000;
00006bee : 00000000;
00006bef : 00000000;
00006bf0 : 00000000;
00006bf1 : 00000000;
00006bf2 : 00000000;
00006bf3 : 00000000;
00006bf4 : 00000000;
00006bf5 : 00000000;
00006bf6 : 00000000;
00006bf7 : 00000000;
00006bf8 : 00000000;
00006bf9 : 00000000;
00006bfa : 00000000;
00006bfb : 00000000;
00006bfc : 00000000;
00006bfd : 00000000;
00006bfe : 00000000;
00006bff : 00000000;
END;
